index	x	v	a
u	0.34043755006707377	1.3001202346439187	1.9501169646615248
