state	expected_discomfort
exposed-1	3.413333330894871
exposed-2	4.2666666644790086
exposed-3	5.333333331371289
symptoms-1	6.666666664907496
symptoms-2	4.999999999899906
symptoms-3	1.6666666666638525
recovered	-0.0
