state	expected_sick_days
exposed-1	1.2499999991924116
exposed-2	2.499999998840335
exposed-3	4.999999998335294
symptoms-1	9.999999997611043
symptoms-2	6.666666666528787
symptoms-3	3.3333333333293935
recovered	-0.0
