state	expected_discomfort
exposed-1	0.7499999992480673
exposed-2	1.4999999988488453
exposed-3	2.9999999982380285
symptoms-1	5.99999999730365
symptoms-2	4.49999999983822
symptoms-3	1.4999999999951945
recovered	-0.0
