state	speed_discomfort	minimize_discomfort
exposed-1	0.8333333325041214	0.7499999992480673
exposed-2	1.666666665476011	1.4999999988488453
exposed-3	3.333333331624225	2.9999999982380285
symptoms-1	6.666666664214111	5.99999999730365
symptoms-2	4.999999999858732	4.49999999983822
symptoms-3	1.6666666666626466	1.4999999999951945
recovered	-0.0	-0.0
