asset	estimated_return
AAPL	0.014623978689285477
SPY	0.016418229550944057
TSLA	0.04751038980526426
ZM	0.014055468082942132
DT	-0.011047283965226936
BUD	0.009606558208144106
