asset	estimated_return
AAPL	0.019069312401071556
SPY	0.01666598480268131
TSLA	0.04963986709969106
ZM	0.014923546137075304
DT	-0.008969466564863995
BUD	0.00605932667318648
