asset	allocation
AAPL	3.2611919287483687e-10
SPY	6.45465945560748e-11
TSLA	0.9999999975761275
ZM	3.942696519278898e-10
DT	8.875453550507277e-10
BUD	7.513917345085882e-10
