asset	allocation
AAPL	5.986943850829209e-11
SPY	4.1460074546919344e-10
TSLA	0.9999999970274949
ZM	5.962466301133884e-10
DT	9.216744805763648e-10
BUD	9.801140106431678e-10
