asset	allocation
AAPL	0.09926192089537324
SPY	0.6668797043699807
TSLA	8.335126721053541e-21
ZM	0.08212771338569723
DT	-4.886174791427755e-20
BUD	0.15173066134894878
