asset	allocation
AAPL	0.09527648666365753
SPY	0.6696317446558945
TSLA	-6.859548394968007e-22
ZM	0.08170216902300896
DT	-4.1933143305942504e-20
BUD	0.15338959965743898
