Message ID	ham	spam
1	1.0	0.0
2	0.999999999998544	1.455925914098641e-12
3	1.0	0.0
4	1.0	0.0
5	1.0	2.996668556917333e-42
6	1.0	3.847664691267069e-39
7	1.0	0.0
8	1.0	0.0
9	1.0	0.0
10	1.0	0.0
11	1.0	0.0
12	1.0	0.0
13	1.0	3.018246022766608e-32
14	1.0	2.7547021790017376e-33
15	1.0	0.0
16	1.0	0.0
17	1.0	0.0
18	1.0	0.0
19	1.0	8.681998565492905e-23
20	1.0	1.628711842340508e-21
21	1.0	0.0
22	1.0	0.0
23	1.0	0.0
24	1.0	0.0
25	1.0	5.77028251001499e-38
26	1.0	0.0
27	1.0	0.0
28	1.0	0.0
29	1.0	5.486819182827429e-36
31	1.0	0.0
32	1.0	3.6061353087064764e-25
33	1.0	0.0
34	1.0	5.007671666782233e-18
35	1.0	0.0
36	1.0	0.0
37	1.0	0.0
38	1.0	0.0
39	1.0	0.0
40	1.0	0.0
41	1.0	1.3497321874810241e-20
42	1.0	1.2812697052743316e-34
43	1.0	0.0
44	1.0	0.0
45	1.0	0.0
46	1.0	0.0
47	0.9999999890072097	1.0992790340988105e-08
48	1.0	0.0
49	1.0	0.0
50	1.0	0.0
51	1.0	2.540397657990247e-18
52	1.0	0.0
53	1.0	0.0
54	0.9999999998177939	1.8220612597442785e-10
55	0.9999999998936945	1.0630557529684778e-10
56	1.0	0.0
57	1.0	9.76830400077913e-28
58	1.0	2.6433801894906255e-32
59	1.0	1.8104204205021065e-24
61	0.9999999983393054	1.6606945571447256e-09
62	1.0	5.1927856827399066e-20
63	1.0	0.0
64	1.0	8.473545465700122e-18
65	0.9999999999999999	8.017962606137778e-17
66	1.0	2.7776379911926856e-24
67	0.9943566871550173	0.005643312844982658
68	1.0	3.8513015571343104e-39
69	1.0	0.0
70	1.0	0.0
71	1.0	0.0
72	1.0	6.206966093005987e-20
73	1.0	6.930414404958752e-29
74	0.9999999999999999	7.656496408883194e-17
75	0.9999999999999953	4.696787178973884e-15
76	1.0	3.5657642705299218e-37
77	1.0	0.0
78	0.9999999996001967	3.998033390813139e-10
79	1.0	0.0
80	0.999999999999944	5.5970391822686585e-14
81	1.0	0.0
82	0.9999999999850876	1.491242754400022e-11
83	0.999999999995554	4.445982931792766e-12
84	1.0	0.0
85	1.0	0.0
86	0.999996262854097	3.7371459029098274e-06
87	1.0	0.0
88	1.0	2.9246092184396338e-18
89	0.9992314076108808	0.0007685923891191645
91	0.9968647535908599	0.0031352464091400824
92	1.0	0.0
93	1.0	2.8242496815503817e-32
94	1.0	1.1283918992130674e-24
95	1.0	0.0
96	0.9999999961419748	3.85802517979977e-09
97	0.999999998469703	1.5302970261890523e-09
98	1.0	2.314233845374066e-18
99	1.0	0.0
100	1.0	0.0
101	1.0	0.0
102	1.0	0.0
103	1.0	0.0
104	1.0	0.0
105	1.0	0.0
106	0.689278808078418	0.310721191921582
107	3.110902646596969e-10	0.9999999996889097
108	1.0	1.4431474364010484e-17
109	1.0	0.0
110	1.0	0.0
111	1.0	0.0
112	1.0	0.0
113	0.9999999994194728	5.805271689335384e-10
114	1.0	0.0
115	0.9999999323124328	6.768756721907129e-08
116	1.0	0.0
117	0.9999999999994449	5.550941156156986e-13
118	0.9999999999782824	2.1717674737069122e-11
119	1.0	3.315756812496477e-29
121	1.0	5.822971574846394e-30
122	1.0	5.2835158741863e-19
123	1.0	0.0
124	1.0	0.0
125	1.0	0.0
126	0.0	1.0
127	0.9999914836508541	8.516349145839428e-06
128	1.0	6.245083126724313e-43
129	1.0	0.0
130	0.999999999999971	2.896256223311934e-14
131	0.296894981368235	0.703105018631765
132	1.0	0.0
133	1.0	7.479326161517445e-38
134	1.0	2.751048218880258e-29
135	1.0	0.0
136	1.0	0.0
137	0.999999999986473	1.3526970884161408e-11
138	0.9999999999998315	1.6850556112464976e-13
139	1.0	2.1982277329476267e-25
140	1.0	1.1036100741720266e-38
141	1.0	1.6866874367400307e-17
142	1.0	5.77866357563955e-26
143	1.0	0.0
144	1.0	0.0
145	0.9999999999999999	1.0018778594091505e-16
146	1.0	4.4907177839766774e-33
147	1.0	0.0
148	1.0	0.0
149	1.0	0.0
151	1.0	0.0
152	1.0	0.0
153	1.0	0.0
154	1.0	0.0
155	0.2895349514414596	0.7104650485585404
156	0.9999999999461172	5.388282940482518e-11
157	1.0	1.2223254221766239e-24
158	1.0	0.0
159	1.0	0.0
160	1.0	0.0
161	1.0	0.0
162	1.0	0.0
163	1.0	0.0
164	0.9999999999999999	9.941441617781598e-17
165	1.0	0.0
166	1.0	0.0
167	0.9999999999999997	2.911660367688472e-16
168	1.0	0.0
169	1.0	1.889345578542846e-24
170	1.0	0.0
171	1.0	6.084226043035434e-22
172	1.0	0.0
173	0.9999999828211017	1.7178898277360126e-08
174	1.0	6.534276578874488e-22
175	1.0	0.0
176	1.0	0.0
177	1.0	0.0
178	1.0	0.0
179	1.0	0.0
181	1.0	0.0
182	1.0	0.0
183	0.9999998736256978	1.2637430226659044e-07
184	1.0	1.83411934254708e-17
185	1.0	0.0
186	1.0	2.954432372654872e-32
187	1.0	1.0567447339707233e-34
188	0.9999999999999776	2.2436169687610115e-14
189	1.0	5.286522934726516e-17
190	0.9999954425650519	4.557434948110445e-06
191	1.0	0.0
192	0.9999999999999952	4.752594369789712e-15
193	1.0	0.0
194	1.0	0.0
195	1.0	0.0
196	1.0	0.0
197	1.0	9.214354155331487e-34
198	1.0	0.0
199	0.9344700657234859	0.06552993427651405
200	1.0	2.2153464106016907e-24
201	1.0	0.0
202	1.0	4.003662669929755e-21
203	1.0	0.0
204	1.0	0.0
205	1.0	0.0
206	1.0	0.0
207	1.0	1.8657528636659848e-22
208	0.9999999999763594	2.364065471126014e-11
209	1.0	0.0
211	0.9999999999978191	2.180943549008536e-12
212	1.0	0.0
213	1.0	0.0
214	1.0	2.5056234492733325e-20
215	0.9999999999999988	1.271721967177401e-15
216	1.0	0.0
217	1.0	0.0
218	1.0	0.0
219	0.9984188767112583	0.0015811232887417493
220	1.0	3.720507983755552e-33
221	1.0	4.074657987285432e-34
222	1.0	3.5006408468521006e-25
223	0.9999999999999211	7.898408615304108e-14
224	1.0	5.0575634092010664e-39
225	0.7158128916763247	0.28418710832367533
226	1.0	3.4658978190467645e-24
227	1.0	1.1306580685856907e-40
228	1.0	0.0
229	1.0	0.0
230	1.0	0.0
231	1.0	0.0
232	0.9999999999997162	2.8378330642666306e-13
233	0.9999999999660074	3.399253197957841e-11
234	1.0	1.7338340761668534e-28
235	1.0	0.0
236	1.0	0.0
237	1.0	1.7061654378212532e-31
238	0.7743791765172414	0.22562082348275858
239	1.0	0.0
241	1.0	0.0
242	1.0	2.3772099336438858e-29
243	1.0	8.438749180715955e-19
244	1.0	8.388450051648436e-20
245	1.0	0.0
246	1.0	5.138860511587559e-20
247	1.0	0.0
248	1.0	0.0
249	0.0	1.0
250	0.9999999998788404	1.2115960661215552e-10
251	0.0521537028593515	0.9478462971406485
252	0.0	1.0
253	1.0	0.0
254	1.0	0.0
255	0.999999999999541	4.589252067318688e-13
256	1.0	0.0
257	1.0	0.0
258	1.0	0.0
259	1.0	1.2675364014543766e-23
260	0.9999999999998703	1.2965446313085341e-13
261	1.0	0.0
262	0.9999899187226721	1.0081277327936058e-05
263	1.0	1.428663430461537e-38
264	0.9999999999926671	7.33294265657015e-12
265	1.0	0.0
266	1.0	0.0
267	1.0	1.5671482820798238e-43
268	1.0	9.928970038100236e-35
269	1.0	0.0
271	1.0	0.0
272	1.0	0.0
273	1.0	2.191329219316153e-40
274	1.0	0.0
275	1.0	0.0
276	1.0	0.0
277	1.0	2.975920082046449e-31
278	1.0	0.0
279	0.9999999999999156	8.436092616552895e-14
280	0.9999987838242447	1.2161757553332314e-06
281	1.0	0.0
282	1.0	7.942321457415519e-41
283	1.0	1.6235925957001052e-30
284	0.9150617562962758	0.08493824370372415
285	1.0	0.0
286	1.0	0.0
287	1.0	0.0
288	1.0	0.0
289	1.0	0.0
290	0.9940377499954376	0.005962250004562448
291	1.0	0.0
292	1.0	0.0
293	1.0	8.32389638644459e-32
294	1.0	0.0
295	1.0	0.0
296	1.0	0.0
297	1.0	2.898235183609437e-19
298	1.0	4.3268632095899157e-20
299	1.0	0.0
301	1.0	1.096013781219645e-22
302	1.0	4.314445331830274e-22
303	1.0	0.0
304	0.8678993494104731	0.13210065058952689
305	1.0	0.0
306	1.0	0.0
307	1.0	6.654364374070075e-38
308	1.0	1.049012451094534e-30
309	0.9999467001501201	5.3299849879925115e-05
310	1.0	0.0
311	1.0	0.0
312	1.0	2.676124432966864e-24
313	1.0	1.649294724514248e-18
314	1.0	0.0
315	1.0	1.5938582454748914e-27
316	1.0	0.0
317	0.999999999999973	2.697085170028256e-14
318	1.0	3.8869271773586364e-35
319	0.9999999999988238	1.176164830498518e-12
320	1.0	2.2168503013927913e-40
321	1.0	0.0
322	1.0	0.0
323	0.9999999999913533	8.646782842298549e-12
324	1.0	0.0
325	1.0	3.906755631760616e-37
326	1.0	0.0
327	1.0	0.0
328	8.129332790340893e-05	0.9999187066720966
329	1.0	0.0
331	0.9999980865406073	1.9134593927523877e-06
332	1.0	0.0
333	1.0	0.0
334	1.0	0.0
335	1.0	9.216315230057226e-25
336	1.0	0.0
337	0.9376308763251245	0.06236912367487543
338	1.0	0.0
339	1.0	5.193140164617748e-17
340	1.0	0.0
341	1.0	1.839084850086936e-17
342	1.0	4.068404808218062e-34
343	0.9999999999961751	3.824977412902775e-12
344	1.0	0.0
345	1.0	0.0
346	1.0	6.498088546338357e-39
347	0.9999909941725926	9.00582740739925e-06
348	1.0	0.0
349	1.0	0.0
350	0.9999999999999986	1.4854741718087057e-15
351	1.0	0.0
352	1.0	0.0
353	1.0	0.0
354	1.0	0.0
355	1.0	2.774053572719228e-29
356	1.0	1.3264258626195148e-31
357	0.9999999999938111	6.188915980677554e-12
358	0.9999999993746443	6.253556656910059e-10
359	1.0	0.0
361	0.9975858961185476	0.002414103881452362
362	0.9995628712586286	0.00043712874137134757
363	1.0	5.266254265351603e-33
364	1.0	0.0
365	1.0	2.536898002828974e-29
366	1.0	0.0
367	1.0	0.0
368	1.0	1.7038081848167157e-21
369	1.0	0.0
370	1.0	0.0
371	1.0	0.0
372	0.9999999999936477	6.352223408999508e-12
373	1.0	0.0
374	1.0	0.0
375	1.0	6.28020244015108e-28
376	1.0	4.80172725759711e-25
377	1.0	0.0
378	1.0	0.0
379	1.0	4.7520734171577083e-29
380	1.0	9.574578856995956e-24
381	1.0	0.0
382	1.0	6.4359863053279415e-34
383	1.0	0.0
384	1.0	4.1129444679748186e-38
385	0.9999999999539996	4.600045387500688e-11
386	1.0	0.0
387	1.0	0.0
388	1.0	0.0
389	1.0	0.0
391	1.0	3.886339895386065e-32
392	1.0	0.0
393	1.0	0.0
394	1.0	2.375057421994972e-19
395	0.9999995946335088	4.0536649109819167e-07
396	1.0	3.766227025439598e-37
397	1.0	3.9836719443286214e-30
398	1.0	3.0705616942493134e-18
399	1.0	0.0
400	1.0	1.0009206016717788e-39
401	1.0	0.0
402	1.0	3.2225602322860286e-32
403	1.0	0.0
404	1.0	0.0
405	1.0	2.1768581386427233e-26
406	1.0	0.0
407	1.0	0.0
408	1.0	0.0
409	1.0	0.0
410	0.9999999999998858	1.1427335720026174e-13
411	1.0	0.0
412	1.0	0.0
413	1.0	0.0
414	0.0899843558202621	0.9100156441797379
415	0.9999863852089647	1.36147910353781e-05
416	0.9999999998078204	1.921796416739428e-10
417	1.0	0.0
418	1.0	8.92930704721939e-20
419	1.0	0.0
421	1.0	0.0
422	0.999998766910858	1.2330891419816968e-06
423	9.559648073143023e-08	0.9999999044035193
424	1.0	0.0
425	1.0	0.0
426	1.0	8.727500743003368e-29
427	0.999828769459541	0.00017123054045893748
428	1.0	1.5935997679891858e-31
429	1.0	1.0599446176839424e-27
430	1.0	0.0
431	1.0	0.0
432	1.0	3.2051509696844244e-26
433	0.9999999999969246	3.0753758448646457e-12
434	1.0	0.0
435	1.0	0.0
436	1.0	1.8454374435174067e-18
437	1.0	2.2658724042116697e-21
438	1.0	4.405895709450976e-30
439	1.0	0.0
440	1.0	0.0
441	1.0	0.0
442	0.9999999999980091	1.9908633598698215e-12
443	1.0	5.524165461931563e-27
444	1.0	5.226606426319688e-18
445	1.0	0.0
446	1.0	0.0
447	1.0	0.0
448	0.9999999999816858	1.831419900548378e-11
449	0.9999999951118661	4.888133921587803e-09
451	1.0	0.0
452	1.0	0.0
453	1.0	6.526201398716392e-34
454	1.0	0.0
455	1.0	4.508659097854621e-25
456	0.9999999833850728	1.661492722147103e-08
457	1.0	0.0
458	1.0	4.50707207202903e-43
459	1.0	0.0
460	1.0	5.499053606310008e-25
461	0.9999999999994088	5.911684571266559e-13
462	1.0	0.0
463	1.0	0.0
464	0.999999999999999	1.0058888918560638e-15
465	1.0	1.5631604194134122e-35
466	0.9995618156722218	0.00043818432777825527
467	1.0	0.0
468	0.9999999999704899	2.9510058407565405e-11
469	1.0	0.0
470	1.0	0.0
471	1.0	0.0
472	1.0	0.0
473	1.0	0.0
474	1.0	0.0
475	1.0	2.9659357250872143e-33
476	1.0	0.0
477	1.0	0.0
478	1.0	7.372711260565086e-26
479	0.9999999999982915	1.7085435917440965e-12
481	1.0	9.298807854785363e-24
482	1.0	0.0
483	1.0	5.018212342275803e-22
484	1.0	0.0
485	0.0009061823435871919	0.9990938176564128
486	1.0	0.0
487	1.0	0.0
488	1.0	0.0
489	1.0	5.2024428229572387e-23
490	1.0	0.0
491	1.0	1.0099572810705855e-18
492	1.0	4.05777062820411e-21
493	1.0	0.0
494	0.9999993767547337	6.232452662646386e-07
495	1.0	0.0
496	1.0	0.0
497	1.0	0.0
498	1.0	3.760273950108091e-24
499	1.0	4.3288987172651027e-35
500	0.9982155525201617	0.001784447479838307
501	0.9999999993572978	6.427022540123764e-10
502	1.0	1.3484838948849738e-30
503	1.0	0.0
504	1.0	0.0
505	0.999999999998544	1.455925914098641e-12
506	1.0	1.6422108938398802e-21
507	1.0	0.0
508	1.0	0.0
509	1.0	0.0
511	1.0	2.2248537958826028e-20
512	0.9999999986059787	1.3940213316275815e-09
513	1.0	0.0
514	1.0	0.0
515	0.9999998114599312	1.8854006874337676e-07
516	1.0	0.0
517	1.0	0.0
518	1.0	0.0
519	1.0	0.0
520	0.9999999999741833	2.5816707621391098e-11
521	0.9953986837985197	0.004601316201480321
522	0.8583725568384778	0.1416274431615222
523	0.9999998696889494	1.3031105066792842e-07
524	1.0	0.0
525	0.9999999999999997	3.2339779431408933e-16
526	0.9999999999998177	1.823161462471467e-13
527	1.0	0.0
528	1.0	0.0
529	1.0	0.0
530	1.0	0.0
531	1.0	6.669806972300008e-21
532	1.0	0.0
533	1.0	1.692363490369312e-36
534	0.9998864920245689	0.0001135079754310466
535	1.0	0.0
536	1.0	5.079843963744885e-20
537	1.0	0.0
538	1.0	0.0
539	1.0	0.0
541	1.0	0.0
542	1.0	6.611473069243095e-27
543	1.0	0.0
544	1.0	0.0
545	1.0	6.643860791495934e-33
546	1.0	0.0
547	1.0	5.815399910422435e-20
548	0.9306958113676587	0.06930418863234131
549	1.0	0.0
550	1.0	0.0
551	1.0	4.684952772212409e-27
552	1.0	1.2760608980297126e-27
553	1.0	0.0
554	0.0	1.0
555	1.0	0.0
556	0.9999999999914679	8.532038296201957e-12
557	1.0	0.0
558	1.0	0.0
559	1.0	0.0
560	1.0	0.0
561	1.0	0.0
562	0.9999999999999992	7.363563852854289e-16
563	1.0	4.91165384362927e-27
564	1.0	0.0
565	1.0	0.0
566	1.0	0.0
567	1.0	0.0
568	1.0	0.0
569	1.0	0.0
571	1.0	1.6228002412673287e-19
572	1.0	2.850889832357932e-31
573	1.0	0.0
574	1.0	0.0
575	1.0	0.0
576	1.0	2.455940816464458e-41
577	1.0	0.0
578	0.9999999999640506	3.594930773087983e-11
579	0.9998997348700002	0.00010026512999979557
580	1.0	0.0
581	1.0	0.0
582	1.0	0.0
583	0.9999999095943752	9.040562475716108e-08
584	1.0	0.0
585	1.0	0.0
586	0.9999999999996324	3.6759777979821694e-13
587	1.0	1.6672493453043813e-23
588	1.0	1.1841593625050484e-18
589	1.0	6.460220938699058e-25
590	1.0	6.692552036801899e-36
591	1.0	5.2640324609154496e-20
592	1.0	2.3240489344315026e-22
593	1.0	0.0
594	1.0	0.0
595	1.0	7.853542284233386e-19
596	0.9999999998594359	1.4056409001992717e-10
597	1.0	0.0
598	1.0	0.0
599	0.9999999967178398	3.2821602640547063e-09
601	0.9999999999999999	1.4056838325963556e-16
602	1.0	0.0
603	1.0	5.579581929733927e-39
604	1.0	0.0
605	1.0	6.619425202338705e-19
606	1.0	0.0
607	1.0	1.7300698615366393e-39
608	1.0	0.0
609	0.0	1.0
610	6.260327317653136e-06	0.9999937396726823
611	1.0	0.0
612	1.0	0.0
613	1.0	0.0
614	1.0	0.0
615	1.0	0.0
616	1.0	0.0
617	1.0	0.0
618	1.0	0.0
619	1.0	1.2167549344441263e-32
620	1.0	0.0
621	0.9990629375376529	0.0009370624623471615
622	1.0	7.463262285409955e-22
623	1.0	0.0
624	0.9999999999999998	2.446665793321314e-16
625	1.0	0.0
626	1.0	0.0
627	1.0	0.0
628	1.0	1.3934824043031752e-33
629	1.0	0.0
631	1.0	1.5666787761693158e-18
632	1.0	2.0174249871321567e-30
633	0.0	1.0
634	1.0	1.9669790132268276e-17
635	1.0	0.0
636	1.0	0.0
637	1.0	1.0531377003121874e-27
638	1.0	3.79449055510546e-31
639	0.9999999999948974	5.102568800734333e-12
640	0.9999999999999982	1.7556271504488995e-15
641	1.0	1.46481067399432e-19
642	1.0	5.05834500097354e-20
643	1.0	0.0
644	1.0	0.0
645	1.0	2.96147251041305e-18
646	1.0	0.0
647	1.0	0.0
648	1.0	0.0
649	1.0	0.0
650	1.0	8.013221891866287e-39
651	1.0	0.0
652	0.999999999999999	1.0431451103765518e-15
653	1.0	0.0
654	1.0	0.0
655	1.0	0.0
656	1.0	1.5463323758786783e-20
657	1.0	0.0
658	1.0	4.437081626958485e-30
659	0.996655453470844	0.003344546529155915
661	1.0	0.0
662	1.0	0.0
663	1.0	0.0
664	1.0	0.0
665	1.0	0.0
666	1.0	5.0935014301307845e-18
667	1.0	6.867435024442111e-27
668	1.0	0.0
669	1.0	6.25855173545535e-32
670	1.0	0.0
671	1.0	4.3086471656915916e-19
672	1.0	2.902926632364074e-25
673	1.0	0.0
674	1.0	0.0
675	1.0	0.0
676	0.9999999583610991	4.163890085815946e-08
677	1.0	0.0
678	0.9995164191765826	0.0004835808234173432
679	1.0	4.446807056121191e-17
680	1.0	1.020282665425224e-18
681	1.0	0.0
682	1.0	0.0
683	0.9999999999999998	2.7362152307236224e-16
684	0.9999990362445813	9.637554187354152e-07
685	0.99999996171806	3.828193999945392e-08
686	0.9999999999980929	1.9071377485590665e-12
687	1.0	0.0
688	1.0	0.0
689	1.0	0.0
691	1.0	0.0
692	1.0	0.0
693	1.0	9.406432435482581e-29
694	1.0	0.0
695	1.0	1.952609867478603e-32
696	0.9999999999693211	3.067893447693896e-11
697	1.0	2.4335699855771796e-24
698	0.9999999999996471	3.5288609559334795e-13
699	1.0	4.874938682272702e-18
700	1.0	0.0
701	1.0	0.0
702	1.0	0.0
703	1.0	4.293484271777522e-34
704	1.0	5.086302579179305e-22
705	1.0	0.0
706	1.0	1.4536752067953815e-26
707	1.0	5.4748165764597485e-17
708	1.0	2.4298975092219543e-22
709	1.0	0.0
710	1.0	0.0
711	1.0	4.271616151762985e-41
712	1.0	0.0
713	1.0	9.549822063190874e-38
714	0.9999946656176727	5.33438232732865e-06
715	1.0	0.0
716	1.0	3.235767093525302e-26
717	1.0	0.0
718	1.0	0.0
719	0.18027122140369145	0.8197287785963085
721	1.0	0.0
722	1.0	0.0
723	1.0	1.184876118243455e-18
724	0.9999959498139045	4.050186095539199e-06
725	1.0	0.0
726	1.0	1.4358826847473362e-41
727	0.0	1.0
728	1.0	0.0
729	1.0	1.3444840621760318e-36
730	1.0	0.0
731	1.0	6.202199937157597e-38
732	1.0	0.0
733	0.5380462567873244	0.46195374321267557
734	1.0	1.2880764859588678e-22
735	1.0	0.0
736	1.0	1.9883135145536934e-20
737	1.0	0.0
738	0.9999999999571196	4.288037674607577e-11
739	1.0	0.0
740	1.0	0.0
741	1.0	0.0
742	1.0	0.0
743	1.0	4.246652493978405e-42
744	1.0	1.607813834258871e-42
745	1.0	0.0
746	1.0	0.0
747	1.0	0.0
748	1.0	1.5756391627585201e-19
749	0.9999999999887099	1.1290113929519585e-11
751	1.0	0.0
752	1.0	0.0
753	1.0	0.0
754	0.9999999999995177	4.82335971874282e-13
755	1.0	0.0
756	0.9999999999999715	2.8483622563076456e-14
757	1.0	3.061279986811245e-33
758	1.0	0.0
759	1.0	0.0
760	1.0	2.025926061065751e-26
761	1.0	0.0
762	1.0	0.0
763	1.0	0.0
764	1.0	0.0
765	1.0	0.0
766	1.0	1.6372542812913833e-43
767	0.999999999999997	3.036401106723771e-15
768	0.9999999999995703	4.296942787862854e-13
769	1.0	0.0
770	0.9999999953484061	4.651593916888268e-09
771	1.0	0.0
772	1.0	0.0
773	1.0	9.59156682204635e-23
774	1.0	0.0
775	1.0	0.0
776	1.0	0.0
777	1.0	0.0
778	1.0	0.0
779	1.0	1.799751859949436e-26
781	1.0	0.0
782	1.0	3.9035141916461013e-39
783	1.0	0.0
784	1.0	2.077896770070631e-23
785	1.0	1.8363697619115127e-20
786	1.0	0.0
787	0.999999998496039	1.5039610049004464e-09
788	1.0	0.0
789	1.0	2.606554255888881e-22
790	1.0	9.614318844927929e-25
791	1.0	0.0
792	1.0	7.170431704649727e-20
793	0.9999999999999984	1.5850165142111175e-15
794	1.0	6.024168823611776e-25
795	1.0	7.494170776261325e-19
796	1.0	0.0
797	1.0	0.0
798	1.0	1.7697930482522396e-37
799	1.0	0.0
800	1.0	3.71208892455452e-40
801	1.0	0.0
802	1.0	0.0
803	1.0	0.0
804	1.0	0.0
805	1.0	0.0
806	0.9999999782286179	2.177138211673298e-08
807	0.9999999961237646	3.876235410551664e-09
808	1.0	0.0
809	1.0	0.0
811	0.9999345073048043	6.549269519576234e-05
812	1.0	0.0
813	1.0	1.3192958420468749e-28
814	1.0	0.0
815	1.0	0.0
816	1.0	1.7529177993034847e-20
817	1.0	0.0
818	0.9999999167534247	8.324657528356978e-08
819	1.0	0.0
820	1.0	9.187900419588838e-19
821	1.0	0.0
822	1.0	0.0
823	1.0	0.0
824	1.0	0.0
825	1.0	5.405801473327516e-35
826	1.0	0.0
827	1.0	0.0
828	1.0	0.0
829	1.0	0.0
830	1.0	0.0
831	0.9999999987346767	1.265323241973548e-09
832	1.0	0.0
833	1.0	0.0
834	1.0	0.0
835	1.0	0.0
836	0.7310306869438734	0.26896931305612665
837	0.9999993720286267	6.279713733440241e-07
838	0.9999999650801019	3.491989803030863e-08
839	1.0	1.2768819957557166e-42
841	1.0	3.0069134687493013e-25
842	1.0	2.4380147233520518e-30
843	1.0	0.0
844	1.0	0.0
845	0.9999999999999923	7.629176756099991e-15
846	1.0	0.0
847	1.0	3.433453158188808e-24
848	1.0	1.514478914690334e-29
849	1.0	7.269359849640344e-40
850	0.9996749322351165	0.00032506776488348387
851	1.0	1.798552950729204e-24
852	1.0	0.0
853	1.0	9.468467176931269e-20
854	1.0	0.0
855	1.0	0.0
856	1.0	0.0
857	1.0	0.0
858	0.9999999999987244	1.2756339270531054e-12
859	1.0	0.0
860	1.0	0.0
861	1.0	1.4638803267750255e-20
862	1.0	0.0
863	0.9999999999999999	1.1516810060465092e-16
864	1.0	0.0
865	0.9999999999967296	3.270429644375485e-12
866	1.0	0.0
867	1.0	0.0
868	1.0	0.0
869	1.0	0.0
871	1.0	3.7022366005579146e-29
872	1.0	3.1035216157504004e-36
873	0.9986103243028647	0.001389675697135359
874	1.0	1.3113703299064324e-20
875	1.0	5.862295754300032e-36
876	1.0	7.792183074518794e-20
877	1.0	0.0
878	1.0	7.434064836576477e-22
879	1.0	0.0
880	0.9999999998578591	1.4214084861323382e-10
881	1.0	7.235098444726419e-18
882	1.0	0.0
883	1.0	0.0
884	1.0	0.0
885	1.0	0.0
886	1.0	0.0
887	1.0	3.028088448788074e-30
888	1.0	4.180812878292933e-29
889	1.0	7.836212033516758e-20
890	1.0	0.0
891	1.0	0.0
892	1.0	0.0
893	1.0	0.0
894	1.0	0.0
895	1.0	0.0
896	1.0	0.0
897	0.9999999999569056	4.3094368722311156e-11
898	0.8027746757063132	0.19722532429368683
899	1.0	3.146072504357607e-19
901	1.0	0.0
902	1.0	3.0649345215818712e-43
903	1.0	0.0
904	1.0	0.0
905	1.0	0.0
906	1.0	4.060970441018176e-21
907	1.0	0.0
908	1.0	0.0
909	1.0	0.0
910	1.0	0.0
911	1.0	0.0
912	1.0	0.0
913	1.0	3.832709407290761e-40
914	1.0	1.3195598264881337e-23
915	1.0	2.491825619900899e-18
916	1.0	5.716034760241892e-36
917	1.0	2.4653589214979285e-20
918	1.0	0.0
919	0.9999999498754559	5.01245440803667e-08
920	1.0	0.0
921	1.0	1.5694275983342428e-43
922	0.9995196374399783	0.00048036256002168307
923	1.0	0.0
924	1.0	0.0
925	1.0	0.0
926	0.9994409016765619	0.0005590983234381025
927	0.9999999999975048	2.4951964076608432e-12
928	1.0	3.414808181762473e-21
929	1.0	8.695865295502805e-20
931	1.0	7.52932541722999e-37
932	1.0	0.0
933	1.0	9.300205999043732e-36
934	0.9999999999999939	6.1142246071854304e-15
935	1.0	0.0
936	1.0	0.0
937	1.0	4.172541617592345e-31
938	1.0	3.514049867477403e-21
939	1.0	8.088609410845497e-35
940	1.0	0.0
941	1.0	1.785261808273636e-40
942	1.0	0.0
943	1.0	0.0
944	1.0	0.0
945	1.0	2.0699992860362263e-42
946	1.0	1.2144714413578782e-19
947	1.0	1.4650981892229225e-36
948	1.0	0.0
949	0.9999999999998683	1.316325456890033e-13
950	1.0	0.0
951	0.9999990470900294	9.529099706080816e-07
952	1.0	2.9958723574809033e-19
953	1.0	0.0
954	1.0	0.0
955	1.0	4.084085523328232e-26
956	1.0	9.886010210297389e-30
957	1.0	0.0
958	1.0	1.956944611621069e-42
959	1.0	1.689844138493553e-20
961	0.9999999999998596	1.404113492929895e-13
962	1.0	6.163039828280964e-19
963	1.0	1.0420120878811134e-33
964	1.0	1.3451507257590976e-21
965	1.0	0.0
966	1.0	1.705292573917183e-41
967	0.9999999999999962	3.7568210338422725e-15
968	1.0	6.783740070569709e-26
969	1.0	5.700757095038836e-34
970	1.0	3.000246481038351e-19
971	1.0	4.6839517289443955e-20
972	1.0	2.1627588154651487e-17
973	1.0	0.0
974	1.0	0.0
975	1.0	0.0
976	1.0	0.0
977	1.0	0.0
978	1.0	0.0
979	1.0	5.48260744928851e-25
980	1.0	3.877632599487786e-20
981	1.0	3.419128634975885e-37
982	1.0	2.367114641621574e-38
983	1.0	0.0
984	1.0	0.0
985	1.0	0.0
986	1.0	0.0
987	1.0	0.0
988	1.0	0.0
989	1.0	0.0
991	1.0	2.4304044256590216e-20
992	1.0	8.45823384971351e-36
993	1.0	0.0
994	0.9999738205325139	2.6179467486101148e-05
995	0.9999999999999973	2.6979204483719818e-15
996	1.0	2.8347075528817177e-24
997	0.9999999998679975	1.3200249693960795e-10
998	1.0	8.193850457963426e-26
999	1.0	0.0
1000	1.0	7.225311482269377e-21
1001	0.9999988089211477	1.1910788522994444e-06
1002	0.9998444079246941	0.0001555920753058776
1003	1.0	0.0
1004	1.0	6.676277719920941e-44
1005	1.0	5.651576579963496e-24
1006	1.0	0.0
1007	1.0	4.618316015590108e-19
1008	1.0	0.0
1009	1.0	0.0
1010	1.0	0.0
1011	1.0	3.3841398790129034e-33
1012	1.0	1.7700529140247847e-41
1013	1.0	0.0
1014	1.0	6.772479547779397e-41
1015	1.0	0.0
1016	1.0	5.948796058387625e-21
1017	1.0	2.4572040215009602e-23
1018	1.0	0.0
1019	0.9999999999999964	3.509906336068053e-15
1021	0.9999999999999999	8.895534906954853e-17
1022	1.0	0.0
1023	1.0	2.7952546166706754e-20
1024	1.0	1.4819519786908754e-30
1025	1.0	0.0
1026	1.0	0.0
1027	1.0	5.26233468404578e-19
1028	1.0	4.096827213826747e-20
1029	1.0	2.655814450957613e-34
1030	1.0	0.0
1031	1.0	0.0
1032	1.0	0.0
1033	1.0	0.0
1034	0.9999999999999999	1.5686170512393053e-16
1035	0.9999999996911243	3.0887570103942264e-10
1036	1.0	4.149121952883006e-30
1037	1.0	0.0
1038	1.0	0.0
1039	1.0	0.0
1040	1.0	0.0
1041	1.0	1.434373490245684e-37
1042	1.0	0.0
1043	1.0	0.0
1044	1.0	0.0
1045	1.0	0.0
1046	1.0	2.469901343740868e-20
1047	0.9995177956366988	0.00048220436330117996
1048	1.0	1.1361480242932153e-23
1049	1.0	1.4928581255590745e-18
1051	1.0	0.0
1052	1.0	1.599628754025174e-32
1053	0.999999999976429	2.3571081284406996e-11
1054	1.0	0.0
1055	1.0	0.0
1056	1.0	0.0
1057	1.0	4.200246641452431e-23
1058	1.0	0.0
1059	1.0	5.1946126276960064e-21
1060	1.0	4.959360824980639e-32
1061	1.0	2.4321603501181423e-26
1062	0.999999999999997	2.977535560396004e-15
1063	1.0	0.0
1064	1.0	8.477781259752206e-36
1065	1.0	0.0
1066	1.0	0.0
1067	1.0	0.0
1068	1.0	2.2789828916658908e-32
1069	1.0	1.5178195145027268e-20
1070	1.0	0.0
1071	1.0	0.0
1072	1.0	7.7735078026328e-20
1073	1.0	1.504669591087309e-24
1074	1.0	1.4377519189939066e-18
1075	1.0	1.6562732728744113e-21
1076	0.9999999999821513	1.784874339966843e-11
1077	1.0	0.0
1078	1.0	6.917204115585649e-20
1079	1.0	2.2786019454479746e-42
1081	1.0	4.3684084630861867e-38
1082	0.9999979383505243	2.0616494756524376e-06
1083	1.0	0.0
1084	1.0	0.0
1085	1.0	0.0
1086	1.0	2.4227675726255247e-18
1087	1.0	0.0
1088	1.0	0.0
1089	1.0	0.0
1090	0.9999999999999998	2.3986725855913046e-16
1091	1.0	0.0
1092	1.0	0.0
1093	1.0	0.0
1094	1.0	0.0
1095	0.0	1.0
1096	1.0	0.0
1097	1.0	1.7895438356513507e-26
1098	1.0	3.398933861629458e-19
1099	1.0	2.3402309321790395e-28
1100	1.0	0.0
1101	1.0	0.0
1102	1.0	0.0
1103	1.0	0.0
1104	1.0	0.0
1105	1.0	0.0
1106	1.0	1.609306701060632e-33
1107	1.0	0.0
1108	1.0	0.0
1109	1.0	0.0
1111	0.9999999999987241	1.2758686014122634e-12
1112	0.999999999998836	1.1639594951573508e-12
1113	1.0	1.5945319958002663e-35
1114	1.0	8.11402604971875e-20
1115	1.0	3.383420662279945e-26
1116	0.9999962888427493	3.711157250676168e-06
1117	1.0	0.0
1118	1.0	0.0
1119	1.0	5.336280449799434e-26
1120	0.9999999999999999	6.471912704412606e-17
1121	1.0	7.779835283253218e-26
1122	0.9999999999999997	3.002993197451716e-16
1123	1.0	0.0
1124	1.0	0.0
1125	1.0	5.72294941014438e-28
1126	0.9999999999999997	3.8235716169386337e-16
1127	1.0	2.9102122908992043e-19
1128	1.0	7.717928607304429e-29
1129	1.0	0.0
1130	1.0	3.24694341649211e-19
1131	1.0	0.0
1132	1.0	0.0
1133	1.0	2.0902058310330891e-19
1134	1.0	0.0
1135	0.9999999999961285	3.871511666655762e-12
1136	1.0	1.863461085947249e-20
1137	1.0	0.0
1138	1.0	0.0
1139	1.0	0.0
1141	1.0	1.512139134132839e-18
1142	1.0	6.322781494469183e-27
1143	1.0	2.1617732821668816e-34
1144	1.0	3.5212876177112146e-22
1145	1.0	0.0
1146	1.0	3.2791486988029356e-36
1147	1.0	5.587027862538922e-20
1148	1.0	2.686546249829253e-34
1149	1.0	0.0
1150	0.9999999999999986	1.4616219374568023e-15
1151	1.0	0.0
1152	1.0	0.0
1153	1.0	8.857093036526394e-33
1154	0.9999956507641355	4.3492358644620136e-06
1155	1.0	1.4685867769616852e-17
1156	1.0	6.046507567976119e-21
1157	1.0	0.0
1158	1.0	1.0627744254133498e-23
1159	1.0	0.0
1160	1.0	0.0
1161	1.0	4.2468258547401146e-20
1162	1.0	5.685879230902914e-35
1163	1.0	0.0
1164	1.0	0.0
1165	1.0	0.0
1166	1.0	3.0566889523640492e-30
1167	1.0	0.0
1168	1.0	1.576584758762261e-33
1169	1.0	0.0
1171	1.0	1.572318388573958e-35
1172	1.0	9.642713725030279e-18
1173	1.0	2.3479599343265185e-35
1174	1.0	7.765492135966777e-25
1175	1.0	0.0
1176	1.0	1.0548442976536773e-27
1177	1.0	8.27628094695106e-18
1178	0.9999999999943135	5.6864860675042316e-12
1179	1.0	0.0
1180	1.0	0.0
1181	1.0	1.4061529354889126e-26
1182	1.0	0.0
1183	1.0	8.97553411999945e-28
1184	1.0	9.596999050506259e-19
1185	1.0	1.9079368568427063e-35
1186	1.0	0.0
1187	1.0	0.0
1188	0.9999934576444983	6.5423555016824075e-06
1189	0.9999999999864003	1.3599656126229424e-11
1190	0.9999999999999702	2.9807045084692665e-14
1191	1.0	0.0
1192	1.0	2.730302302365104e-32
1193	1.0	3.394127791202127e-21
1194	1.0	9.64756060647824e-21
1195	1.0	0.0
1196	1.0	0.0
1197	1.0	0.0
1198	1.0	0.0
1199	1.0	8.644368811583206e-43
1201	1.0	0.0
1202	0.9999999999997747	2.2528744424171056e-13
1203	1.0	0.0
1204	0.999999999999998	2.043672379911672e-15
1205	1.0	0.0
1206	1.0	0.0
1207	1.0	0.0
1208	1.0	1.20120922526235e-19
1209	1.0	0.0
1210	1.0	0.0
1211	0.0003376920344885237	0.9996623079655115
1212	0.9999999652942878	3.470571224264726e-08
1213	1.0	0.0
1214	1.0	1.9492055889174522e-20
1215	1.0	7.610190903680149e-35
1216	1.0	0.0
1217	1.0	2.470653523559407e-19
1218	1.0	1.0217335663939477e-32
1219	0.9999999999999674	3.260941224409729e-14
1220	0.9999999599744123	4.002558768500355e-08
1221	1.0	0.0
1222	1.0	0.0
1223	1.0	0.0
1224	0.0	1.0
1225	1.0	0.0
1226	1.0	1.1366486965611505e-23
1227	1.0	4.687105749091957e-32
1228	1.0	0.0
1229	1.0	0.0
1231	1.0	3.3634210062140502e-18
1232	1.0	1.0720727178768868e-20
1233	1.0	1.2751809049424962e-34
1234	1.0	7.985592442192047e-31
1235	1.0	0.0
1236	0.9999999999999954	4.528428431536381e-15
1237	1.0	4.648030222373972e-33
1238	1.0	1.969887299710373e-24
1239	1.0	0.0
1240	0.9999999999988247	1.175255558176025e-12
1241	1.0	2.0481607300351263e-33
1242	1.0	0.0
1243	1.0	0.0
1244	1.0	0.0
1245	1.0	0.0
1246	1.0	0.0
1247	1.0	0.0
1248	1.0	0.0
1249	1.0	0.0
1250	1.0	2.2721963126098664e-26
1251	1.0	4.900482275418764e-22
1252	1.0	9.88387115957083e-20
1253	1.0	4.640424536200132e-34
1254	1.0	2.2162271181178084e-23
1255	1.0	0.0
1256	1.0	1.3269025094294984e-35
1257	1.0	0.0
1258	1.0	0.0
1259	1.0	5.0958732439427314e-24
1261	1.0	2.2819010468450634e-22
1262	1.0	4.86555983168607e-20
1263	1.0	1.415777237282125e-34
1264	0.9999999632942377	3.670576234940456e-08
1265	1.0	4.6673601031313315e-21
1266	1.0	8.971809564691204e-27
1267	1.0	1.447754951234862e-32
1268	1.0	0.0
1269	1.0	0.0
1270	1.0	0.0
1271	1.0	0.0
1272	1.0	3.990519911227482e-29
1273	1.0	6.121390367901736e-19
1274	1.0	6.036012027296002e-20
1275	1.0	1.9826551990541742e-32
1276	1.0	3.990519911227482e-29
1277	1.0	0.0
1278	1.0	1.6933476857401743e-25
1279	1.0	0.0
1280	1.0	2.6570843658102373e-19
1281	1.0	2.3581811637916008e-35
1282	1.0	0.0
1283	1.0	0.0
1284	1.0	0.0
1285	1.0	0.0
1286	1.0	0.0
1287	1.0	0.0
1288	1.0	0.0
1289	1.0	0.0
1291	0.9999332752792848	6.672472071520484e-05
1292	1.0	1.447754951234862e-32
1293	1.0	0.0
1294	1.0	0.0
1295	0.0	1.0
1296	1.0	6.0364034320422865e-18
1297	1.0	3.5824702047898865e-21
1298	0.9999999745161289	2.5483871166740934e-08
1299	1.0	4.3247108812490615e-18
1300	1.0	2.2765967878595397e-20
1301	1.0	0.0
1302	1.0	0.0
1303	1.0	4.3247108812490615e-18
1304	1.0	0.0
1305	1.0	0.0
1306	1.0	0.0
1307	1.0	0.0
1308	1.0	0.0
1309	1.0	0.0
1310	1.0	0.0
1311	1.0	0.0
1312	1.0	0.0
1313	1.0	0.0
1314	1.0	5.590282992668128e-22
1315	0.0	1.0
1316	1.0	5.7448544163955775e-21
1317	1.0	2.2893462689833e-31
1318	1.0	0.0
1319	1.0	1.2347759819545924e-17
1321	1.0	0.0
1322	1.0	1.447754951234862e-32
1323	0.9999999999999983	1.6960920363587144e-15
1324	1.0	2.807011006857186e-22
1325	0.0	1.0
1326	1.0	7.388758422058481e-19
1327	1.0	0.0
1328	1.0	4.471898322507168e-34
1329	1.0	2.3583062266150143e-26
1330	1.0	0.0
1331	1.0	1.447754951234862e-32
1332	1.0	7.066193049643641e-38
1333	1.0	0.0
1334	1.0	2.6726451636408914e-22
1335	1.0	2.0890993290782204e-19
1336	1.0	1.0708856094316495e-34
1337	1.0	0.0
1338	1.0	1.9820932275999747e-35
1339	1.0	5.811657868301785e-19
1340	0.9999991058004858	8.941995141955896e-07
1341	1.0	7.67538332405557e-19
1342	0.9561769744546986	0.04382302554530134
1343	0.9999999999993125	6.874416369740393e-13
1344	1.0	1.9796723893272846e-19
1345	0.9999468784874752	5.312151252483118e-05
1346	0.050192018767430846	0.9498079812325692
1347	1.0	0.0
1348	1.0	4.390360181746844e-19
1349	1.0	0.0
1351	0.9999999999984098	1.5901981845903096e-12
1352	1.0	0.0
1353	1.0	0.0
1354	1.0	1.0187623708998794e-20
1355	1.0	0.0
1356	1.0	0.0
1357	1.0	8.870044815591976e-25
1358	1.0	0.0
1359	1.0	2.5416245456940345e-27
1360	1.0	3.744741375007581e-19
1361	1.0	2.419156131020184e-35
1362	1.0	0.0
1363	1.0	0.0
1364	1.0	0.0
1365	1.0	0.0
1366	1.0	1.447754951234862e-32
1367	0.9999999999999923	7.618898881702888e-15
1368	1.0	6.4308282090549544e-21
1369	1.0	7.709036648019511e-30
1370	0.9999999999999994	5.211677273662989e-16
1371	1.0	9.456244115611905e-36
1372	1.0	0.0
1373	1.0	0.0
1374	1.0	0.0
1375	1.0	0.0
1376	1.0	7.958746302805277e-33
1377	1.0	0.0
1378	1.0	0.0
1379	1.0	0.0
1381	1.0	0.0
1382	1.0	7.124957229644955e-36
1383	1.0	9.085559038601486e-21
1384	1.0	0.0
1385	1.0	0.0
1386	1.0	7.544063185458686e-20
1387	0.9999999999999005	9.945776149319942e-14
1388	1.0	1.6745538250742103e-20
1389	0.9999987784709644	1.2215290356344082e-06
1390	1.0	0.0
1391	0.9999999999999795	2.0485421791514874e-14
1392	1.0	0.0
1393	1.0	1.3475566129619995e-19
1394	0.9999999999615505	3.8449427368746925e-11
1395	1.0	1.1125145833128879e-20
1396	0.9999999999999938	6.2076660292636134e-15
1397	1.0	0.0
1398	1.0	1.447754951234862e-32
1399	1.0	2.104252096913259e-18
1400	1.0	3.771724439137916e-38
1401	0.9999999999999993	6.315770591186805e-16
1402	0.9999999999999744	2.5605864631975758e-14
1403	1.0	0.0
1404	1.0	0.0
1405	1.0	0.0
1406	0.9999999999999962	3.751800298395769e-15
1407	1.0	2.488855679701934e-20
1408	1.0	1.989743690545092e-34
1409	1.0	3.123693814959177e-27
1411	0.9999999977431021	2.256897910523963e-09
1412	0.999999999679511	3.2048896298637835e-10
1413	1.0	3.7635145609805355e-20
1414	1.0	1.0347971822786306e-34
1415	0.999999999679511	3.2048896298637835e-10
1416	0.9999999999999959	4.159442365493273e-15
1417	2.0320316549415907e-06	0.9999979679683451
1418	1.0	3.904983356054229e-21
1419	1.0	5.145415859155375e-31
1420	0.9999999999999993	6.990013422064999e-16
1421	0.0	1.0
1422	1.0	1.336991677738365e-27
1423	1.0	1.447754951234862e-32
1424	1.0	4.631032596243756e-22
1425	1.0	5.917391507183873e-20
1426	1.0	0.0
1427	1.0	0.0
1428	1.0	0.0
1429	1.0	0.0
1430	1.0	0.0
1431	1.0	0.0
1432	1.0	0.0
1433	1.0	0.0
1434	1.0	0.0
1435	4.0417048452479065e-07	0.9999995958295155
1436	1.0	1.6069815415479033e-33
1437	1.0	0.0
1438	1.0	0.0
1439	1.0	4.945334021094575e-20
1441	0.9999957018138778	4.298186122247727e-06
1442	1.0	0.0
1443	1.0	0.0
1444	0.9914089518582435	0.008591048141756503
1445	1.0	0.0
1446	1.0	0.0
1447	0.36664255145576885	0.6333574485442311
1448	1.0	1.8257530830575573e-19
1449	1.0	1.2822395020945514e-28
1450	1.0	0.0
1451	1.0	0.0
1452	1.0	1.9979796004628862e-37
1453	1.0	2.4355233768955872e-20
1454	1.0	2.804724631583702e-35
1455	0.9999999999999863	1.3662574802904599e-14
1456	1.0	4.693770823248429e-19
1457	1.0	0.0
1458	1.0	0.0
1459	1.0	0.0
1460	1.0	1.7551465425599817e-43
1461	1.0	3.616781147340701e-31
1462	1.0	0.0
1463	1.0	4.992066844184482e-36
1464	1.0	0.0
1465	1.0	0.0
1466	1.0	0.0
1467	1.0	2.495937471318957e-24
1468	1.0	0.0
1469	1.0	3.40967631453985e-20
1471	0.9999999999537781	4.622193586146109e-11
1472	1.0	0.0
1473	1.0	2.495937471318957e-24
1474	1.0	0.0
1475	1.0	2.5202615884463154e-36
1476	1.0	8.338945089362771e-24
1477	1.0	0.0
1478	1.0	0.0
1479	1.0	0.0
1480	1.0	0.0
1481	1.0	0.0
1482	1.0	0.0
1483	0.9999999999999978	2.166010647332559e-15
1484	1.0	8.208674547618004e-21
1485	1.0	0.0
1486	1.0	2.1896434152731547e-18
1487	1.0	1.3212956761170114e-20
1488	1.0	1.3414207602832589e-33
1489	1.0	0.0
1490	1.0	2.1896434152731547e-18
1491	1.0	0.0
1492	1.0	0.0
1493	1.0	0.0
1494	1.0	0.0
1495	0.9999999999999997	2.942600130524094e-16
1496	0.9999998960287247	1.0397127529438572e-07
1497	1.0	0.0
1498	1.0	9.278841614614147e-29
1499	1.0	0.0
1501	0.9999999989076307	1.092369261930959e-09
1502	1.0	3.4055365053701975e-21
1503	1.0	1.6614135229623103e-36
1504	1.0	0.0
1505	1.0	1.0450917466794616e-20
1506	1.0	0.0
1507	1.0	9.278841614614147e-29
1508	1.0	0.0
1509	1.0	0.0
1510	0.9999999989076307	1.092369261930959e-09
1511	1.0	1.0672028205783057e-34
1512	1.0	0.0
1513	1.0	2.2691829796478305e-19
1514	1.0	7.684816702550898e-19
1515	1.0	3.0060453265312594e-34
1516	0.9999999980112483	1.9887517203738054e-09
1517	1.0	0.0
1518	1.0	0.0
1519	1.0	0.0
1520	1.0	0.0
1521	0.9999984904750778	1.509524922166201e-06
1522	0.9997804927169641	0.0002195072830358382
1523	1.0	0.0
1524	0.9999999999999999	1.2643479004530827e-16
1525	1.0	0.0
1526	1.0	1.5719283562631224e-23
1527	1.0	2.8812145944654282e-39
1528	1.0	0.0
1529	1.0	0.0
1531	1.0	1.7495984813512586e-34
1532	1.0	0.0
1533	0.9999999999999999	1.2643479004530827e-16
1534	1.0	0.0
1535	1.0	1.5719283562631224e-23
1536	1.0	2.8812145944654282e-39
1537	1.0	0.0
1538	1.0	0.0
1539	1.0	1.494100136770142e-25
1540	1.0	8.750872370077657e-21
1541	1.0	0.0
1542	1.0	0.0
1543	1.0	0.0
1544	1.0	0.0
1545	1.0	1.4933395007755053e-27
1546	1.0	8.359926876618244e-31
1547	1.0	1.7869764465176172e-23
1548	1.0	0.0
1549	1.0	6.831402356361693e-22
1550	1.0	3.817132765568651e-24
1551	1.0	0.0
1552	1.0	0.0
1553	0.9999999999999991	9.248275357411553e-16
1554	1.0	0.0
1555	1.0	0.0
1556	1.0	0.0
1557	1.0	0.0
1558	0.9999999980910957	1.9089042650070424e-09
1559	1.0	6.99339602234014e-20
1561	1.0	0.0
1562	1.0	0.0
1563	1.0	7.425190946345738e-34
1564	1.0	1.9986764066841655e-33
1565	1.0	4.77941499302273e-40
1566	1.0	4.2405182692317915e-23
1567	1.0	2.270258628334846e-21
1568	1.0	5.993884622822598e-22
1569	0.9999999999999968	3.2035049851993802e-15
1570	1.0	1.037023097485931e-29
1571	1.0	0.0
1572	1.0	4.648331301239871e-25
1573	1.0	1.825534396403277e-20
1574	1.0	3.468273832892976e-35
1575	1.0	0.0
1576	1.0	0.0
1577	1.0	0.0
1578	1.0	0.0
1579	1.0	0.0
1580	1.0	2.003334507723882e-22
1581	1.0	0.0
1582	1.0	4.090561999963215e-21
1583	1.0	6.480154958416871e-21
1584	1.0	9.255879770469728e-37
1585	1.0	0.0
1586	0.9999999908054127	9.194587284419528e-09
1587	1.0	0.0
1588	1.0	0.0
1589	1.0	3.2183100652382824e-23
1591	1.0	0.0
1592	1.0	0.0
1593	1.0	0.0
1594	1.0	9.114606251264886e-35
1595	1.0	6.735522043050419e-21
1596	1.0	0.0
1597	1.0	1.4187332358493915e-22
1598	1.0	8.942724719211862e-29
1599	1.0	1.1463892593506578e-21
1600	1.0	1.4483897522286702e-24
1601	0.9999889426733264	1.1057326673645062e-05
1602	1.0	0.0
1603	0.9999984979485051	1.5020514948847145e-06
1604	1.0	4.353806571711313e-35
1605	1.0	2.2562816894549394e-21
1606	0.9999999999999998	2.406870342329889e-16
1607	1.0	2.0569250566490276e-21
1608	1.0	0.0
1609	1.0	3.3031775256111707e-21
1610	1.0	3.1968540579120387e-23
1611	1.0	3.8839232189466956e-25
1612	1.0	0.0
1613	1.0	1.2906678414743568e-21
1614	0.9995837090002959	0.0004162909997040546
1615	1.0	1.7153334059354315e-34
1616	1.0	9.154029870308298e-38
1617	0.9999999999999635	3.651821775250497e-14
1618	1.0	0.0
1619	1.0	1.0427104153383739e-17
1621	1.0	0.0
1622	1.0	0.0
1623	0.9999999999995473	4.5280270192943573e-13
1624	1.0	0.0
1625	1.0	0.0
1626	1.0	3.148357107525884e-20
1627	1.0	4.0323006158628374e-41
1628	1.0	0.0
1629	1.0	0.0
1630	1.0	0.0
1631	1.0	0.0
1632	1.0	7.903252062569703e-18
1633	1.0	3.8611156161863225e-21
1634	1.0	6.648916658009299e-28
1635	0.9999999999999996	4.720048555989892e-16
1636	1.0	1.412394852415704e-20
1637	1.0	5.736063063258189e-22
1638	1.0	6.648916658009299e-28
1639	0.9999999999999996	4.720048555989892e-16
1640	1.0	0.0
1641	1.0	1.176854873390813e-19
1642	1.0	0.0
1643	1.0	1.7603759824330528e-34
1644	1.0	1.447754951234862e-32
1645	0.9999999999999918	8.213373463689785e-15
1646	1.0	0.0
1647	1.0	2.4782533299662656e-21
1648	0.9999999999979744	2.0255893976422967e-12
1649	1.0	2.8658182221369833e-27
1651	1.0	4.838612458253363e-35
1652	1.0	9.634650288525353e-21
1653	1.0	0.0
1654	1.0	0.0
1655	0.7038150067535491	0.2961849932464508
1656	1.0	0.0
1657	1.0	8.66837144732442e-23
1658	0.9999999971377597	2.862240304665146e-09
1659	1.0	0.0
1660	1.0	0.0
1661	1.0	0.0
1662	1.0	5.308489118668398e-25
1663	0.9999999999999982	1.7445982143265713e-15
1664	1.0	0.0
1665	1.0	9.719043590832456e-20
1666	1.0	2.847933050865202e-24
1667	1.0	3.728544916356435e-21
1668	1.0	1.4820793627605113e-21
1669	1.0	2.9787634019605293e-36
1670	1.0	1.2909629162775137e-22
1671	0.9999999999994175	5.825846603851155e-13
1672	1.0	0.0
1673	1.0	5.4454983537168414e-27
1674	1.0	0.0
1675	0.9999999999994175	5.825846603851155e-13
1676	1.0	0.0
1677	1.0	0.0
1678	1.0	0.0
1679	1.0	0.0
1681	1.0	1.7263090838026654e-23
1682	0.0	1.0
1683	1.0	0.0
1684	1.0	0.0
1685	1.0	1.6388429014215312e-25
1686	1.0	4.734527259293188e-29
1687	1.0	0.0
1688	1.0	0.0
1689	1.0	0.0
1690	1.0	0.0
1691	1.0	0.0
1692	1.0	1.3325787326916523e-30
1693	1.0	8.341647834258813e-33
1694	1.0	6.041292960160401e-25
1695	1.0	7.780959763638662e-38
1696	1.0	4.329444306917184e-18
1697	1.0	1.659657659814144e-24
1698	1.0	1.473700613244154e-33
1699	1.0	0.0
1700	1.0	0.0
1701	1.0	0.0
1702	0.9999825678334071	1.743216659285736e-05
1703	1.0	0.0
1704	1.0	8.394978718242185e-21
1705	1.0	8.1275614351081985e-25
1706	1.0	0.0
1707	1.0	0.0
1708	1.0	0.0
1709	1.0	0.0
1711	1.0	0.0
1712	1.0	0.0
1713	0.9999999999999959	4.084584739124467e-15
1714	1.0	1.982478101134417e-27
1715	1.0	0.0
1716	1.0	6.220906086518104e-28
1717	1.0	0.0
1718	1.0	0.0
1719	1.0	0.0
1720	0.9999999811892806	1.881071946032274e-08
1721	1.0	0.0
1722	1.0	1.3643964970770801e-24
1723	1.0	1.6295117512515736e-20
1724	1.0	0.0
1725	1.0	6.220906086518104e-28
1726	1.0	0.0
1727	1.0	0.0
1728	1.0	0.0
1729	1.0	0.0
1730	1.0	3.5600792219590855e-38
1731	0.9999999999999998	2.459257003827617e-16
1732	1.0	5.489591929185683e-19
1733	1.0	1.13615493042439e-19
1734	1.0	0.0
1735	1.0	3.134033871561965e-25
1736	1.0	0.0
1737	1.0	1.1695541596936286e-23
1738	0.998609256007894	0.001390743992106008
1739	1.0	0.0
1741	0.9999999737823045	2.6217695441631553e-08
1742	1.0	0.0
1743	1.0	0.0
1744	0.9999999999999967	3.3474475580522086e-15
1745	1.0	7.561756506483895e-43
1746	1.0	3.839843113611948e-35
1747	0.9999999999999998	1.869564598215578e-16
1748	1.0	0.0
1749	0.9999999999999897	1.0269827441523274e-14
1750	1.0	0.0
1751	1.0	0.0
1752	1.0	1.447754951234862e-32
1753	1.0	0.0
1754	1.0	1.455520012206111e-31
1755	1.0	8.339826746970473e-33
1756	1.0	2.470983770167305e-17
1757	1.0	1.8278746439161872e-27
1758	1.0	9.80199860119676e-24
1759	1.0	0.0
1760	1.0	6.1254016679143e-26
1761	0.9999953228574269	4.677142573132042e-06
1762	0.9999999999999966	3.4393480535126983e-15
1763	1.0	0.0
1764	1.0	0.0
1765	1.0	0.0
1766	1.0	0.0
1767	1.0	1.4025090169349397e-34
1768	0.9999999999999999	1.3674201767521452e-16
1769	1.0	0.0
1771	1.0	0.0
1772	1.0	0.0
1773	1.0	0.0
1774	1.0	0.0
1775	1.0	0.0
1776	1.0	2.4912596525857956e-29
1777	0.9999999999798217	2.01783389117513e-11
1778	1.0	4.920279321476321e-35
1779	0.9999999999999999	1.418588455912892e-16
1780	1.0	0.0
1781	1.0	0.0
1782	1.0	0.0
1783	1.0	7.642783402931184e-23
1784	1.0	0.0
1785	1.0	0.0
1786	1.0	0.0
1787	1.0	1.7821898878462967e-21
1788	1.0	0.0
1789	1.0	1.1455621656298585e-28
1790	1.0	0.0
1791	0.999999363527444	6.364725559399379e-07
1792	1.0	1.0393313988352e-25
1793	1.0	5.843652889227728e-27
1794	1.0	1.1455621656298585e-28
1795	1.0	0.0
1796	0.999999363527444	6.364725559399379e-07
1797	1.0	0.0
1798	0.9999999999999997	3.572125126800352e-16
1799	1.0	5.44596208087653e-30
1801	1.0	6.421373228779951e-26
1802	1.0	3.0069510179303964e-21
1803	1.0	0.0
1804	0.9999999999999967	3.3688768285554377e-15
1805	1.0	1.36758585246143e-29
1806	1.0	1.5833133437424704e-29
1807	1.0	2.435393700715426e-26
1808	1.0	8.829378501276737e-25
1809	0.9999999791372762	2.086272372223193e-08
1810	1.0	1.720646377262259e-30
1811	1.0	0.0
1812	1.0	0.0
1813	1.0	4.4315453154589e-26
1814	1.0	1.720646377262259e-30
1815	0.9999999999998191	1.8090722814217995e-13
1816	1.0	0.0
1817	1.0	1.6057467141035698e-26
1818	1.0	0.0
1819	1.0	0.0
1820	1.0	0.0
1821	0.9999999999998593	1.4071130156070214e-13
1822	1.0	0.0
1823	1.0	0.0
1824	1.0	2.331297390339519e-19
1825	1.0	0.0
1826	1.0	0.0
1827	1.0	0.0
1828	1.0	0.0
1829	1.0	0.0
1831	0.9999999999999512	4.880831290792693e-14
1832	1.0	0.0
1833	1.0	0.0
1834	1.0	0.0
1835	1.0	1.9465224469969656e-26
1836	1.0	0.0
1837	1.0	0.0
1838	1.0	0.0
1839	1.0	0.0
1840	1.0	0.0
1841	0.9999999999999997	3.3211694213465625e-16
1842	1.0	7.932545840546992e-27
1843	1.0	1.083527415910263e-25
1844	1.0	6.294388560528376e-37
1845	0.9999999998141493	1.8585062996718106e-10
1846	1.0	3.4375371248478415e-27
1847	1.0	0.0
1848	1.0	0.0
1849	1.0	3.997561814071182e-38
1850	1.0	2.016011652913385e-36
1851	1.0	6.294388560528376e-37
1852	1.0	0.0
1853	1.0	9.600224366510199e-19
1854	1.0	0.0
1855	1.0	4.253494367464144e-17
1856	1.0	0.0
1857	1.0	0.0
1858	1.0	1.2870657936687687e-33
1859	1.0	1.7148837081204008e-24
1861	1.0	2.697348333040196e-29
1862	1.0	7.270309732358124e-18
1863	1.0	4.7468117953206924e-26
1864	1.0	0.0
1865	1.0	0.0
1866	1.0	0.0
1867	1.0	7.668937875838882e-24
1868	0.9969233071654923	0.0030766928345077817
1869	0.9999999999999954	4.497274567240102e-15
1870	1.0	2.3842725689320093e-17
1871	1.0	8.071650318047661e-26
1872	1.0	0.0
1873	1.0	0.0
1874	1.0	0.0
1875	1.0	0.0
1876	0.18807700140018713	0.8119229985998129
1877	1.0	1.8668044336088652e-25
1878	1.0	2.7104654807340985e-24
1879	0.8234481447175943	0.17655185528240575
1880	1.0	1.2168638516873232e-21
1881	1.0	0.0
1882	1.0	0.0
1883	1.0	0.0
1884	1.0	0.0
1885	1.0	1.8668044336088652e-25
1886	1.0	2.59870274854996e-28
1887	1.0	0.0
1888	1.0	0.0
1889	1.0	2.5129056589149377e-21
1891	1.0	1.1785130670258757e-20
1892	1.0	0.0
1893	0.999999999990577	9.422972014996553e-12
1894	1.0	1.0026135616246868e-37
1895	1.0	0.0
1896	1.0	0.0
1897	1.0	1.1169369475522401e-36
1898	1.0	0.0
1899	1.0	3.912657668133979e-33
1900	1.0	0.0
1901	1.0	1.354289908048984e-35
1902	1.0	0.0
1903	1.0	6.106728668904138e-36
1904	1.0	1.1028375141540992e-17
1905	1.0	5.114514411063478e-35
1906	1.0	0.0
1907	1.0	0.0
1908	1.0	5.279588267142727e-19
1909	1.0	1.4205521771308412e-20
1910	1.0	0.0
1911	1.0	2.467023374828066e-31
1912	1.0	1.1028375141540992e-17
1913	0.9999999006644102	9.933558972447565e-08
1914	1.0	1.5631384922443137e-36
1915	1.0	0.0
1916	1.0	4.620842468353146e-23
1917	1.0	1.2008094096577103e-25
1918	1.0	3.454613131908647e-22
1919	1.0	0.0
1921	1.0	0.0
1922	0.9999998170717043	1.8292829578740328e-07
1923	1.0	1.355270174714385e-20
1924	1.0	1.5235065297817888e-24
1925	1.0	1.487085440211088e-19
1926	1.0	0.0
1927	1.0	0.0
1928	1.0	1.8782480876450873e-32
1929	1.0	6.143722258818461e-24
1930	1.0	1.6969833523011448e-40
1931	1.0	0.0
1932	1.0	0.0
1933	0.9999999995283556	4.716444417175578e-10
1934	1.0	1.168169306441385e-30
1935	1.0	1.4734153334308116e-25
1936	0.9999999999999879	1.2107716171396663e-14
1937	1.0	0.0
1938	1.0	3.422404954736082e-21
1939	1.0	0.0
1940	0.9999999999999992	7.856280233419872e-16
1941	0.9999999999999996	4.913562942460976e-16
1942	1.0	2.3988180256577648e-23
1943	0.004157800799914346	0.9958421992000857
1944	1.0	0.0
1945	0.9999999999999477	5.224564316912668e-14
1946	1.0	2.9066135752880635e-42
1947	0.9999999898015639	1.019843610777915e-08
1948	1.0	0.0
1949	0.9999999999984708	1.5292424349814534e-12
1951	1.0	6.889864422344148e-28
1952	1.0	0.0
1953	0.9999999999999993	7.056755976774045e-16
1954	1.0	1.9275626861903056e-27
1955	0.9999999999999477	5.224564316912668e-14
1956	1.0	1.2266296851913993e-39
1957	1.0	0.0
1958	1.0	1.4464240482851046e-30
1959	1.0	0.0
1960	1.0	0.0
1961	1.0	0.0
1962	0.9999880307474551	1.1969252544827957e-05
1963	1.0	1.1002703070171955e-38
1964	1.0	3.0737487584021827e-19
1965	1.0	2.289549978043436e-17
1966	1.0	0.0
1967	1.0	0.0
1968	1.0	0.0
1969	1.0	0.0
1970	1.0	0.0
1971	1.0	2.277149327334476e-21
1972	1.0	2.354890063362913e-24
1973	1.0	8.387024650654934e-25
1974	1.0	0.0
1975	1.0	0.0
1976	0.999999977235709	2.2764290955719346e-08
1977	1.0	5.9624955346721975e-25
1978	1.0	1.713903973519016e-27
1979	1.0	0.0
1981	1.0	2.6631611103296365e-20
1982	1.0	1.2726674951741123e-19
1983	1.0	0.0
1984	1.0	1.327086945314206e-29
1985	1.0	0.0
1986	1.0	6.540540584195995e-32
1987	1.0	1.9717249934031422e-38
1988	1.0	0.0
1989	1.0	0.0
1990	1.0	0.0
1991	1.0	3.027172200763197e-21
1992	1.0	3.456855815152183e-28
1993	1.0	0.0
1994	1.0	0.0
1995	0.9999965646717416	3.4353282583762797e-06
1996	1.0	2.640477121217834e-28
1997	1.0	1.87278464680146e-36
1998	1.0	3.4232284762924486e-36
1999	1.0	0.0
2000	1.0	5.103841868793692e-22
2001	1.0	1.3589159764332294e-28
2002	1.0	0.0
2003	1.0	0.0
2004	1.0	0.0
2005	1.0	0.0
2006	1.0	0.0
2007	1.0	3.789167373409432e-26
2008	1.0	1.5187834710321244e-18
2009	1.0	0.0
2011	1.0	1.447754951234862e-32
2012	0.9999602461993738	3.975380062616118e-05
2013	1.0	3.651255481468822e-21
2014	0.9999999999999992	8.029304278778686e-16
2015	1.0	4.708190662956001e-26
2016	1.0	0.0
2017	1.0	0.0
2018	1.0	4.742191769852438e-27
2019	1.0	4.260048425515409e-25
2020	1.0	6.148597956241047e-18
2021	0.9879914053889979	0.012008594611002104
2022	1.0	5.614588621180561e-19
2023	1.0	0.0
2024	1.0	0.0
2025	1.0	0.0
2026	1.0	9.327158157968118e-20
2027	0.9999999999988562	1.1437899010147847e-12
2028	1.0	0.0
2029	1.0	2.5212294435907318e-18
2030	0.9999999999999998	2.004529111504043e-16
2031	1.0	0.0
2032	1.0	1.0354870225444368e-33
2033	1.0	0.0
2034	1.0	2.721883517838591e-29
2035	1.0	2.721883517838591e-29
2036	1.0	0.0
2037	1.0	0.0
2038	1.0	0.0
2039	1.0	0.0
2041	1.0	5.361690223068169e-31
2042	1.0	3.288830590236026e-43
2043	1.0	0.0
2044	1.0	2.219969618941038e-19
2045	1.0	5.526150751461733e-24
2046	1.0	1.0989791244255398e-28
2047	1.0	1.6867753797543095e-20
2048	1.0	0.0
2049	1.0	0.0
2050	1.0	0.0
2051	1.0	0.0
2052	0.999999999977368	2.2632047385195496e-11
2053	1.0	0.0
2054	1.0	4.663163257729274e-26
2055	1.0	0.0
2056	1.0	0.0
2057	0.9999992253066953	7.746933047034838e-07
2058	1.0	6.573064897419908e-43
2059	1.0	0.0
2060	1.0	9.239575731842037e-39
2061	1.0	0.0
2062	1.0	8.983421954574447e-27
2063	1.0	8.744940571103321e-24
2064	1.0	1.67492422788883e-27
2065	1.0	1.7501114597288906e-26
2066	1.0	1.1715587100879674e-21
2067	1.0	0.0
2068	0.9818153570047807	0.01818464299521927
2069	1.0	0.0
2071	1.0	3.7758042555604547e-19
2072	1.0	0.0
2073	1.0	0.0
2074	0.9999999991414972	8.585028050388686e-10
2075	1.0	0.0
2076	1.0	0.0
2077	1.0	1.652466133237149e-43
2078	0.9999999994098118	5.901882644376802e-10
2079	0.9999999999999891	1.0855636431918889e-14
2080	1.0	1.35473959279293e-37
2081	1.0	0.0
2082	0.9999999894239623	1.0576037727747086e-08
2083	1.0	0.0
2084	0.9999999999999999	6.699498822918738e-17
2085	1.0	2.90724310001857e-24
2086	1.0	2.596612389243164e-25
2087	1.0	0.0
2088	0.9999999894239623	1.0576037727747086e-08
2089	1.0	0.0
2090	0.9999999999999999	6.699498822918738e-17
2091	1.0	0.0
2092	1.0	0.0
2093	1.0	0.0
2094	0.0	1.0
2095	1.0	3.058741334683175e-34
2096	1.0	0.0
2097	1.0	7.186003210157224e-19
2098	1.0	6.263688024080282e-25
2099	1.0	0.0
2101	0.999999999999995	5.027481762741187e-15
2102	1.0	4.529591084188472e-25
2103	1.0	0.0
2104	1.0	0.0
2105	0.9999999999997975	2.025242306165886e-13
2106	1.0	1.335975422647314e-35
2107	1.0	0.0
2108	1.0	0.0
2109	0.9989217365738676	0.0010782634261323385
2110	1.0	1.0629189295853537e-22
2111	1.0	1.5390628417088464e-34
2112	1.0	4.3073213998977002e-19
2113	1.0	0.0
2114	1.0	0.0
2115	1.0	0.0
2116	0.9989217365738676	0.0010782634261323385
2117	1.0	6.548124332157151e-33
2118	1.0	0.0
2119	1.0	0.0
2120	1.0	1.544620592220858e-42
2121	1.0	0.0
2122	1.0	4.7627193204463176e-17
2123	1.0	1.0262338913904946e-24
2124	1.0	0.0
2125	1.0	0.0
2126	1.0	0.0
2127	1.0	1.326600931490207e-22
2128	0.9999999999998185	1.81543115099066e-13
2129	0.9999999999999981	1.835880553037811e-15
2131	1.0	3.568984768078036e-25
2132	1.0	2.9112317581995902e-27
2133	1.0	7.405094363672475e-28
2134	1.0	0.0
2135	1.0	1.58839016884195e-22
2136	1.0	4.1955311911734386e-33
2137	1.0	7.814545428220724e-24
2138	1.0	1.056988491842702e-25
2139	1.0	7.814545428220724e-24
2140	1.0	0.0
2141	1.0	1.58839016884195e-22
2142	1.0	9.571821159757546e-18
2143	1.0	2.090519261510539e-19
2144	1.0	1.327191970538551e-19
2145	1.0	3.3595632890550307e-21
2146	1.0	5.036783976591745e-19
2147	0.9999999608913195	3.910868056892041e-08
2148	1.0	3.342785984128106e-42
2149	1.0	1.447754951234862e-32
2150	1.0	0.0
2151	1.0	0.0
2152	1.0	0.0
2153	1.0	0.0
2154	0.9999999998453267	1.5467331840526916e-10
2155	1.0	5.461592829713171e-17
2156	1.0	0.0
2157	1.0	0.0
2158	0.992579179474327	0.007420820525673081
2159	1.0	0.0
2161	1.0	3.449123293794011e-36
2162	1.0	1.614859205737726e-17
2163	0.9999999997509827	2.4901724274334873e-10
2164	1.0	9.97115944788586e-19
2165	1.0	3.49497142651136e-25
2166	1.0	1.1870282300448197e-21
2167	0.999999999999349	6.510580874243634e-13
2168	1.0	3.449123293794011e-36
2169	1.0	1.614859205737726e-17
2170	0.9999999999623906	3.7609388780490037e-11
2171	1.0	0.0
2172	1.0	1.3979708809586447e-26
2173	1.0	3.861086568199891e-29
2174	1.0	0.0
2175	1.0	1.1287187121567711e-31
2176	1.0	5.553794264202675e-20
2177	1.0	0.0
2178	0.9999999999999987	1.302781923549668e-15
2179	1.0	0.0
2180	1.0	0.0
2181	1.0	3.528269415132673e-19
2182	1.0	3.9371212229344836e-31
2183	1.0	0.0
2184	1.0	0.0
2185	1.0	0.0
2186	0.9999998657559929	1.342440071464124e-07
2187	1.0	2.0330288270308333e-39
2188	1.0	2.0704828064533187e-18
2189	0.9999998657559929	1.342440071464124e-07
2191	1.0	8.593198491582157e-29
2192	1.0	0.0
2193	0.035358131800691694	0.9646418681993083
2194	1.0	2.6746043774220694e-20
2195	1.0	0.0
2196	1.0	1.2948478460326049e-37
2197	1.0	4.746259342676486e-21
2198	1.0	0.0
2199	1.0	1.447754951234862e-32
2200	1.0	1.0453058466676786e-42
2201	1.0	2.1731990089369587e-28
2202	1.0	6.825557143558048e-26
2203	1.0	0.0
2204	1.0	0.0
2205	1.0	0.0
2206	1.0	5.4170805334641086e-17
2207	1.0	3.6295954553053734e-19
2208	1.0	8.29561312213269e-20
2209	1.0	5.308952249690432e-34
2210	1.0	0.0
2211	1.0	0.0
2212	1.0	0.0
2213	1.0	0.0
2214	1.0	2.1996052572543974e-27
2215	1.0	0.0
2216	1.0	0.0
2217	1.0	1.0146850859279438e-17
2218	1.0	3.2004204222686616e-18
2219	1.0	6.837379080385118e-30
2221	1.0	1.0146850859279438e-17
2222	1.0	0.0
2223	1.0	0.0
2224	1.0	0.0
2225	1.0	0.0
2226	1.0	0.0
2227	1.0	0.0
2228	1.0	0.0
2229	1.0	9.94735511254581e-21
2230	1.0	7.74656118018491e-30
2231	1.0	2.934850392642098e-33
2232	1.0	0.0
2233	1.0	1.4067848396346714e-21
2234	1.0	1.149927990590958e-28
2235	1.0	9.21529194723186e-19
2236	1.0	2.9675724927191535e-20
2237	0.9999250375402632	7.496245973682721e-05
2238	1.0	0.0
2239	1.0	9.111589072979636e-26
2240	1.0	1.3284130413145117e-21
2241	1.0	0.0
2242	0.9999999999999984	1.567054703747017e-15
2243	1.0	0.0
2244	1.0	1.5654327179611552e-29
2245	1.0	0.0
2246	1.0	0.0
2247	1.0	0.0
2248	1.0	0.0
2249	1.0	0.0
2251	1.0	0.0
2252	1.0	1.6993117843677833e-23
2253	1.0	4.762179121763456e-22
2254	1.0	5.2547015499865434e-20
2255	1.0	0.0
2256	1.0	1.7154725210768198e-21
2257	1.0	0.0
2258	1.0	1.2748334815110415e-35
2259	0.9999884887185312	1.15112814687826e-05
2260	0.999999999998784	1.2160332719630465e-12
2261	1.0	0.0
2262	1.0	0.0
2263	1.0	0.0
2264	1.0	0.0
2265	1.0	1.189831063970524e-26
2266	1.0	0.0
2267	1.0	2.6296372873703558e-18
2268	1.0	1.76732748939852e-24
2269	1.0	1.3703251997798255e-32
2270	0.9999999999999999	1.3330755975442014e-16
2271	1.0	0.0
2272	0.9999999999999988	1.1880630608569306e-15
2273	1.0	0.0
2274	1.0	0.0
2275	1.0	8.701812941846969e-35
2276	1.0	1.4167929076980767e-25
2277	1.0	3.5431614454439287e-19
2278	0.999999992244853	7.755146957624435e-09
2279	1.0	0.0
2281	1.0	0.0
2282	1.0	0.0
2283	1.0	0.0
2284	1.0	0.0
2285	1.0	0.0
2286	1.0	1.658303731700464e-28
2287	1.0	4.2078098002128733e-19
2288	1.0	0.0
2289	1.0	0.0
2290	1.0	0.0
2291	1.0	0.0
2292	1.0	0.0
2293	1.0	2.448277502337263e-19
2294	1.0	1.2565886695044754e-35
2295	1.0	0.0
2296	1.0	0.0
2297	1.0	0.0
2298	1.0	1.9844977227029117e-21
2299	1.0	0.0
2300	1.0	0.0
2301	1.0	0.0
2302	1.0	0.0
2303	1.0	0.0
2304	1.0	3.060400235799349e-17
2305	1.0	4.6711797515861106e-35
2306	1.0	7.945772328289173e-42
2307	1.0	0.0
2308	1.0	0.0
2309	1.0	0.0
2311	1.0	2.6091883951708747e-34
2312	1.0	1.0100941049948718e-35
2313	0.9999863596766428	1.3640323357115066e-05
2314	1.0	0.0
2315	1.0	0.0
2316	1.0	0.0
2317	1.0	2.251638501813698e-18
2318	1.0	9.843093712670657e-24
2319	1.0	2.0355346848981715e-17
2320	0.9994079025279262	0.000592097472073818
2321	1.0	2.829545378766534e-20
2322	1.0	0.0
2323	0.9999650089238896	3.499107611034416e-05
2324	1.0	0.0
2325	1.0	0.0
2326	1.0	7.024259819660343e-20
2327	1.0	2.0095839832118285e-38
2328	1.0	0.0
2329	1.0	5.450919532663619e-35
2330	0.9999999999869019	1.3098025905597095e-11
2331	1.0	3.7639465960493315e-30
2332	1.0	6.768052372583098e-25
2333	2.9900208975419673e-09	0.9999999970099791
2334	1.0	3.7553806508763556e-19
2335	1.0	2.3623317457050322e-29
2336	1.0	6.983354299730462e-31
2337	1.0	1.0215533162805434e-21
2338	1.0	0.0
2339	1.0	0.0
2341	1.0	1.859164034730635e-20
2342	1.0	9.665441576099401e-32
2343	0.9999999999999947	5.285583126049257e-15
2344	0.9999993366199255	6.633800745540682e-07
2345	1.0	0.0
2346	1.0	0.0
2347	1.0	0.0
2348	1.0	9.086677279402893e-30
2349	1.0	4.601644703320101e-20
2350	1.0	1.023472701961251e-35
2351	0.9999999999659094	3.4090597796915674e-11
2352	0.9998158542701534	0.0001841457298465708
2353	1.0	0.0
2354	1.0	0.0
2355	1.0	1.455452248399105e-26
2356	1.0	4.23239258403044e-29
2357	1.0	0.0
2358	0.9987692391476809	0.0012307608523190795
2359	1.0	4.394958996032747e-19
2360	0.9999999840132997	1.5986700293114295e-08
2361	1.0	3.6068442114690855e-28
2362	0.9999999913121281	8.687871834341049e-09
2363	1.0	0.0
2364	1.0	0.0
2365	1.0	0.0
2366	1.0	0.0
2367	0.0	1.0
2368	1.0	4.41436735514103e-21
2369	1.0	2.3976104531160335e-20
2371	1.0	0.0
2372	1.0	0.0
2373	0.9999984030319257	1.5969680742812147e-06
2374	1.0	2.9362114615448598e-25
2375	1.0	0.0
2376	1.0	0.0
2377	1.0	0.0
2378	1.0	5.624785068962375e-19
2379	0.9999999999999999	1.6612125591150977e-16
2380	1.0	3.035676854609077e-21
2381	1.0	1.4445636157658705e-19
2382	1.0	2.2799063817292573e-21
2383	0.9999999999999915	8.494701496148657e-15
2384	1.0	8.044890652595383e-28
2385	0.9999998787075997	1.2129240035435692e-07
2386	1.0	0.0
2387	1.0	0.0
2388	1.0	1.7262499703369122e-25
2389	1.0	0.0
2390	0.9999999999795913	2.0408694895708186e-11
2391	0.9858188067147537	0.014181193285246228
2392	0.0	1.0
2393	1.0	1.0144480502550653e-28
2394	1.0	1.1478076079190907e-19
2395	1.0	6.286824258474234e-22
2396	1.0	0.0
2397	1.0	7.57051915453238e-42
2398	1.0	0.0
2399	0.9999820585539566	1.7941446043386396e-05
2401	1.0	0.0
2402	1.0	9.094305559646922e-20
2403	0.9999505653426326	4.943465736738783e-05
2404	0.9999999999589905	4.100951081532522e-11
2405	1.0	2.8228001245313676e-19
2406	1.0	1.7328349496165624e-24
2407	1.0	0.0
2408	1.0	8.52326869211164e-22
2409	1.0	3.999768480797858e-18
2410	1.0	0.0
2411	1.0	1.2866092378868034e-18
2412	1.0	3.463246761904828e-19
2413	1.0	1.88263065036335e-21
2414	1.0	9.46088881481426e-38
2415	1.0	6.204902533662061e-19
2416	1.0	2.851230001727021e-21
2417	1.0	9.97423582627991e-19
2418	1.0	6.273697565012234e-39
2419	1.0	5.467276290537814e-35
2420	1.0	0.0
2421	1.0	2.9161078581058963e-19
2422	1.0	1.826975507572281e-21
2423	1.0	2.524305793630471e-22
2424	0.9999999999999925	7.584813076089817e-15
2425	1.0	0.0
2426	1.0	4.14671039631098e-18
2427	1.0	0.0
2428	1.0	0.0
2429	0.9999999999999974	2.549648194830916e-15
2431	1.0	3.154327523354785e-30
2432	0.0	1.0
2433	1.0	6.623190989894762e-20
2434	1.0	0.0
2435	0.9999999999999994	5.173825314064259e-16
2436	0.9999999891778079	1.0822192111402833e-08
2437	0.999999999950997	4.9003053217722885e-11
2438	1.0	1.7324092691476859e-18
2439	1.0	7.897362700704371e-21
2440	1.0	9.527710063522456e-25
2441	1.0	0.0
2442	0.9999999999999992	7.243740151264737e-16
2443	1.0	0.0
2444	0.999999999999919	8.09984979375598e-14
2445	0.9999999999997002	2.9972954070645014e-13
2446	1.0	0.0
2447	1.0	0.0
2448	1.0	2.620485738079845e-32
2449	1.0	1.4788144023341239e-18
2450	1.0	0.0
2451	1.0	0.0
2452	1.0	0.0
2453	1.0	5.758591909901421e-34
2454	1.0	2.0901507721233795e-18
2455	1.0	3.2173662625801636e-27
2456	0.4365739399624261	0.5634260600375739
2457	1.0	2.8778258630726015e-31
2458	0.9999774687609946	2.2531239005474068e-05
2459	1.0	1.8114877002147033e-19
2461	1.0	2.094946767343204e-35
2462	1.0	0.0
2463	1.0	0.0
2464	1.0	0.0
2465	1.0	9.333407406593213e-28
2466	1.0	5.0839374594866875e-18
2467	1.0	2.946662872299352e-36
2468	1.0	0.0
2469	1.0	0.0
2470	1.0	3.8402941502702496e-19
2471	1.0	1.6618741026291892e-33
2472	0.9999998402371997	1.59762800375657e-07
2473	0.9999999999980672	1.932758173792031e-12
2474	1.0	5.478006006615525e-19
2475	1.0	0.0
2476	1.0	4.717641406577332e-33
2477	1.0	2.8205410019045225e-38
2478	1.0	0.0
2479	1.0	2.8519103751479985e-25
2480	1.0	9.434087490662722e-25
2481	0.9999999999999997	3.7438111788833096e-16
2482	1.0	4.669888320614719e-19
2483	1.0	1.9871608201785545e-18
2484	1.0	0.0
2485	1.0	0.0
2486	1.0	2.7667010212373274e-29
2487	1.0	0.0
2488	1.0	0.0
2489	1.0	5.627818405924048e-27
2491	1.0	4.2852181460692075e-24
2492	1.0	2.659042747486858e-35
2493	0.9997017072879293	0.00029829271207070223
2494	0.9999999999999808	1.9220830311121615e-14
2495	1.0	2.0167462873066826e-19
2496	1.0	5.091078851448819e-22
2497	1.0	0.0
2498	1.0	0.0
2499	1.0	0.0
2500	1.0	0.0
2501	0.999999999999938	6.199115212051709e-14
2502	0.9999999999822525	1.774742737612373e-11
2503	1.0	5.9987105833250186e-21
2504	1.0	8.56472954332939e-22
2505	1.0	1.1104414189799557e-25
2506	1.0	0.0
2507	1.0	0.0
2508	1.0	0.0
2509	1.0	0.0
2510	1.0	0.0
2511	1.0	4.076560703672419e-24
2512	1.0	6.447739080287768e-39
2513	1.0	0.0
2514	1.0	0.0
2515	1.0	1.5476609624673505e-21
2516	1.0	4.748617648025749e-32
2517	1.0	8.763681962623511e-21
2518	1.0	2.374103764071033e-21
2519	1.0	0.0
2521	1.0	6.657526900680537e-36
2522	0.9999982223196682	1.7776803318389028e-06
2523	1.0	2.096199955512042e-21
2524	1.0	3.846433109943007e-20
2525	0.4867716883248515	0.5132283116751485
2526	0.9999999999999182	8.177918964598682e-14
2527	0.9999999999999998	1.7569422158091858e-16
2528	1.0	1.415713527118792e-37
2529	0.9999999995988024	4.0119767936555674e-10
2530	1.0	0.0
2531	1.0	6.584131922107428e-20
2532	1.0	1.0833306635627934e-36
2533	1.0	0.0
2534	1.0	3.0649268735285584e-31
2535	1.0	1.3067153429609744e-17
2536	0.9999996270326352	3.7296736476546945e-07
2537	0.01883983840080783	0.9811601615991922
2538	1.0	3.51370011780066e-18
2539	1.0	0.0
2540	1.0	2.956355803093503e-38
2541	1.0	0.0
2542	0.9914553991292565	0.008544600870743466
2543	1.0	0.0
2544	1.0	2.8512806367531937e-20
2545	0.9999999999999991	8.443441369996117e-16
2546	1.0	0.0
2547	1.0	0.0
2548	1.0	1.3671762056753637e-19
2549	1.0	0.0
2551	1.0	0.0
2552	1.0	0.0
2553	1.0	0.0
2554	1.0	0.0
2555	0.9999999999997431	2.5692784913634485e-13
2556	1.0	7.986106026607326e-33
2557	1.0	0.0
2558	1.0	5.477739219431434e-21
2559	1.0	3.5272533611179825e-21
2560	0.6293700476481863	0.3706299523518138
2561	0.9976698363955601	0.0023301636044399227
2562	1.0	0.0
2563	1.0	9.638931561867879e-20
2564	1.0	3.9297363088966676e-41
2565	1.0	3.575890662844187e-21
2566	1.0	0.0
2567	1.0	2.995914989301973e-22
2568	1.0	0.0
2569	1.0	0.0
2570	1.0	7.436625544608236e-19
2571	1.0	4.967972074775272e-22
2572	1.0	2.937216361222487e-21
2573	1.0	7.682988673106034e-23
2574	1.0	0.0
2575	1.0	0.0
2576	1.0	0.0
2577	1.0	0.0
2578	0.9999999983796986	1.6203013964981676e-09
2579	1.0	0.0
2581	1.0	4.206246586927383e-17
2582	1.0	4.54775709370017e-18
2583	1.0	2.630260349443477e-32
2584	1.0	9.710810778305925e-18
2585	1.0	0.0
2586	1.0	2.567363372914597e-29
2587	1.0	2.1601606787919768e-18
2588	1.0	0.0
2589	1.0	0.0
2590	1.0	9.360388391228674e-43
2591	0.9999999999999994	5.216891252465748e-16
2592	1.0	0.0
2593	1.0	0.0
2594	1.0	0.0
2595	1.0	0.0
2596	1.0	0.0
2597	1.0	0.0
2598	1.0	0.0
2599	1.0	0.0
2600	1.0	0.0
2601	1.0	1.447754951234862e-32
2602	1.0	6.633589140817745e-34
2603	0.999999999849448	1.505519764160511e-10
2604	1.0	0.0
2605	1.0	3.483900293625158e-22
2606	1.0	4.580718786270944e-35
2607	1.0	3.1650044699764376e-17
2608	1.0	1.9466912649732177e-23
2609	0.9936327049850496	0.006367295014950331
2611	1.0	1.567120731066338e-36
2612	1.0	0.0
2613	1.0	0.0
2614	1.0	1.2256087764411453e-26
2615	0.9999999999999999	9.778408511522969e-17
2616	1.0	0.0
2617	1.0	0.0
2618	1.0	2.7253506089375343e-37
2619	1.0	8.718115639289065e-21
2620	1.0	0.0
2621	1.0	0.0
2622	1.0	0.0
2623	1.0	0.0
2624	1.0	1.0236714772143975e-40
2625	1.0	0.0
2626	1.0	0.0
2627	1.0	0.0
2628	1.0	0.0
2629	1.0	0.0
2630	1.0	1.1386161127956518e-18
2631	0.9999999999999997	3.3228939818311783e-16
2632	1.0	4.520022765071966e-17
2633	1.0	0.0
2634	0.9993653770806628	0.0006346229193372159
2635	1.0	0.0
2636	1.0	6.418925779820935e-38
2637	1.0	2.778490803656034e-20
2638	1.0	0.0
2639	1.0	1.2034286638284455e-24
2641	1.0	0.0
2642	1.0	0.0
2643	1.0	0.0
2644	1.0	1.8860926441574057e-17
2645	1.0	8.951142635763957e-21
2646	1.0	7.849689349187986e-19
2647	1.0	0.0
2648	1.0	0.0
2649	0.9999999750581328	2.494186719222419e-08
2650	1.0	1.674299611524764e-20
2651	1.0	0.0
2652	1.0	6.307536161982375e-27
2653	1.0	1.5381360240383774e-20
2654	1.0	0.0
2655	1.0	4.615951495171976e-19
2656	1.0	2.4321973755358305e-19
2657	0.9999999999516476	4.8352379282302096e-11
2658	1.0	0.0
2659	1.0	0.0
2660	1.0	0.0
2661	1.0	7.205087905325245e-24
2662	1.0	0.0
2663	0.9292080594472458	0.07079194055275412
2664	1.0	1.7745913244104437e-39
2665	1.0	9.945613103281867e-25
2666	1.0	0.0
2667	1.0	1.5458548651018968e-26
2668	1.0	0.0
2669	1.0	2.4913785472311967e-21
2671	1.0	8.738102711231038e-40
2672	0.9999999986949172	1.3050828345257864e-09
2673	1.0	7.780703457817105e-18
2674	1.0	6.727051286038793e-31
2675	1.0	0.0
2676	1.0	4.444052775613527e-20
2677	1.0	0.0
2678	1.0	0.0
2679	1.0	5.471550371290293e-29
2680	1.0	6.730925266757335e-30
2681	1.0	0.0
2682	1.0	1.145815768829184e-18
2683	0.9999999999999999	1.6337026474892853e-16
2684	1.0	0.0
2685	1.0	0.0
2686	1.0	1.0955368088576308e-20
2687	1.0	1.0955368088576308e-20
2688	1.0	3.830401435305795e-18
2689	1.0	3.830401435305795e-18
2690	1.0	0.0
2691	1.0	0.0
2692	1.0	0.0
2693	0.9999999586428441	4.1357155973647774e-08
2694	1.0	0.0
2695	1.0	0.0
2696	0.9999999586428441	4.1357155973647774e-08
2697	1.0	3.7735304004812864e-20
2698	1.0	3.7735304004812864e-20
2699	0.0	1.0
2701	1.0	9.29839773541106e-21
2702	1.0	0.0
2703	1.0	9.29839773541106e-21
2704	1.0	0.0
2705	1.0	1.447754951234862e-32
2706	1.0	4.056950974964732e-31
2707	1.0	0.0
2708	1.0	5.4495238089877164e-18
2709	1.0	0.0
2710	1.0	5.4495238089877164e-18
2711	1.0	0.0
2712	1.0	0.0
2713	1.0	1.447754951234862e-32
2714	1.0	4.056950974964732e-31
2715	1.0	0.0
2716	1.0	0.0
2717	1.0	0.0
2718	1.0	0.0
2719	1.0	5.690029729744019e-19
2720	1.0	0.0
2721	1.0	0.0
2722	1.0	5.690029729744019e-19
2723	1.0	0.0
2724	1.0	0.0
2725	1.0	0.0
2726	1.0	0.0
2727	1.0	3.987250016278129e-18
2728	1.0	7.227283994306984e-26
2729	1.0	7.227283994306984e-26
2731	0.9999999842837078	1.5716292137141917e-08
2732	0.9999997974678017	2.0253219833148807e-07
2733	0.9999999440765162	5.592348383211775e-08
2734	1.0	2.126525890085996e-19
2735	1.0	0.0
2736	1.0	2.126525890085996e-19
2737	1.0	0.0
2738	1.0	3.262497877622221e-19
2739	1.0	0.0
2740	1.0	3.262497877622221e-19
2741	1.0	0.0
2742	1.0	0.0
2743	1.0	0.0
2744	1.0	0.0
2745	1.0	0.0
2746	1.0	1.0217877716040457e-27
2747	1.0	5.386934843831383e-29
2748	1.0	0.0
2749	1.0	2.8822602934128965e-20
2750	1.0	0.0
2751	1.0	2.8822602934128965e-20
2752	1.0	8.516892419673984e-21
2753	1.0	8.516892419673984e-21
2754	1.0	1.598952185366921e-28
2755	1.0	1.598952185366921e-28
2756	0.9999999999697611	3.0238882381828003e-11
2757	0.9999999999697611	3.0238882381828003e-11
2758	0.9930863742252103	0.006913625774789657
2759	0.9930863742252103	0.006913625774789657
2761	1.0	0.0
2762	1.0	1.981098140196287e-27
2763	1.0	0.0
2764	1.0	0.0
2765	1.0	1.8162615579658996e-43
2766	1.0	1.8162615579658996e-43
2767	1.0	0.0
2768	1.0	0.0
2769	1.0	1.981098140196287e-27
2770	0.9246643228787271	0.07533567712127291
2771	1.7763568394002505e-15	0.9999999999999982
2772	0.9246643228787271	0.07533567712127291
2773	1.0	0.0
2774	1.0	1.8060635576608508e-18
2775	1.0	0.0
2776	1.0	1.411517485789693e-22
2777	1.0	0.0
2778	1.0	1.8060635576608508e-18
2779	1.0	0.0
2780	1.0	0.0
2781	1.0	0.0
2782	1.0	1.9043709743952555e-18
2783	1.0	1.9043709743952555e-18
2784	0.9999999999999999	9.601951168731733e-17
2785	0.9999999999999932	6.737873689003514e-15
2786	1.0	0.0
2787	1.0	1.432622153700148e-28
2788	1.0	1.432622153700148e-28
2789	1.0	0.0
2791	0.9999999999999999	9.601951168731733e-17
2792	0.9927748554959146	0.0072251445040853735
2793	1.7763568394002505e-15	0.9999999999999982
2794	0.9927748554959146	0.0072251445040853735
2795	1.0	0.0
2796	1.0	7.132979303306208e-20
2797	1.0	0.0
2798	1.0	7.132979303306208e-20
2799	1.0	0.0
2800	1.0	0.0
2801	1.0	0.0
2802	1.0	0.0
2803	1.0	0.0
2804	1.0	0.0
2805	1.0	0.0
2806	1.0	0.0
2807	1.0	3.5731665889830946e-24
2808	1.0	5.9967690107758095e-25
2809	1.0	5.6910857300992453e-42
2810	1.0	3.5731665889830946e-24
2811	1.0	5.9967690107758095e-25
2812	1.0	0.0
2813	1.0	2.1483895545534435e-29
2814	1.0	0.0
2815	1.0	2.1483895545534435e-29
2816	0.9962594817424164	0.003740518257583553
2817	0.9443975080021454	0.05560249199785465
2818	0.9989459598289312	0.0010540401710687772
2819	0.9837232306942428	0.016276769305757204
2821	1.0	1.3819143874684296e-20
2822	1.0	0.0
2823	1.0	1.3819143874684296e-20
2824	1.0	1.1209124106269943e-24
2825	1.0	1.1209124106269943e-24
2826	1.0	5.6910857300992453e-42
2827	1.0	2.0373044498128646e-37
2828	1.0	1.1297030775795501e-21
2829	1.0	4.970114723625607e-22
2830	1.0	4.970114723625607e-22
2831	1.0	1.1297030775795501e-21
2832	0.9971530315557543	0.0028469684442457197
2833	1.0	8.477521345522941e-21
2834	0.9899428459135463	0.010057154086453645
2835	1.0	3.016567411879628e-20
2836	1.0	6.702946535666589e-36
2837	1.0	8.631855420105627e-21
2838	1.0	0.0
2839	1.0	6.702946535666589e-36
2840	1.0	8.631855420105627e-21
2841	1.0	0.0
2842	0.9999999998708706	1.2912939067015187e-10
2843	1.0	1.7785393544584646e-21
2844	1.0	5.376840052391788e-17
2845	1.0	0.0
2846	0.9999999998708706	1.2912939067015187e-10
2847	1.0	1.7785393544584646e-21
2848	1.0	5.376840052391788e-17
2849	1.0	0.0
2851	1.0	0.0
2852	1.0	0.0
2853	1.0	0.0
2854	1.0	0.0
2855	1.0	0.0
2856	1.0	0.0
2857	0.9999999999998562	1.438111946229277e-13
2858	1.0	1.3461720292129662e-17
2859	0.9999999999998562	1.438111946229277e-13
2860	1.0	1.0734737040431496e-17
2861	1.0	0.0
2862	1.0	1.1925522556517805e-19
2863	1.0	0.0
2864	1.0	1.1925522556517805e-19
2865	1.0	0.0
2866	1.0	0.0
2867	1.0	2.3026903255455724e-38
2868	1.0	0.0
2869	1.0	7.036578282584051e-36
2870	1.0	2.3026903255455724e-38
2871	1.0	0.0
2872	1.0	0.0
2873	1.0	0.0
2874	0.9999999999999996	4.531647105761569e-16
2875	0.006795458502332874	0.9932045414976671
2876	0.006795458502332874	0.9932045414976671
2877	1.0	1.0483091453953825e-20
2878	1.0	0.0
2879	1.0	1.0483091453953825e-20
2881	1.0	4.508255446292211e-20
2882	1.0	4.508255446292211e-20
2883	1.0	2.7777324036520764e-20
2884	1.0	2.7777324036520764e-20
2885	1.0	0.0
2886	1.0	7.036578282584051e-36
2887	1.0	0.0
2888	0.9994724391160629	0.0005275608839371222
2889	1.0	0.0
2890	0.999919198748048	8.08012519519519e-05
2891	1.0	5.90296790436998e-20
2892	1.0	5.90296790436998e-20
2893	1.0	0.0
2894	1.0	3.545743554760857e-28
2895	1.0	0.0
2896	1.0	0.0
2897	1.0	2.2092620054076895e-26
2898	0.9999999999999984	1.5091345255072546e-15
2899	0.9999999999999714	2.8625094763011044e-14
2900	1.0	3.780216021266922e-19
2901	1.0	3.780216021266922e-19
2902	1.0	2.1642684810400806e-19
2903	1.0	2.1642684810400806e-19
2904	1.0	4.54607450965731e-19
2905	1.0	0.0
2906	1.0	3.6230059234247246e-19
2907	1.0	0.0
2908	1.0	5.827873226245873e-22
2909	1.0	4.54607450965731e-19
2911	1.0	3.6230059234247246e-19
2912	1.0	0.0
2913	1.0	5.827873226245873e-22
2914	1.0	9.870774524876425e-38
2915	1.0	4.681802854943778e-18
2916	1.0	8.171719793453258e-38
2917	1.0	5.89280680493041e-19
2918	1.0	5.89280680493041e-19
2919	1.0	8.171719793453258e-38
2920	1.0	0.0
2921	1.0	0.0
2922	1.0	0.0
2923	1.0	9.643168446936025e-22
2924	1.0	1.4982507371090826e-20
2925	1.0	0.0
2926	1.0	9.643168446936025e-22
2927	1.0	3.545743554760857e-28
2928	1.0	1.4982507371090826e-20
2929	1.0	0.0
2930	1.0	0.0
2931	0.9999999998594333	1.4056672209156873e-10
2932	1.0	9.870774524876425e-38
2933	1.0	0.0
2934	0.9999999998594333	1.4056672209156873e-10
2935	1.0	0.0
2936	1.0	0.0
2937	0.9999999999935929	6.407138418292839e-12
2938	0.9999999999935929	6.407138418292839e-12
2939	1.0	1.2364573829936772e-23
2941	0.9999944640195072	5.53598049283186e-06
2942	1.0	4.771435100533004e-37
2943	1.0	0.0
2944	1.0	4.771435100533004e-37
2945	1.0	0.0
2946	1.0	5.265743757919718e-17
2947	1.0	5.265743757919718e-17
2948	0.9999999999999998	2.0237832220084977e-16
2949	0.9999999999999998	2.0237832220084977e-16
2950	0.9456061264229657	0.054393873577034325
2951	1.0	0.0
2952	0.9999822472530652	1.775274693482898e-05
2953	0.9456061264229657	0.054393873577034325
2954	0.9999822472530652	1.775274693482898e-05
2955	0.9999990948441868	9.051558131558102e-07
2956	0.0	1.0
2957	1.0	1.2606016080357511e-29
2958	1.0	1.8850456841568223e-27
2959	1.0	1.9359878576371815e-31
2960	1.0	2.369034456947328e-20
2961	1.0	1.9359878576371815e-31
2962	1.0	2.369034456947328e-20
2963	1.0	0.0
2964	1.0	0.0
2965	1.0	0.0
2966	1.0	0.0
2967	0.9999996506574279	3.493425721029803e-07
2968	0.9999996506574279	3.493425721029803e-07
2969	1.0	6.723223365801987e-34
2971	1.0	6.723223365801987e-34
2972	1.0	0.0
2973	0.9999999985572617	1.4427382346902163e-09
2974	0.9999999948662859	5.133714147322206e-09
2975	1.0	1.0524663778397098e-20
2976	1.0	1.0524663778397098e-20
2977	1.0	0.0
2978	1.0	4.132753743066207e-27
2979	1.0	0.0
2980	1.0	4.132753743066207e-27
2981	1.0	0.0
2982	1.0	5.786250374948785e-32
2983	1.0	5.786250374948785e-32
2984	1.0	0.0
2985	0.999695724767229	0.0003042752327710218
2986	0.9989181356512029	0.0010818643487970961
2987	1.0	0.0
2988	1.0	0.0
2989	1.0	0.0
2990	1.0	8.222913530221596e-22
2991	1.0	0.0
2992	1.0	8.222913530221596e-22
2993	0.9999999999969237	3.0763701317299708e-12
2994	1.0	0.0
2995	0.9999971005587598	2.8994412401715807e-06
2996	1.0	6.181358080253128e-18
2997	1.0	6.181358080253128e-18
2998	0.9999971005587598	2.8994412401715807e-06
2999	1.0	0.0
3001	1.0	2.0867605804380674e-20
3002	1.0	0.0
3003	1.0	2.0867605804380674e-20
3004	1.0	0.0
3005	1.0	0.0
3006	0.9999999999999969	3.0590372720100667e-15
3007	0.9999999999999969	3.0590372720100667e-15
3008	1.0	0.0
3009	1.0	0.0
3010	1.0	1.0657038304328014e-31
3011	1.0	1.0657038304328014e-31
3012	0.9999999999999999	9.889279167590658e-17
3013	1.0	1.191143885995584e-19
3014	1.0	0.0
3015	0.9999999999999999	9.889279167590658e-17
3016	1.0	1.191143885995584e-19
3017	0.9999999999999987	1.2945615512163914e-15
3018	0.9982486885488238	0.0017513114511762302
3019	0.9982486885488238	0.0017513114511762302
3020	1.0	7.197551535419033e-27
3021	1.0	1.9637199938426116e-35
3022	1.0	3.3624527097420766e-20
3023	1.0	1.9637199938426116e-35
3024	1.0	1.3341011587121022e-20
3025	1.0	1.3341011587121022e-20
3026	1.0	1.0942861865480082e-17
3027	0.9999999982253592	1.7746407399801342e-09
3028	1.0	1.0942861865480082e-17
3029	0.9999999982253592	1.7746407399801342e-09
3031	0.9999999996720625	3.279374115857523e-10
3032	1.0	0.0
3033	1.0	0.0
3034	1.0	0.0
3035	1.0	1.447754951234862e-32
3036	1.0	0.0
3037	1.0	1.0410878128395153e-27
3038	1.0	0.0
3039	1.0	3.2935358902389396e-22
3040	0.9968072901279189	0.0031927098720810855
3041	1.0	8.37642019033842e-20
3042	1.0	0.0
3043	1.0	0.0
3044	1.0	1.447754951234862e-32
3045	0.9998225247136603	0.00017747528633968028
3046	1.0	0.0
3047	1.0	1.071149113784774e-22
3048	1.0	0.0
3049	1.0	0.0
3050	1.0	3.7004041502229205e-26
3051	1.0	1.809344431884687e-20
3052	0.9995403538819272	0.0004596461180727872
3053	1.0	0.0
3054	1.0	3.9059701561750815e-23
3055	1.0	1.5699149064660298e-42
3056	0.002152799866499411	0.9978472001335006
3057	0.3773454935203918	0.6226545064796082
3058	1.0	0.0
3059	1.0	0.0
3061	1.0	0.0
3062	1.0	2.2854838026035187e-21
3063	1.0	0.0
3064	1.0	1.0898979419093839e-23
3065	1.0	1.447754951234862e-32
3066	1.0	0.0
3067	1.0	0.0
3068	1.0	0.0
3069	1.0	0.0
3070	0.999999998880435	1.1195650113381059e-09
3071	1.0	9.77208771458879e-18
3072	1.0	2.2171059674452643e-20
3073	1.0	0.0
3074	1.0	0.0
3075	1.0	0.0
3076	0.999999999968111	3.188900129896356e-11
3077	1.0	1.040804388482224e-20
3078	1.0	0.0
3079	1.0	1.6354639529537706e-18
3080	0.9999999999999957	4.326540118049409e-15
3081	1.0	0.0
3082	1.0	9.5758654425926e-36
3083	1.0	2.1911914568585524e-21
3084	1.0	0.0
3085	1.0	0.0
3086	0.9998219037418105	0.0001780962581895694
3087	1.0	0.0
3088	1.0	1.685579845670727e-33
3089	1.0	2.439411905484634e-20
3091	1.0	0.0
3092	0.9999998017287743	1.9827122560905783e-07
3093	0.9999999999994353	5.646933782308849e-13
3094	0.9999999987528186	1.2471813906034769e-09
3095	1.0	0.0
3096	1.0	0.0
3097	0.965143033528644	0.034856966471356075
3098	5.851904378850747e-07	0.9999994148095621
3099	1.0	6.142892615122347e-20
3100	1.0	0.0
3101	0.9999999954218088	4.5781911178659045e-09
3102	1.0	0.0
3103	1.0	4.750272981746127e-17
3104	1.0	0.0
3105	1.0	0.0
3106	1.0	3.342493236961655e-20
3107	0.9999999999350674	6.493259087136364e-11
3108	1.0	0.0
3109	0.9989704084797824	0.0010295915202175984
3110	1.0	0.0
3111	1.0	1.6361140991573077e-30
3112	0.9999999989207754	1.0792245709558692e-09
3113	1.0	0.0
3114	1.0	4.8921337766505155e-21
3115	1.0	9.468168498962763e-34
3116	1.0	0.0
3117	1.0	0.0
3118	1.0	0.0
3119	1.0	0.0
3121	1.0	1.447754951234862e-32
3122	1.0	0.0
3123	1.0	6.4320076449520746e-43
3124	1.0	2.9694057559526273e-36
3125	0.9999999999999992	7.280363668502955e-16
3126	1.0	1.17787598140391e-21
3127	1.0	7.779295414821731e-20
3128	1.0	0.0
3129	1.0	0.0
3130	1.0	0.0
3131	1.0	0.0
3132	1.0	7.036578282584051e-36
3133	1.0	8.609433790832741e-27
3134	1.0	0.0
3135	1.0	0.0
3136	1.0	0.0
3137	1.0	0.0
3138	1.0	0.0
3139	1.0	2.9240959603445735e-27
3140	1.0	8.303616923243635e-21
3141	1.0	0.0
3142	1.0	7.241475661163713e-18
3143	1.0	0.0
3144	1.0	0.0
3145	1.0	0.0
3146	1.0	2.548294601097746e-32
3147	1.0	5.212368570946478e-42
3148	1.0	0.0
3149	1.0	0.0
3151	1.0	0.0
3152	1.0	0.0
3153	1.0	1.2369455913824416e-35
3154	1.0	2.8307761607291503e-39
3155	1.0	0.0
3156	1.0	8.838305404642756e-22
3157	1.0	0.0
3158	1.0	0.0
3159	1.0	0.0
3160	1.0	1.878701058250364e-23
3161	1.0	1.1579091818173432e-19
3162	1.0	6.644340607870168e-31
3163	1.0	0.0
3164	1.0	0.0
3165	1.0	0.0
3166	1.0	2.9034421760351836e-38
3167	1.0	0.0
3168	1.0	0.0
3169	1.0	0.0
3170	1.0	0.0
3171	1.0	2.4968650980226943e-18
3172	1.0	0.0
3173	1.0	0.0
3174	1.0	0.0
3175	1.0	0.0
3176	1.0	1.1014704936758214e-23
3177	1.0	3.3303235146389873e-21
3178	1.0	0.0
3179	1.0	0.0
3181	1.0	0.0
3182	1.0	0.0
3183	1.0	2.1848925271636832e-36
3184	1.0	1.5395612236162195e-39
3185	1.0	0.0
3186	1.0	1.4717320674307725e-20
3187	1.0	0.0
3188	1.0	0.0
3189	0.9999999999999998	1.8075286857621777e-16
3190	1.0	0.0
3191	1.0	9.262108342516858e-19
3192	1.0	0.0
3193	1.0	4.295162110470453e-34
3194	0.9999999999999944	5.56819982642892e-15
3195	0.9999999999997287	2.7139130140380397e-13
3196	0.9999999999999979	2.1155225744788087e-15
3197	1.0	1.0530032348101868e-19
3198	0.9999999999836392	1.6360776791598968e-11
3199	0.9999794935518911	2.0506448108914775e-05
3200	1.0	0.0
3201	1.0	4.0470350450833166e-29
3202	1.0	2.1918094621498495e-24
3203	1.0	0.0
3204	1.0	0.0
3205	1.0	7.909331427482387e-27
3206	1.0	5.170168375701799e-30
3207	1.0	9.89522959183287e-19
3208	1.0	0.0
3209	1.0	1.3110763872727462e-25
3211	1.0	3.1360502763712575e-35
3212	1.0	4.4000574208054385e-27
3213	0.9999938432639827	6.156736017383432e-06
3214	1.0	3.623422776825299e-20
3215	1.0	4.1359846128434937e-19
3216	1.0	0.0
3217	1.0	0.0
3218	1.0	0.0
3219	1.0	0.0
3220	0.975822286819698	0.024177713180302016
3221	0.012457958872304165	0.9875420411276958
3222	1.0	1.23105013001017e-19
3223	1.0	7.758074037901743e-22
3224	0.9999999999999994	5.107020594113987e-16
3225	1.0	2.9467362584449154e-20
3226	1.0	0.0
3227	1.0	0.0
3228	1.0	0.0
3229	1.0	0.0
3230	1.0	2.3472014908736125e-20
3231	0.9999999999981652	1.8347815172091332e-12
3232	1.0	3.7643454230507185e-39
3233	0.9999999867742642	1.3225735878310488e-08
3234	1.0	8.649101234299829e-20
3235	1.0	0.0
3236	1.0	9.771974557401555e-20
3237	1.0	1.4699098364252117e-39
3238	1.0	0.0
3239	1.0	4.10116527533071e-20
3241	1.0	2.4728659555602705e-34
3242	1.0	0.0
3243	1.0	0.0
3244	1.0	2.9657180010069897e-20
3245	1.0	0.0
3246	1.0	1.5961849450052875e-30
3247	1.0	3.8914004149358404e-31
3248	1.0	0.0
3249	1.0	1.0345007621162458e-19
3250	1.0	0.0
3251	0.8785625041854325	0.12143749581456757
3252	1.0	1.0093346727737873e-30
3253	1.0	4.781596564136255e-18
3254	0.9999999999998874	1.1253260977606944e-13
3255	1.0	9.332721241116849e-21
3256	1.0	0.0
3257	1.0	0.0
3258	1.0	1.659270921872434e-27
3259	0.9999999999999997	3.394370948093253e-16
3260	0.9999999999999571	4.288228238981497e-14
3261	1.0	0.0
3262	1.0	0.0
3263	1.0	0.0
3264	1.0	0.0
3265	1.0	3.052228132896766e-21
3266	1.0	0.0
3267	1.0	0.0
3268	1.0	1.5497650427483348e-25
3269	1.0	0.0
3271	1.0	1.6927719474169582e-20
3272	0.00013977358258943084	0.9998602264174106
3273	0.03866630192194831	0.9613336980780517
3274	1.0	0.0
3275	0.9999999999999708	2.9144567661951216e-14
3276	1.0	6.48940294717421e-19
3277	1.0	0.0
3278	1.0	0.0
3279	1.0	0.0
3280	0.9991623777059648	0.0008376222940351166
3281	1.0	4.740609448412767e-17
3282	1.0	0.0
3283	1.0	0.0
3284	1.0	3.6602801474391184e-37
3285	1.0	2.298967469770917e-19
3286	1.0	1.0069958745770626e-34
3287	1.0	1.2672189756312143e-25
3288	1.0	3.555920305755034e-18
3289	1.0	1.447754951234862e-32
3290	1.0	1.6862163605308343e-39
3291	0.9999999999939083	6.091690630371127e-12
3292	1.0	1.8916682204721134e-20
3293	1.0	0.0
3294	1.0	4.583410680361628e-26
3295	1.0	9.57332173057434e-19
3296	0.9999991043072239	8.95692776098376e-07
3297	1.0	9.718127290965613e-20
3298	1.0	0.0
3299	1.0	0.0
3301	0.999999999965124	3.487604397709115e-11
3302	1.0	0.0
3303	1.0	1.9995748260745336e-20
3304	0.9999999999925875	7.4125615510456e-12
3305	1.0	8.194519798780658e-19
3306	1.0	2.0289746116638084e-20
3307	1.0	0.0
3308	0.9999999999973922	2.6078499254677375e-12
3309	1.0	0.0
3310	1.0	0.0
3311	1.0	3.758815952898235e-43
3312	1.0	0.0
3313	1.0	0.0
3314	1.0	0.0
3315	1.0	2.1407876306315312e-40
3316	1.0	0.0
3317	0.9999999999997673	2.3275340866201584e-13
3318	0.9999999999999989	1.1460148838163292e-15
3319	1.0	1.6826485857671187e-21
3320	0.9999999999812447	1.8755290183942854e-11
3321	1.0	2.162706262546569e-20
3322	0.8637416618571903	0.1362583381428097
3323	1.0	0.0
3324	1.0	0.0
3325	1.0	0.0
3326	1.0	0.0
3327	1.0	0.0
3328	0.9999999999999672	3.276796653684436e-14
3329	1.0	0.0
3331	0.9999999999657126	3.428732954715001e-11
3332	1.0	0.0
3333	1.0	0.0
3334	1.0	1.3576530328724276e-35
3335	1.0	0.0
3336	1.0	0.0
3337	1.0	0.0
3338	1.0	7.537458670167322e-20
3339	1.0	0.0
3340	1.0	0.0
3341	1.0	0.0
3342	1.0	0.0
3343	1.0	5.449378653888469e-22
3344	0.9999999999630694	3.6930613167447936e-11
3345	0.007796851617824174	0.9922031483821758
3346	1.0	1.8921683213665905e-30
3347	1.0	2.2903668079530472e-17
3348	1.0	0.0
3349	1.0	0.0
3350	1.0	0.0
3351	1.0	0.0
3352	1.0	4.7085805003728067e-29
3353	1.0	0.0
3354	1.0	0.0
3355	1.0	0.0
3356	1.0	7.361412558968243e-39
3357	1.0	1.3304262947494683e-24
3358	1.0	6.381129202982745e-34
3359	1.0	1.5988271728186472e-18
3361	1.0	0.0
3362	1.0	0.0
3363	1.0	0.0
3364	1.0	0.0
3365	1.0	5.597292159170855e-33
3366	0.9999999998703949	1.2960510791639882e-10
3367	1.0	0.0
3368	1.0	0.0
3369	0.9999999999999997	2.7882605050366975e-16
3370	1.0	0.0
3371	0.49610274445168734	0.5038972555483127
3372	0.0	1.0
3373	1.0	0.0
3374	0.9999999999998206	1.7936548820900371e-13
3375	1.0	1.4830348089406487e-23
3376	1.0	0.0
3377	0.999999999999998	2.0291750500405834e-15
3378	1.0	0.0
3379	1.0	0.0
3380	0.9999999941406282	5.859371801666114e-09
3381	1.0	0.0
3382	1.0	0.0
3383	9.806381922050633e-07	0.9999990193618078
3384	0.9999999999999993	6.270561683788215e-16
3385	0.9999999999999993	6.455555204839921e-16
3386	1.0	0.0
3387	1.0	0.0
3388	1.0	0.0
3389	0.8167613080336794	0.18323869196632062
3391	0.995290213719029	0.004709786280970952
3392	0.9999999999999991	9.042559455892891e-16
3393	1.0	0.0
3394	0.9999999943909729	5.609027094092313e-09
3395	1.0	0.0
3396	1.0	0.0
3397	0.9999999999999997	3.377747992319101e-16
3398	0.9999999999999999	7.059187352616159e-17
3399	1.0	0.0
3400	1.0	0.0
3401	1.0	0.0
3402	1.0	7.755937266438012e-36
3403	1.0	0.0
3404	1.0	9.786916379770218e-31
3405	0.9343720241696476	0.06562797583035239
3406	1.0	0.0
3407	1.0	0.0
3408	0.9417313122521043	0.058268687747895724
3409	1.0	3.7175785765242763e-35
3410	0.04480987676595749	0.9551901232340425
3411	1.0	0.0
3412	1.0	0.0
3413	0.9999999981763591	1.8236408757384537e-09
3414	1.0	1.0176263019589883e-25
3415	1.0	0.0
3416	1.0	1.3437167087142887e-18
3417	1.0	2.0581122191004855e-21
3418	0.9999999999999999	1.5826758272166713e-16
3419	1.0	0.0
3421	1.0	0.0
3422	1.0	0.0
3423	1.0	0.0
3424	1.0	1.7398668185986917e-43
3425	1.0	6.49327608947125e-33
3426	1.0	3.677601692897772e-21
3427	1.0	0.0
3428	1.0	2.0295358557884173e-32
3429	1.0	3.2033061860482162e-27
3430	1.0	5.716009489734063e-18
3431	0.9999999998652576	1.3474239196782666e-10
3432	0.9999048842753844	9.511572461561694e-05
3433	1.0	0.0
3434	1.0	0.0
3435	1.0	0.0
3436	1.0	0.0
3437	1.0	0.0
3438	1.0	0.0
3439	1.0	0.0
3440	1.0	0.0
3441	0.9999929349938653	7.065006134687045e-06
3442	1.0	0.0
3443	1.0	0.0
3444	1.0	2.518008873040947e-35
3445	0.0	1.0
3446	1.0	4.980820951375766e-19
3447	1.0	1.0313227917592436e-30
3448	1.0	2.4837638364613265e-31
3449	1.0	0.0
3451	1.0	2.725671926665815e-27
3452	0.9999999999959779	4.0221698760932395e-12
3453	0.9999999999999675	3.254508850041758e-14
3454	0.9999999774018838	2.259811618847157e-08
3455	0.9999820506468786	1.7949353121412394e-05
3456	1.0	3.8613696415981927e-28
3457	1.0	1.3161417735076594e-28
3458	0.9999999999430592	5.694074468669168e-11
3459	0.999951913614295	4.808638570495808e-05
3460	1.0	0.0
3461	0.9999999999999893	1.068341296586102e-14
3462	0.9999999985707184	1.4292815313676212e-09
3463	1.0	2.025973064372415e-22
3464	0.9999999998187845	1.8121544385723313e-10
3465	0.9999999999999998	2.2160151593535604e-16
3466	1.0	3.0542444671508046e-32
3467	1.0	0.0
3468	0.9999968513419832	3.1486580167257626e-06
3469	0.9999999999989717	1.028248667732656e-12
3470	1.0	4.008352046573856e-24
3471	1.0	0.0
3472	1.0	0.0
3473	1.0	0.0
3474	1.0	1.179229444437986e-40
3475	1.0	0.0
3476	0.9999999026920118	9.730798825182598e-08
3477	1.0	0.0
3478	1.0	4.583607117882537e-31
3479	1.0	0.0
3481	0.9999999999999954	4.5609738152989575e-15
3482	1.0	0.0
3483	1.0	0.0
3484	1.0	1.4402744238215468e-37
3485	1.0	0.0
3486	1.0	0.0
3487	1.0	0.0
3488	1.0	0.0
3489	0.9999999433284137	5.6671586294999586e-08
3490	0.9999999993922929	6.077070925450641e-10
3491	0.9999810448197096	1.8955180290351137e-05
3492	1.0	0.0
3493	1.0	0.0
3494	1.0	0.0
3495	0.9999999999999333	6.671600151511761e-14
3496	1.0	0.0
3497	0.9999999999999823	1.765979374841814e-14
3498	1.0	0.0
3499	1.0	0.0
3500	1.0	2.205251239069021e-33
3501	1.0	0.0
3502	1.0	3.285642237025358e-17
3503	1.0	0.0
3504	0.9999999999542357	4.576424000024051e-11
3505	1.0	0.0
3506	0.9999999999808916	1.9108348892116722e-11
3507	1.0	0.0
3508	1.0	0.0
3509	1.0	0.0
3511	0.9999999999999997	2.813681339953857e-16
3512	1.0	0.0
3513	1.0	0.0
3514	1.0	2.5272361310221113e-23
3515	1.0	0.0
3516	1.0	2.2969518630446383e-22
3517	1.0	0.0
3518	1.0	0.0
3519	1.0	0.0
3520	0.9990512639451564	0.0009487360548436082
3521	1.0	0.0
3522	1.0	7.885275986359632e-19
3523	6.373124250558249e-12	0.9999999999936269
3524	1.0	5.07550274076353e-19
3525	1.0	1.1927439663311283e-19
3526	0.0	1.0
3527	0.9999999999999991	9.217263491312395e-16
3528	1.0	0.0
3529	1.0	0.0
3530	0.9855749271683538	0.014425072831646204
3531	1.0	0.0
3532	1.0	0.0
3533	1.0	0.0
3534	1.0	1.1881089756614675e-20
3535	1.0	0.0
3536	1.0	0.0
3537	1.0	0.0
3538	0.9975126628976023	0.0024873371023976677
3539	9.992007221626409e-14	0.9999999999999001
3541	1.0	0.0
3542	1.0	0.0
3543	1.0	0.0
3544	1.0	0.0
3545	1.0	0.0
3546	1.0	8.706095728864482e-44
3547	1.0	0.0
3548	1.0	0.0
3549	1.0	1.2043171337991067e-39
3550	0.9999930530616215	6.946938378496262e-06
3551	1.0	0.0
3552	1.0	0.0
3553	1.0	0.0
3554	1.0	0.0
3555	1.0	3.5670952766531755e-19
3556	1.0	2.1117073820955094e-21
3557	1.0	0.0
3558	1.0	0.0
3559	1.0	0.0
3560	1.0	0.0
3561	1.0	5.871384518501045e-33
3562	1.0	0.0
3563	0.07317354706166801	0.926826452938332
3564	1.0	1.2073979749792107e-23
3565	1.0	0.0
3566	1.0	0.0
3567	1.0	1.569387583589142e-27
3568	1.0	0.0
3569	0.0	1.0
3571	1.0	0.0
3572	1.0	0.0
3573	1.0	0.0
3574	1.0	0.0
3575	1.0	0.0
3576	1.0	0.0
3577	1.0	0.0
3578	1.0	0.0
3579	1.0	0.0
3580	1.0	1.6127089041914314e-19
3581	1.0	1.304712794267299e-22
3582	1.0	4.377195251234372e-41
3583	1.0	0.0
3584	0.9987522540200582	0.0012477459799418715
3585	0.0	1.0
3586	1.0	0.0
3587	1.0	1.7412025090487852e-38
3588	0.999999999990408	9.591976872449142e-12
3589	0.0	1.0
3590	0.0	1.0
3591	1.0	6.701186217258526e-25
3592	1.0	0.0
3593	1.0	4.626339957190304e-19
3594	0.9999303761472529	6.962385274713937e-05
3595	1.0	0.0
3596	1.0	0.0
3597	0.09527188083138871	0.9047281191686113
3598	1.0	1.7685997034832473e-41
3599	1.0	0.0
3601	1.0	0.0
3602	1.0	0.0
3603	0.8490857986901605	0.15091420130983943
3604	1.0	0.0
3605	1.0	0.0
3606	1.0	1.0814676382937483e-32
3607	1.0	0.0
3608	1.0	2.164320633962175e-25
3609	1.0	4.5872807126475956e-42
3610	1.0	0.0
3611	1.0	2.448591339482701e-43
3612	1.0	1.9244380203751147e-41
3613	1.0	5.496701914640148e-25
3614	1.0	0.0
3615	1.0	0.0
3616	0.999392662636632	0.0006073373633680809
3617	1.0	0.0
3618	1.0	0.0
3619	1.0	0.0
3620	1.0	0.0
3621	1.0	0.0
3622	1.0	9.5619902033801e-44
3623	0.9847107606549381	0.015289239345061883
3624	1.0	0.0
3625	1.0	1.192199296291606e-18
3626	1.0	4.432651977288318e-33
3627	0.9999999985065852	1.4934148732368585e-09
3628	1.0	0.0
3629	0.9999999999999979	2.0628343370738448e-15
3631	1.0	0.0
3632	1.0	0.0
3633	0.9999999999926857	7.314266377514547e-12
3634	1.0	0.0
3635	1.0	0.0
3636	1.0	0.0
3637	1.0	0.0
3638	1.0	0.0
3639	1.0	0.0
3640	1.0	0.0
3641	1.0	0.0
3642	1.0	1.3688448576638867e-39
3643	1.0	0.0
3644	1.0	4.5585004991305294e-40
3645	1.0	0.0
3646	1.0	0.0
3647	1.0	0.0
3648	1.0	3.487406469337189e-27
3649	1.0	0.0
3650	1.0	0.0
3651	1.0	0.0
3652	1.0	0.0
3653	1.0	0.0
3654	1.0	0.0
3655	0.9999999908445099	9.155490143570894e-09
3656	1.0	0.0
3657	1.0	1.358794272964686e-32
3658	1.0	0.0
3659	1.0	0.0
3661	1.0	0.0
3662	1.0	8.327249846348616e-35
3663	1.0	0.0
3664	1.0	0.0
3665	1.0	0.0
3666	1.0	0.0
3667	1.0	0.0
3668	0.9999996787376384	3.212623615717025e-07
3669	1.0	7.060704420907492e-24
3670	1.0	0.0
3671	1.0	0.0
3672	0.0	1.0
3673	0.0	1.0
3674	0.9708715487304552	0.029128451269544782
3675	0.0	1.0
3676	0.0	1.0
3677	3.5204608561656414e-07	0.9999996479539144
3678	0.0	1.0
3679	0.0	1.0
3680	0.0	1.0
3681	0.0	1.0
3682	0.0	1.0
3683	5.639932965095795e-14	0.9999999999999436
3684	0.0	1.0
3685	6.59472476627343e-14	0.999999999999934
3686	0.0	1.0
3687	0.0	1.0
3688	0.0	1.0
3689	0.0	1.0
3691	0.0	1.0
3692	2.121596543447346e-06	0.9999978784034566
3693	0.0	1.0
3694	0.0001963158534697973	0.9998036841465302
3695	0.0	1.0
3696	0.0	1.0
3697	0.0	1.0
3698	0.0	1.0
3699	0.0	1.0
3700	4.78705963757875e-12	0.9999999999952129
3701	0.0	1.0
3702	0.0	1.0
3703	0.0	1.0
3704	0.0	1.0
3705	0.0	1.0
3706	0.004065893879259597	0.9959341061207404
3707	3.4062375142696055e-10	0.9999999996593762
3708	0.0	1.0
3709	3.86335408109062e-11	0.9999999999613665
3710	0.0	1.0
3711	0.0	1.0
3712	0.0	1.0
3713	0.000746605246938481	0.9992533947530615
3714	0.0	1.0
3715	0.0	1.0
3716	0.2625780353953099	0.7374219646046901
3717	0.0	1.0
3718	1.532107773982716e-14	0.9999999999999847
3719	0.0	1.0
3721	0.0	1.0
3722	0.0	1.0
3723	1.3322676295501878e-15	0.9999999999999987
3724	0.0	1.0
3725	0.0	1.0
3726	0.0	1.0
3727	0.0	1.0
3728	0.0	1.0
3729	0.0	1.0
3730	0.0	1.0
3731	0.0	1.0
3732	5.822624193907444e-08	0.9999999417737581
3733	0.0	1.0
3734	0.0	1.0
3735	0.0008131740072768734	0.9991868259927231
3736	0.0	1.0
3737	0.0	1.0
3738	0.0	1.0
3739	4.9996078388403475e-09	0.9999999950003922
3740	0.0	1.0
3741	0.0	1.0
3742	0.0	1.0
3743	0.02811794711091442	0.9718820528890856
3744	0.0	1.0
3745	1.3322676295501878e-15	0.9999999999999987
3746	0.0	1.0
3747	0.0	1.0
3748	0.14707161885821363	0.8529283811417864
3749	0.004179330760476163	0.9958206692395238
3751	0.008405326070326402	0.9915946739296736
3752	0.0010855131682063757	0.9989144868317936
3753	0.0	1.0
3754	0.0	1.0
3755	0.0	1.0
3756	0.0	1.0
3757	0.0	1.0
3758	0.0	1.0
3759	0.0	1.0
3760	0.0	1.0
3761	0.0	1.0
3762	4.440892098500626e-16	0.9999999999999996
3763	0.0	1.0
3764	0.0	1.0
3765	0.0	1.0
3766	0.0	1.0
3767	0.0	1.0
3768	0.0	1.0
3769	0.0	1.0
3770	0.0	1.0
3771	0.0	1.0
3772	0.0008099949673330276	0.999190005032667
3773	0.0	1.0
3774	0.00010680301444387919	0.9998931969855561
3775	0.0	1.0
3776	0.0	1.0
3777	0.0	1.0
3778	0.0	1.0
3779	0.0	1.0
3781	0.0	1.0
3782	4.3232084578903596e-13	0.9999999999995677
3783	3.075328658397325e-09	0.9999999969246713
3784	0.0	1.0
3785	0.0	1.0
3786	0.0	1.0
3787	0.026967887348552377	0.9730321126514476
3788	0.0	1.0
3789	4.733166037107495e-06	0.9999952668339629
3790	0.0	1.0
3791	0.0	1.0
3792	0.0	1.0
3793	4.021227795192317e-13	0.9999999999995979
3794	0.0	1.0
3795	0.0	1.0
3796	0.0	1.0
3797	2.220446049250313e-16	0.9999999999999998
3798	0.0	1.0
3799	0.0	1.0
3800	0.0	1.0
3801	0.0	1.0
3802	0.0	1.0
3803	0.0	1.0
3804	0.0	1.0
3805	2.6984547929487235e-10	0.9999999997301545
3806	0.0	1.0
3807	0.0	1.0
3808	0.0	1.0
3809	0.0	1.0
3811	0.0	1.0
3812	0.0	1.0
3813	0.0	1.0
3814	3.4727712039384073e-07	0.9999996527228796
3815	0.0	1.0
3816	0.0	1.0
3817	0.0	1.0
3818	1.3322676295501878e-15	0.9999999999999987
3819	1.3347631741322807e-05	0.9999866523682587
3820	0.0	1.0
3821	0.0	1.0
3822	0.0	1.0
3823	0.0	1.0
3824	0.0	1.0
3825	0.0	1.0
3826	0.0	1.0
3827	0.0	1.0
3828	0.0	1.0
3829	0.0	1.0
3830	0.9965219941497793	0.0034780058502207572
3831	0.0	1.0
3832	0.07401724379218222	0.9259827562078178
3833	0.0	1.0
3834	0.0	1.0
3835	0.00973550072331375	0.9902644992766862
3836	0.0	1.0
3837	0.0	1.0
3838	0.0	1.0
3839	0.0	1.0
3841	0.0	1.0
3842	5.976418693265373e-09	0.9999999940235813
3843	0.0	1.0
3844	0.0	1.0
3845	0.0	1.0
3846	0.0	1.0
3847	0.0	1.0
3848	0.0	1.0
3849	0.0	1.0
3850	0.015754002060172745	0.9842459979398273
3851	0.0	1.0
3852	0.0	1.0
3853	0.0	1.0
3854	0.0	1.0
3855	0.0	1.0
3856	5.230785971033214e-08	0.9999999476921403
3857	0.0	1.0
3858	0.0	1.0
3859	0.0	1.0
3860	1.0047518372857667e-12	0.9999999999989952
3861	6.787107581462948e-05	0.9999321289241854
3862	1.8829382497642655e-13	0.9999999999998117
3863	2.6645352591003757e-14	0.9999999999999734
3864	1.3720207665879336e-05	0.9999862797923341
3865	1.1841380689325831e-06	0.9999988158619311
3866	0.0	1.0
3867	0.0	1.0
3868	0.0	1.0
3869	0.0	1.0
3871	0.0	1.0
3872	0.0	1.0
3873	0.0	1.0
3874	0.00013856741268669648	0.9998614325873133
3875	0.0	1.0
3876	0.0	1.0
3877	0.0	1.0
3878	0.0	1.0
3879	0.0	1.0
3880	0.0003307228953457475	0.9996692771046543
3881	0.04630381223136226	0.9536961877686377
3882	0.0	1.0
3883	4.1268330974730816e-09	0.9999999958731669
3884	1.3788969965844444e-13	0.9999999999998621
3885	0.0	1.0
3886	0.0	1.0
3887	0.0	1.0
3888	0.000991046926309469	0.9990089530736905
3889	0.0016795128746206478	0.9983204871253794
3890	0.0	1.0
3891	0.0	1.0
3892	0.0	1.0
3893	2.437340340111227e-06	0.9999975626596599
3894	1.1665619539247274e-05	0.9999883343804608
3895	0.0010620267760795832	0.9989379732239204
3896	0.0	1.0
3897	4.892841687365035e-11	0.9999999999510716
3898	0.0	1.0
3899	8.657811798973292e-05	0.9999134218820103
3901	1.1822863954513707e-07	0.9999998817713605
3902	0.0	1.0
3903	0.0	1.0
3904	0.0	1.0
3905	0.8951906245777876	0.10480937542221236
3906	1.156807705182672e-08	0.999999988431923
3907	0.0	1.0
3908	1.4817518323440027e-08	0.9999999851824817
3909	0.0	1.0
3910	0.0007186624351626092	0.9992813375648374
3911	0.0	1.0
3912	0.0	1.0
3913	0.0007193913170593369	0.9992806086829407
3914	8.881784197001252e-16	0.9999999999999991
3915	0.0	1.0
3916	0.0016304215622564566	0.9983695784377435
3917	1.0658141036401503e-13	0.9999999999998934
3918	0.0	1.0
3919	1.354472090042691e-14	0.9999999999999865
3920	0.0	1.0
3921	0.0	1.0
3922	2.4216184613123914e-12	0.9999999999975784
3923	0.0	1.0
3924	0.0	1.0
3925	0.0	1.0
3926	0.0	1.0
3927	0.0	1.0
3928	0.0	1.0
3929	0.0	1.0
3931	2.462640935618765e-07	0.9999997537359064
3932	2.220446049250313e-16	0.9999999999999998
3933	4.440892098500626e-16	0.9999999999999996
3934	0.0	1.0
3935	0.0	1.0
3936	0.0	1.0
3937	0.0	1.0
3938	4.884981308350689e-15	0.9999999999999951
3939	0.0	1.0
3940	0.0	1.0
3941	0.0	1.0
3942	0.0	1.0
3943	0.0	1.0
3944	0.0	1.0
3945	0.0	1.0
3946	0.0	1.0
3947	0.0	1.0
3948	0.0	1.0
3949	0.0	1.0
3950	0.0	1.0
3951	1.7763568394002505e-15	0.9999999999999982
3952	0.0	1.0
3953	0.0	1.0
3954	5.537792446830281e-13	0.9999999999994462
3955	1.2283551953373717e-10	0.9999999998771645
3956	0.008099858067537102	0.9919001419324629
3957	0.0	1.0
3958	0.0	1.0
3959	0.0	1.0
3961	0.0	1.0
3962	0.0	1.0
3963	0.0001819569391099396	0.9998180430608901
3964	0.0	1.0
3965	0.0	1.0
3966	0.0028921972964720544	0.997107802703528
3967	0.0	1.0
3968	0.0	1.0
3969	0.0	1.0
3970	0.0	1.0
3971	0.0	1.0
3972	0.0	1.0
3973	2.40355557679095e-09	0.9999999975964444
3974	0.0	1.0
3975	0.0	1.0
3976	0.0	1.0
3977	0.0	1.0
3978	0.0	1.0
3979	1.825656765763739e-07	0.9999998174343234
3980	0.0	1.0
3981	0.0	1.0
3982	0.0	1.0
3983	0.0	1.0
3984	9.462453043340702e-11	0.9999999999053755
3985	1.312283615106935e-13	0.9999999999998688
3986	0.0	1.0
3987	0.0	1.0
3988	0.0	1.0
3989	0.0	1.0
3991	2.5651186024155948e-06	0.9999974348813976
3992	0.0	1.0
3993	6.877112213032888e-10	0.9999999993122888
3994	7.293587955814473e-11	0.9999999999270641
3995	0.0	1.0
3996	1.7763568394002505e-15	0.9999999999999982
3997	0.0030391859534151244	0.9969608140465849
3998	0.0	1.0
3999	0.0	1.0
4000	0.0	1.0
4001	0.0	1.0
4002	1.6208421035557308e-05	0.9999837915789644
4003	0.0	1.0
4004	0.0	1.0
4005	1.354472090042691e-12	0.9999999999986455
4006	0.0	1.0
4007	0.0	1.0
4008	0.0	1.0
4009	1.687538997430238e-13	0.9999999999998312
4010	4.0878411766698264e-13	0.9999999999995912
4011	0.0	1.0
4012	0.0	1.0
4013	0.0	1.0
4014	3.8768988019910466e-13	0.9999999999996123
4015	1.687538997430238e-13	0.9999999999998312
4016	1.2395195980730023e-11	0.9999999999876048
4017	2.793321129956894e-13	0.9999999999997207
4018	3.5095477500801664e-06	0.9999964904522499
4019	0.0	1.0
4021	0.0	1.0
4022	0.0	1.0
4023	0.0	1.0
4024	0.0	1.0
4025	0.0	1.0
4026	0.0	1.0
4027	0.0	1.0
4028	1.4304113449270517e-12	0.9999999999985696
4029	0.0	1.0
4030	0.0	1.0
4031	0.010154564346906092	0.9898454356530939
4032	4.1669910788577624e-07	0.9999995833008921
4033	0.0	1.0
4034	0.0	1.0
4035	0.0	1.0
4036	4.18287626757774e-12	0.9999999999958171
4037	0.0	1.0
4038	0.0	1.0
4039	0.0	1.0
4040	0.0	1.0
4041	0.0	1.0
4042	0.0	1.0
4043	0.0	1.0
4044	0.0	1.0
4045	0.0	1.0
4046	1.1124434706744069e-13	0.9999999999998888
4047	0.0	1.0
4048	2.2938295707319867e-10	0.999999999770617
4049	0.0	1.0
4051	0.0	1.0
4052	0.0	1.0
4053	0.0	1.0
4054	0.0	1.0
4055	0.0	1.0
4056	0.0	1.0
4057	0.0	1.0
4058	0.0	1.0
4059	0.0	1.0
4060	0.0	1.0
4061	0.0	1.0
4062	0.004179330760476163	0.9958206692395238
4063	3.221269917474956e-10	0.999999999677873
4064	0.0	1.0
4065	0.0	1.0
4066	0.0	1.0
4067	0.0	1.0
4068	0.0	1.0
4069	0.0	1.0
4070	0.0	1.0
4071	9.103828801926284e-15	0.9999999999999909
4072	0.0	1.0
4073	2.000716053141005e-05	0.9999799928394686
4074	0.0	1.0
4075	0.0	1.0
4076	0.0	1.0
4077	0.0	1.0
4078	0.0	1.0
4079	6.128431095930864e-14	0.9999999999999387
4081	0.0008388932215762646	0.9991611067784237
4082	0.0	1.0
4083	0.0	1.0
4084	3.552713678800501e-15	0.9999999999999964
4085	0.0	1.0
4086	0.0	1.0
4087	0.0	1.0
4088	0.0	1.0
4089	0.0	1.0
4090	0.0	1.0
4091	0.0	1.0
4092	0.0	1.0
4093	0.0	1.0
4094	0.0	1.0
4095	4.3184789078054564e-11	0.9999999999568152
4096	0.0	1.0
4097	8.881784197001252e-16	0.9999999999999991
4098	0.0	1.0
4099	0.0	1.0
4100	0.0	1.0
4101	0.0	1.0
4102	5.773159728050814e-15	0.9999999999999942
4103	0.0	1.0
4104	2.0562733737961025e-09	0.9999999979437266
4105	0.0	1.0
4106	0.004236226529024778	0.9957637734709752
4107	0.0	1.0
4108	0.0	1.0
4109	2.156053113822054e-13	0.9999999999997844
4111	0.0	1.0
4112	0.0	1.0
4113	0.0	1.0
4114	0.0	1.0
4115	8.946473450954784e-09	0.9999999910535265
4116	0.0	1.0
4117	0.0	1.0
4118	0.0	1.0
4119	0.0	1.0
4120	4.440892098500626e-16	0.9999999999999996
4121	0.0	1.0
4122	0.0	1.0
4123	0.0	1.0
4124	0.0	1.0
4125	0.0	1.0
4126	0.0	1.0
4127	0.0	1.0
4128	0.0	1.0
4129	0.0	1.0
4130	4.440892098500626e-16	0.9999999999999996
4131	0.0	1.0
4132	6.468159341466162e-13	0.9999999999993532
4133	9.801048861390882e-13	0.9999999999990199
4134	0.0	1.0
4135	2.9591884498358922e-12	0.9999999999970408
4136	0.004179330760476163	0.9958206692395238
4137	0.0	1.0
4138	0.0	1.0
4139	0.0	1.0
4141	0.004179330760476163	0.9958206692395238
4142	0.0	1.0
4143	0.0	1.0
4144	0.0	1.0
4145	0.0	1.0
4146	0.0	1.0
4147	0.0	1.0
4148	0.0	1.0
4149	0.0	1.0
4150	0.0	1.0
4151	0.0	1.0
4152	1.3080292404765714e-10	0.9999999998691971
4153	0.004179330760476163	0.9958206692395238
4154	0.0	1.0
4155	0.0	1.0
4156	0.0	1.0
4157	0.0	1.0
4158	1.9984014443252818e-15	0.999999999999998
4159	3.197442310920451e-14	0.999999999999968
4160	0.0	1.0
4161	4.440892098500626e-16	0.9999999999999996
4162	0.0	1.0
4163	0.0	1.0
4164	0.0	1.0
4165	0.0	1.0
4166	0.0	1.0
4167	0.0	1.0
4168	0.0	1.0
4169	0.0	1.0
4171	0.0	1.0
4172	0.0	1.0
4173	1.1102230246251565e-15	0.9999999999999989
4174	0.0	1.0
4175	2.220446049250313e-16	0.9999999999999998
4176	0.0	1.0
4177	0.0	1.0
4178	1.3322676295501878e-15	0.9999999999999987
4179	0.0	1.0
4180	0.0	1.0
4181	0.0	1.0
4182	0.0	1.0
4183	0.0	1.0
4184	0.0	1.0
4185	0.0	1.0
4186	3.1086244689504383e-15	0.9999999999999969
4187	1.6653345369377348e-14	0.9999999999999833
4188	3.3409053301625136e-11	0.999999999966591
4189	5.936073854684309e-10	0.9999999994063926
4190	0.0	1.0
4191	0.0	1.0
4192	0.0	1.0
4193	0.0	1.0
4194	0.0	1.0
4195	3.1086244689504383e-15	0.9999999999999969
4196	0.0	1.0
4197	0.0	1.0
4198	0.0	1.0
4199	0.0	1.0
4201	0.0	1.0
4202	8.68851969482165e-07	0.9999991311480305
4203	0.0	1.0
4204	5.505507161274181e-11	0.9999999999449449
4205	1.1102230246251565e-15	0.9999999999999989
4206	4.6629367034256575e-15	0.9999999999999953
4207	6.106226635438361e-13	0.9999999999993894
4208	1.3123502284884125e-11	0.9999999999868765
4209	0.0021513372591392965	0.9978486627408607
4210	0.0	1.0
4211	7.038813976123492e-14	0.9999999999999296
4212	7.038813976123492e-14	0.9999999999999296
4213	0.0014635273507905833	0.9985364726492094
4214	4.964695321518775e-12	0.9999999999950353
4215	0.0	1.0
4216	3.694465702541727e-05	0.9999630553429746
4217	0.0	1.0
4218	0.0	1.0
4219	9.606456117250417e-07	0.9999990393543883
4220	0.0	1.0
4221	0.0	1.0
4222	0.0	1.0
4223	0.0	1.0
4224	0.0	1.0
4225	3.906950860499414e-06	0.9999960930491395
4226	3.526087837424363e-05	0.9999647391216258
4227	0.0	1.0
4228	0.0	1.0
4229	1.3090971544560404e-06	0.9999986909028455
4231	0.0005636907269590541	0.999436309273041
4232	0.0	1.0
4233	5.288891546939567e-10	0.9999999994711108
4234	0.0	1.0
4235	0.0	1.0
4236	0.0	1.0
4237	0.0	1.0
4238	3.112718971465256e-10	0.9999999996887281
4239	0.0	1.0
4240	0.0	1.0
4241	0.009677802556430803	0.9903221974435692
4242	0.0	1.0
4243	9.891666515882136e-07	0.9999990108333484
4244	0.0	1.0
4245	0.0	1.0
4246	0.09891581053961118	0.9010841894603888
4247	0.0	1.0
4248	0.0	1.0
4249	0.0	1.0
4250	0.0	1.0
4251	0.0	1.0
4252	1.8201684603980084e-10	0.9999999998179832
4253	6.661338147750939e-15	0.9999999999999933
4254	0.004179330760476163	0.9958206692395238
4255	0.0	1.0
4256	0.0	1.0
4257	2.3532280805094175e-06	0.9999976467719195
4258	0.0	1.0
4259	0.0	1.0
4261	6.159109988190803e-05	0.9999384089001181
4262	0.0	1.0
4263	0.0	1.0
4264	0.0	1.0
4265	3.3892155748560526e-10	0.9999999996610784
4266	4.5684001781509664e-07	0.9999995431599822
4267	0.0	1.0
4268	0.0	1.0
4269	0.0016077998112098424	0.9983922001887902
4270	0.0	1.0
4271	6.661338147750939e-16	0.9999999999999993
4272	0.0	1.0
4273	0.0019220532178592098	0.9980779467821408
4274	0.0	1.0
4275	0.0	1.0
4276	0.04804556738055987	0.9519544326194401
4277	0.0016077998112098424	0.9983922001887902
4278	0.0	1.0
4279	6.159109988190803e-05	0.9999384089001181
4280	3.1590253370850085e-05	0.9999684097466291
4281	0.0	1.0
4282	0.004179330760476163	0.9958206692395238
4283	0.0	1.0
4284	0.0005072577574721793	0.9994927422425278
4285	0.0	1.0
4286	0.0	1.0
4287	0.0	1.0
4288	0.0	1.0
4289	0.0	1.0
4291	0.0	1.0
4292	0.0	1.0
4293	0.0	1.0
4294	0.0	1.0
4295	0.0	1.0
4296	0.0	1.0
4297	0.0027823180369279665	0.997217681963072
4298	1.0259411098445526e-09	0.9999999989740589
4299	0.0	1.0
4300	0.0	1.0
4301	0.0	1.0
4302	0.0	1.0
4303	3.6481950793643136e-10	0.9999999996351805
4304	0.04804556738055987	0.9519544326194401
4305	0.0	1.0
4306	0.0	1.0
4307	0.0	1.0
4308	0.0	1.0
4309	0.0	1.0
4310	0.0	1.0
4311	0.0	1.0
4312	0.0	1.0
4313	0.0	1.0
4314	0.009677802556430803	0.9903221974435692
4315	0.0	1.0
4316	0.0	1.0
4317	7.771561172376096e-15	0.9999999999999922
4318	0.0	1.0
4319	0.04098550501410092	0.9590144949858991
4321	0.0	1.0
4322	2.220446049250313e-16	0.9999999999999998
4323	1.0821937373339807e-05	0.9999891780626267
4324	0.0	1.0
4325	0.00017810303414944606	0.9998218969658506
4326	0.0	1.0
4327	0.0	1.0
4328	0.0	1.0
4329	0.00048694210800737103	0.9995130578919926
4330	1.1102230246251565e-15	0.9999999999999989
4331	0.0	1.0
4332	0.0016720801746128444	0.9983279198253872
4333	0.0	1.0
4334	6.661338147750939e-16	0.9999999999999993
4335	0.0	1.0
4336	2.4846791291111003e-13	0.9999999999997515
4337	0.0	1.0
4338	5.551115123125783e-15	0.9999999999999944
4339	5.551115123125783e-15	0.9999999999999944
4340	0.0	1.0
4341	0.0	1.0
4342	0.0	1.0
4343	0.0	1.0
4344	0.016943520429471226	0.9830564795705288
4345	0.0	1.0
4346	0.0	1.0
4347	6.248335182590381e-13	0.9999999999993752
4348	0.0	1.0
4349	2.866466952577973e-06	0.9999971335330474
4351	0.0	1.0
4352	2.3532280805094175e-06	0.9999976467719195
4353	1.89270249473239e-08	0.999999981072975
4354	0.0	1.0
4355	0.0	1.0
4356	0.044129239060277325	0.9558707609397227
4357	4.655315246626657e-07	0.9999995344684753
4358	0.0	1.0
4359	0.0	1.0
4360	0.0	1.0
4361	0.0	1.0
4362	0.0	1.0
4363	5.962313021079524e-08	0.9999999403768698
4364	7.014619969325508e-07	0.9999992985380031
4365	5.203548703036631e-11	0.9999999999479645
4366	0.004420922012621231	0.9955790779873788
4367	0.0	1.0
4368	0.0	1.0
4369	0.0	1.0
4370	6.248335182590381e-13	0.9999999999993752
4371	0.0	1.0
4372	5.155665989353686e-06	0.9999948443340106
4373	0.003127826457352878	0.9968721735426471
4374	0.0	1.0
4375	0.0006415735181982685	0.9993584264818017
4376	0.0	1.0
4377	0.07070694115054754	0.9292930588494525
4378	0.0	1.0
4379	0.0	1.0
4381	0.0	1.0
4382	0.0	1.0
4383	1.8395288743588978e-05	0.9999816047112564
4384	0.0	1.0
4385	0.0006148473073572802	0.9993851526926427
4386	0.0	1.0
4387	0.00023158962901836944	0.9997684103709816
4388	0.015574047826121262	0.9844259521738787
4389	6.248335182590381e-13	0.9999999999993752
4390	0.0	1.0
4391	0.0	1.0
4392	0.0	1.0
4393	0.0	1.0
4394	0.0	1.0
4395	0.0	1.0
4396	0.0	1.0
4397	0.0	1.0
4398	4.098055228496378e-12	0.999999999995902
4399	0.0	1.0
4400	0.0	1.0
4401	1.4070522524889384e-11	0.9999999999859295
4402	0.0	1.0
4403	3.241846600554599e-05	0.9999675815339945
4404	0.0	1.0
4405	0.0	1.0
4406	0.0	1.0
4407	1.4039636120344312e-10	0.9999999998596036
4408	0.0	1.0
4409	0.000361701418646998	0.999638298581353
4411	0.0	1.0
4412	3.330384454991453e-06	0.999996669615545
4413	0.0	1.0
4414	0.0	1.0
4415	1.8476331575811855e-12	0.9999999999981524
4416	0.0	1.0
4417	0.0	1.0
4418	0.0	1.0
4419	0.0	1.0
4420	1.2118421111040334e-07	0.9999998788157889
4421	1.1639778030314574e-10	0.9999999998836022
4422	1.1913778423577881e-05	0.9999880862215764
4423	0.014799560175483562	0.9852004398245164
4424	0.0	1.0
4425	0.0	1.0
4426	0.0032650830503777595	0.9967349169496222
4427	0.04804556738055987	0.9519544326194401
4428	3.330384454991453e-06	0.999996669615545
4429	0.0007629318052971845	0.9992370681947028
4430	0.0	1.0
4431	1.269739868803299e-11	0.9999999999873026
4432	0.0	1.0
4433	0.0	1.0
4434	1.1102230246251565e-15	0.9999999999999989
4435	0.0	1.0
4436	0.0	1.0
4437	8.681199847870857e-07	0.9999991318800152
4438	0.0	1.0
4439	2.736799412683677e-05	0.9999726320058732
4441	0.0	1.0
4442	0.0001395501540789601	0.999860449845921
4443	0.009677802556430803	0.9903221974435692
4444	2.253974784593993e-12	0.999999999997746
4445	1.3064378467930737e-08	0.9999999869356215
4446	0.0	1.0
4447	0.0	1.0
4448	5.995204332975845e-15	0.999999999999994
4449	0.00042837787725380494	0.9995716221227462
4450	1.6358026044827056e-11	0.999999999983642
4451	0.0	1.0
4452	1.9761969838327786e-14	0.9999999999999802
4453	0.0	1.0
4454	1.3016971944779243e-09	0.9999999986983028
4455	0.0	1.0
4456	0.0	1.0
4457	0.0022724625389670683	0.9977275374610329
4458	0.0	1.0
4459	0.004540013228940931	0.9954599867710591
4460	0.009395088441136235	0.9906049115588638
4461	8.332239816888354e-06	0.9999916677601831
4462	0.00037291843019271464	0.9996270815698073
4463	0.0	1.0
4464	4.857447777339985e-12	0.9999999999951426
4465	0.0	1.0
4466	0.0	1.0
4467	0.0	1.0
4468	0.0	1.0
4469	4.769518113789672e-13	0.999999999999523
4471	0.0	1.0
4472	0.0	1.0
4473	0.0	1.0
4474	0.0	1.0
4475	0.0	1.0
4476	0.0	1.0
4477	0.0	1.0
4478	0.0	1.0
4479	0.003402430556138536	0.9965975694438615
4480	0.0	1.0
4481	7.366662835295301e-11	0.9999999999263334
4482	0.0	1.0
4483	0.0	1.0
4484	4.440892098500626e-16	0.9999999999999996
4485	3.8125058665627876e-13	0.9999999999996187
4486	0.0	1.0
4487	0.0	1.0
4488	0.0	1.0
4489	0.0	1.0
4490	2.02216021705226e-11	0.9999999999797784
4491	6.217248937900877e-15	0.9999999999999938
4492	0.0	1.0
4493	0.0	1.0
4494	0.0001542040566159253	0.9998457959433841
4495	0.0	1.0
4496	0.0	1.0
4497	0.0	1.0
4498	0.0020602449421766034	0.9979397550578234
4499	0.0	1.0
4501	1.6431698945940099e-07	0.9999998356830105
4502	0.0	1.0
4503	0.0	1.0
4504	0.0	1.0
4505	2.220446049250313e-16	0.9999999999999998
4506	0.0	1.0
4507	5.3007100318192e-05	0.9999469928996818
4508	0.0	1.0
4509	0.011251265587042258	0.9887487344129577
4510	0.0	1.0
4511	0.0	1.0
4512	0.0	1.0
4513	1.318944953254686e-13	0.9999999999998681
4514	0.0	1.0
4515	6.279887720950228e-11	0.9999999999372011
4516	0.0	1.0
4517	9.992007221626409e-15	0.99999999999999
4518	0.0	1.0
4519	0.0	1.0
4520	0.0	1.0
4521	0.0	1.0
4522	0.0	1.0
4523	0.0	1.0
4524	2.680078381445128e-13	0.999999999999732
4525	0.0	1.0
4526	0.0	1.0
4527	3.3214586636631793e-10	0.9999999996678541
4528	0.0	1.0
4529	0.0	1.0
4531	0.0	1.0
4532	0.0	1.0
4533	0.809297589084515	0.19070241091548504
4534	0.0	1.0
4535	0.0	1.0
4536	7.403661616223189e-06	0.9999925963383838
4537	5.684341886080802e-14	0.9999999999999432
4538	0.0	1.0
4539	7.771561172376096e-15	0.9999999999999922
4540	0.0	1.0
4541	3.597122599785507e-14	0.999999999999964
4542	3.0681136971022482e-06	0.9999969318863029
4543	1.779199010343291e-11	0.999999999982208
4544	0.0	1.0
4545	3.8770386900921494e-10	0.9999999996122961
4546	4.440892098500626e-16	0.9999999999999996
4547	0.0	1.0
4548	0.0	1.0
4549	0.0019482886351411821	0.9980517113648588
4550	0.0	1.0
4551	0.0	1.0
4552	0.0	1.0
4553	0.0	1.0
4554	0.0	1.0
4555	0.0	1.0
4556	1.1157741397482823e-12	0.9999999999988842
4557	0.0	1.0
4558	1.4268586312482512e-12	0.9999999999985731
4559	2.2361890117394978e-11	0.9999999999776381
4561	0.0	1.0
4562	0.0	1.0
4563	0.0	1.0
4564	0.0	1.0
4565	0.0	1.0
4566	0.0	1.0
4567	3.53778828454665e-09	0.9999999964622117
4568	4.6629367034256575e-15	0.9999999999999953
4569	1.0048628595882292e-11	0.9999999999899514
4570	0.0	1.0
4571	0.0	1.0
4572	0.0	1.0
4573	0.0	1.0
4574	0.0	1.0
4575	0.0	1.0
4576	0.0	1.0
4577	0.0	1.0
4578	0.0	1.0
4579	0.0	1.0
4580	0.0	1.0
4581	1.686828454694478e-11	0.9999999999831317
4582	0.0	1.0
4583	0.0	1.0
4584	0.0	1.0
4585	0.0	1.0
4586	0.0	1.0
4587	0.0	1.0
4588	8.881784197001252e-16	0.9999999999999991
4589	0.0	1.0
4591	0.0	1.0
4592	0.0	1.0
4593	0.004179330760476163	0.9958206692395238
4594	0.00016005894849380198	0.9998399410515062
4595	0.0	1.0
4596	0.004179330760476163	0.9958206692395238
4597	0.0	1.0
4598	0.0	1.0
4599	4.073408277349699e-12	0.9999999999959266
4600	0.0	1.0
4601	0.004179330760476163	0.9958206692395238
4602	0.0	1.0
4603	1.6243167347829157e-06	0.9999983756832652
4604	0.0	1.0
4605	0.0	1.0
4606	1.5179607504300918e-07	0.999999848203925
4607	0.0	1.0
4608	0.0	1.0
4609	0.0	1.0
4610	0.0	1.0
4611	0.0	1.0
4612	0.0	1.0
4613	9.325873406851315e-14	0.9999999999999067
4614	0.0	1.0
4615	0.0	1.0
4616	0.0	1.0
4617	2.6645352591003757e-15	0.9999999999999973
4618	0.0	1.0
4619	0.0	1.0
4621	0.0	1.0
4622	0.0	1.0
4623	0.0	1.0
4624	0.0	1.0
4625	0.0	1.0
4626	0.0	1.0
4627	0.0	1.0
4628	0.0	1.0
4629	0.11309665010724446	0.8869033498927555
4630	2.6680775144782842e-08	0.9999999733192249
4631	0.0	1.0
4632	0.0	1.0
4633	0.0	1.0
4634	0.0	1.0
4635	0.0	1.0
4636	0.0	1.0
4637	0.0	1.0
4638	0.004062226373732547	0.9959377736262675
4639	0.0	1.0
4640	0.0	1.0
4641	0.0	1.0
4642	0.0	1.0
4643	0.0	1.0
4644	0.0	1.0
4645	1.6423995496950283e-10	0.99999999983576
4646	0.001996738942720677	0.9980032610572793
4647	0.0	1.0
4648	0.0	1.0
4649	0.0	1.0
4651	0.0	1.0
4652	0.0	1.0
4653	0.0	1.0
4654	0.0	1.0
4655	0.0	1.0
4656	0.0	1.0
4657	0.07724927557313432	0.9227507244268657
4658	0.0	1.0
4659	0.0	1.0
4660	0.0	1.0
4661	3.8790391487797393e-07	0.9999996120960851
4662	0.0	1.0
4663	0.0	1.0
4664	0.0	1.0
4665	0.0	1.0
4666	0.0	1.0
4667	0.0	1.0
4668	0.0	1.0
4669	0.0	1.0
4670	0.0	1.0
4671	0.0	1.0
4672	1.2749801214795298e-12	0.999999999998725
4673	0.0	1.0
4674	0.0	1.0
4675	0.0	1.0
4676	0.0	1.0
4677	0.0	1.0
4678	0.0	1.0
4679	0.0	1.0
4681	0.0	1.0
4682	0.0	1.0
4683	0.004179330760476163	0.9958206692395238
4684	0.004179330760476163	0.9958206692395238
4685	0.0	1.0
4686	0.0	1.0
4687	0.0	1.0
4688	0.0	1.0
4689	0.0	1.0
4690	0.0	1.0
4691	0.004179330760476163	0.9958206692395238
4692	7.918724617694828e-05	0.999920812753823
4693	0.0	1.0
4694	0.0	1.0
4695	0.0	1.0
4696	0.0	1.0
4697	0.0	1.0
4698	0.0	1.0
4699	0.0	1.0
4700	0.0	1.0
4701	0.0	1.0
4702	1.9524382111058003e-12	0.9999999999980476
4703	1.0791367799356522e-13	0.9999999999998921
4704	0.0	1.0
4705	0.0	1.0
4706	0.004179330760476163	0.9958206692395238
4707	0.0	1.0
4708	2.220446049250313e-16	0.9999999999999998
4709	3.367441281376671e-08	0.9999999663255872
4711	0.0	1.0
4712	0.0	1.0
4713	0.0	1.0
4714	0.0	1.0
4715	2.4646951146678475e-14	0.9999999999999754
4716	0.0	1.0
4717	0.0	1.0
4718	0.0	1.0
4719	0.0	1.0
4720	9.551091362247632e-09	0.9999999904489086
4721	0.0005643562108085254	0.9994356437891915
4722	0.0	1.0
4723	0.0	1.0
4724	0.0001006271843887463	0.9998993728156113
4725	0.0	1.0
4726	1.0880185641326534e-14	0.9999999999999891
4727	0.0	1.0
4728	0.004179330760476163	0.9958206692395238
4729	0.0	1.0
4730	0.0	1.0
4731	0.0	1.0
4732	0.0	1.0
4733	0.0	1.0
4734	0.0	1.0
4735	0.0	1.0
4736	0.0	1.0
4737	0.003018496260414283	0.9969815037395857
4738	2.220446049250313e-16	0.9999999999999998
4739	0.0	1.0
4741	0.0	1.0
4742	0.0	1.0
4743	1.0363000665369881e-06	0.9999989636999335
4744	1.3383069364936162e-06	0.9999986616930635
4745	1.9299450926268946e-11	0.9999999999807005
4746	0.0	1.0
4747	0.0	1.0
4748	5.39097655405385e-11	0.9999999999460902
4749	0.0	1.0
4750	0.0	1.0
4751	0.0	1.0
4752	3.7691805232498155e-10	0.999999999623082
4753	0.0	1.0
4754	1.1558183743431982e-07	0.9999998844181626
4755	0.0	1.0
4756	0.0	1.0
4757	0.0	1.0
4758	0.0	1.0
4759	2.6151584675560002e-08	0.9999999738484153
4760	0.0	1.0
4761	4.3298697960381105e-14	0.9999999999999567
4762	0.0	1.0
4763	0.0	1.0
4764	1.443321022698285e-07	0.9999998556678977
4765	8.799482897892119e-08	0.999999912005171
4766	1.3742091242718857e-08	0.9999999862579088
4767	0.0	1.0
4768	0.0	1.0
4769	0.0	1.0
4771	1.5085532822922687e-10	0.9999999998491447
4772	0.0	1.0
4773	0.0	1.0
4774	0.0	1.0
4775	0.0	1.0
4776	0.0	1.0
4777	0.0	1.0
4778	8.215650382226158e-15	0.9999999999999918
4779	6.499485838418195e-09	0.9999999935005142
4780	0.0	1.0
4781	0.0	1.0
4782	0.0	1.0
4783	0.0	1.0
4784	0.0	1.0
4785	0.0	1.0
4786	0.0	1.0
4787	5.1447410776006564e-08	0.9999999485525892
4788	0.0	1.0
4789	0.0	1.0
4790	0.0	1.0
4791	0.0	1.0
4792	0.0	1.0
4793	0.0	1.0
4794	0.0	1.0
4795	0.0	1.0
4796	0.0	1.0
4797	0.0	1.0
4798	0.0	1.0
4799	0.0	1.0
4801	0.0	1.0
4802	0.0	1.0
4803	0.0	1.0
4804	5.826920583817952e-07	0.9999994173079416
4805	0.0	1.0
4806	1.6448532536017524e-08	0.9999999835514675
4807	3.444482254977288e-09	0.9999999965555177
4808	0.0	1.0
4809	5.594458230007149e-11	0.9999999999440554
4810	0.0	1.0
4811	0.0	1.0
4812	0.0	1.0
4813	0.0	1.0
4814	1.7765788840051755e-11	0.9999999999822342
4815	1.3100631690576847e-14	0.9999999999999869
4816	1.1680656442081272e-11	0.9999999999883193
4817	0.0	1.0
4818	0.0	1.0
4819	0.0	1.0
4820	3.559375016948252e-13	0.9999999999996441
4821	1.7541523789077473e-14	0.9999999999999825
4822	0.0	1.0
4823	5.770430692164652e-07	0.9999994229569308
4824	0.0	1.0
4825	0.0	1.0
4826	3.410093350475485e-06	0.9999965899066495
4827	0.0	1.0
4828	0.0	1.0
4829	1.291666329450436e-09	0.9999999987083337
4831	5.556910487314326e-11	0.9999999999444309
4832	0.0	1.0
4833	0.0	1.0
4834	0.0	1.0
4835	0.0	1.0
4836	0.0	1.0
4837	0.0	1.0
4838	7.360516640630976e-09	0.9999999926394834
4839	0.004332705276536286	0.9956672947234637
4840	0.0	1.0
4841	2.145950084297965e-09	0.9999999978540499
4842	0.0	1.0
4843	9.866763295285352e-09	0.9999999901332367
4844	2.3882673616526517e-11	0.9999999999761173
4845	0.0	1.0
4846	0.0	1.0
4847	1.859179477037287e-12	0.9999999999981408
4848	9.103828801926284e-15	0.9999999999999909
4849	0.0	1.0
4850	0.0	1.0
4851	0.0005099519406169817	0.999490048059383
4852	0.0	1.0
4853	0.0	1.0
4854	0.0	1.0
4855	0.0	1.0
4856	0.0	1.0
4857	0.0	1.0
4858	0.0	1.0
4859	0.00040934846132234526	0.9995906515386777
4861	0.004002694253091965	0.995997305746908
4862	4.754948178309348e-06	0.9999952450518217
4863	0.0	1.0
4864	0.36017269369491556	0.6398273063050844
4865	1.6209256159527285e-14	0.9999999999999838
4866	3.3306690738754696e-15	0.9999999999999967
4867	0.0	1.0
4868	0.0	1.0
4869	0.0	1.0
4870	0.0	1.0
4871	2.220446049250313e-16	0.9999999999999998
4872	1.1346598083328274e-07	0.9999998865340192
4873	0.0	1.0
4874	8.459899447643693e-14	0.9999999999999154
4875	0.0	1.0
4876	2.990355807419576e-08	0.9999999700964419
4877	0.0	1.0
4878	1.660831916439065e-09	0.9999999983391681
4879	0.0021152126749067746	0.9978847873250932
4880	0.0	1.0
4881	2.886579864025407e-15	0.9999999999999971
4882	0.0	1.0
4883	2.5825206417806612e-09	0.9999999974174794
4884	1.7956924835971222e-10	0.9999999998204308
4885	4.9283022107715624e-11	0.999999999950717
4886	0.0	1.0
4887	5.1091304520411995e-09	0.9999999948908695
4888	1.2718714970105793e-12	0.9999999999987281
4889	9.950484880505428e-12	0.9999999999900495
4891	1.273448013705547e-11	0.9999999999872655
4892	0.0	1.0
4893	4.6820103349887177e-11	0.9999999999531799
4894	0.0	1.0
4895	0.0	1.0
4896	0.0	1.0
4897	0.0	1.0
4898	0.0	1.0
4899	0.0	1.0
4900	0.0	1.0
4901	0.0	1.0
4902	2.7705837624125706e-11	0.9999999999722942
4903	0.0	1.0
4904	3.380719278112121e-05	0.9999661928072189
4905	2.220446049250313e-16	0.9999999999999998
4906	0.0	1.0
4907	0.0	1.0
4908	7.882021353000646e-05	0.99992117978647
4909	3.488320743372242e-13	0.9999999999996512
4910	0.0	1.0
4911	0.0	1.0
4912	1.138400484990143e-11	0.999999999988616
4913	0.0	1.0
4914	0.0	1.0
4915	0.0	1.0
4916	0.0	1.0
4917	0.0	1.0
4918	0.0	1.0
4919	0.0	1.0
4921	0.0	1.0
4922	0.0	1.0
4923	0.0	1.0
4924	0.0	1.0
4925	3.3639757646142243e-13	0.9999999999996636
4926	0.0	1.0
4927	0.0	1.0
4928	0.0	1.0
4929	0.0	1.0
4930	0.0	1.0
4931	1.1333378679978523e-11	0.9999999999886666
4932	0.2541097198247858	0.7458902801752142
4933	0.0	1.0
4934	0.0	1.0
4935	0.0	1.0
4936	0.0	1.0
4937	1.688473415106806e-05	0.9999831152658489
4938	1.8895995879120164e-12	0.9999999999981104
4939	2.1216077783492437e-08	0.9999999787839222
4940	0.0005174934653126018	0.9994825065346874
4941	0.0	1.0
4942	0.0	1.0
4943	0.0	1.0
4944	0.0	1.0
4945	0.0	1.0
4946	0.0	1.0
4947	7.540429954877581e-07	0.9999992459570045
4948	1.7187022915976513e-09	0.9999999982812977
4949	0.0	1.0
4951	0.2823015304791727	0.7176984695208273
4952	0.0	1.0
4953	2.4287567512715214e-09	0.9999999975712432
4954	0.0	1.0
4955	2.055910997000865e-12	0.9999999999979441
4956	2.894351425197783e-12	0.9999999999971056
4957	0.0	1.0
4958	0.0	1.0
4959	0.0	1.0
4960	6.793232643076408e-11	0.9999999999320677
4961	0.0	1.0
4962	4.297566746913617e-09	0.9999999957024333
4963	0.004179330760476163	0.9958206692395238
4964	0.0	1.0
4965	0.0	1.0
4966	0.0	1.0
4967	0.0	1.0
4968	0.0	1.0
4969	0.0	1.0
4970	0.0	1.0
4971	0.0	1.0
4972	0.0	1.0
4973	0.0	1.0
4974	0.0	1.0
4975	2.9052937833284886e-10	0.9999999997094706
4976	0.16661168746367994	0.8333883125363201
4977	0.0	1.0
4978	0.0	1.0
4979	0.0	1.0
4981	0.0	1.0
4982	0.0	1.0
4983	3.111403748234931e-05	0.9999688859625177
4984	0.0	1.0
4985	0.0	1.0
4986	0.0	1.0
4987	0.0	1.0
4988	0.0	1.0
4989	0.0	1.0
4990	0.0	1.0
4991	4.563614075525635e-08	0.9999999543638592
4992	0.0	1.0
4993	0.0	1.0
4994	1.1882050898748275e-11	0.999999999988118
4995	0.0	1.0
4996	0.0	1.0
4997	0.0	1.0
4998	1.7979506772292098e-10	0.9999999998202049
4999	0.0	1.0
5000	0.0	1.0
5001	0.0	1.0
5002	0.0	1.0
5003	9.887246577022779e-11	0.9999999999011275
5004	3.14806799611711e-05	0.9999685193200388
5005	0.0	1.0
5006	0.0	1.0
5007	0.0	1.0
5008	0.0	1.0
5009	2.220333250591011e-09	0.9999999977796667
5011	0.0	1.0
5012	0.0	1.0
5013	0.0	1.0
5014	4.449840496079105e-11	0.9999999999555016
5015	0.0	1.0
5016	0.0	1.0
5017	2.1738166822160565e-13	0.9999999999997826
5018	0.0	1.0
5019	0.002752520419453952	0.997247479580546
5020	0.0	1.0
5021	0.0	1.0
5022	2.442144519942957e-08	0.9999999755785548
5023	0.0	1.0
5024	4.7158499327792924e-11	0.9999999999528415
5025	0.0	1.0
5026	1.4832579608992091e-13	0.9999999999998517
5027	0.0	1.0
5028	2.3213786448650353e-10	0.9999999997678621
5029	6.661338147750939e-16	0.9999999999999993
5030	0.0	1.0
5031	1.2501111257279263e-13	0.999999999999875
5032	0.0	1.0
5033	0.0	1.0
5034	0.0	1.0
5035	0.0	1.0
5036	0.05233294161735924	0.9476670583826408
5037	7.771561172376096e-14	0.9999999999999223
5038	0.0	1.0
5039	0.0	1.0
5041	5.980105299840943e-11	0.999999999940199
5042	6.23945339839338e-14	0.9999999999999376
5043	4.2269787670079495e-10	0.9999999995773021
5044	0.0	1.0
5045	0.0	1.0
5046	0.0	1.0
5047	0.0	1.0
5048	0.0	1.0
5049	0.0	1.0
5050	0.0	1.0
5051	0.0	1.0
5052	0.0	1.0
5053	0.0	1.0
5054	0.0	1.0
5055	0.0009185419955974883	0.9990814580044025
5056	0.0	1.0
5057	2.239008268301035e-05	0.999977609917317
5058	0.0	1.0
5059	0.0	1.0
5060	0.0	1.0
5061	6.465961432944312e-08	0.9999999353403857
5062	0.0	1.0
5063	0.0	1.0
5064	0.0	1.0
5065	0.0	1.0
5066	0.0	1.0
5067	0.0	1.0
5068	0.0	1.0
5069	0.0	1.0
5071	0.0	1.0
5072	0.0	1.0
5073	0.0	1.0
5074	0.0	1.0
5075	1.3203227255953465e-07	0.9999998679677274
5076	0.0	1.0
5077	0.0	1.0
5078	0.8001856574721367	0.19981434252786337
5079	0.0	1.0
5080	0.0	1.0
5081	0.0	1.0
5082	0.0	1.0
5083	0.0	1.0
5084	0.0	1.0
5085	0.0	1.0
5086	4.6629367034256575e-15	0.9999999999999953
5087	0.0	1.0
5088	0.0	1.0
5089	0.04135926078551755	0.9586407392144825
5090	0.0	1.0
5091	9.704903547458343e-12	0.9999999999902951
5092	0.0	1.0
5093	0.0	1.0
5094	6.661338147750939e-16	0.9999999999999993
5095	0.0	1.0
5096	0.0	1.0
5097	2.4791546593405656e-10	0.9999999997520845
5098	0.0	1.0
5099	0.0	1.0
5101	0.0	1.0
5102	0.0	1.0
5103	0.0	1.0
5104	0.0	1.0
5105	0.0	1.0
5106	0.0	1.0
5107	7.617506625479109e-11	0.9999999999238249
5108	4.354294702579864e-13	0.9999999999995646
5109	2.220446049250313e-16	0.9999999999999998
5110	0.0	1.0
5111	0.0	1.0
5112	6.312061984203865e-12	0.9999999999936879
5113	0.0	1.0
5114	0.0	1.0
5115	2.220446049250313e-15	0.9999999999999978
5116	0.0	1.0
5117	0.0	1.0
5118	0.35755922746500657	0.6424407725349934
5119	0.0	1.0
5120	2.3301360840832785e-12	0.9999999999976699
5121	0.0	1.0
5122	0.08066857924020854	0.9193314207597915
5123	1.4518786173312037e-10	0.9999999998548121
5124	4.440892098500626e-16	0.9999999999999996
5125	0.0	1.0
5126	0.0	1.0
5127	1.8023648240550472e-08	0.9999999819763518
5128	0.0	1.0
5129	1.3048957503425385e-07	0.999999869510425
5131	0.0	1.0
5132	0.0	1.0
5133	4.490585681082848e-11	0.9999999999550941
5134	0.0	1.0
5135	0.0	1.0
5136	2.047516600711674e-09	0.9999999979524834
5137	0.0	1.0
5138	4.654970586770446e-08	0.9999999534502941
5139	0.0005348313226394286	0.9994651686773606
5140	0.0	1.0
5141	3.6352765242497753e-10	0.9999999996364723
5142	0.0	1.0
5143	4.440892098500626e-16	0.9999999999999996
5144	0.0	1.0
5145	2.047516600711674e-09	0.9999999979524834
5146	0.0	1.0
5147	0.0	1.0
5148	0.0	1.0
5149	0.0010378993864936792	0.9989621006135063
5150	0.0	1.0
5151	0.0	1.0
5152	0.0	1.0
5153	0.0	1.0
5154	0.0	1.0
5155	0.0	1.0
5156	3.055355968228923e-11	0.9999999999694464
5157	6.396584373291603e-09	0.9999999936034156
5158	0.0	1.0
5159	0.0	1.0
5161	3.9968028886505635e-15	0.999999999999996
5162	0.0	1.0
5163	0.0	1.0
5164	0.0	1.0
5165	0.0	1.0
5166	0.0	1.0
5167	6.668594956238394e-07	0.9999993331405044
5168	6.422694922159078e-05	0.9999357730507784
5169	6.469348911686268e-06	0.9999935306510883
5170	3.263207074333252e-06	0.9999967367929257
5171	0.0	1.0
5172	0.8488611277380691	0.15113887226193087
5173	1.0	0.0
5174	1.0	0.0
5175	1.0	0.0
5176	1.0	8.954767162434225e-24
5177	1.0	0.0
5178	1.0	0.0
5179	0.9999999999712783	2.8721742156066308e-11
5180	1.0	0.0
5181	1.0	0.0
5182	1.0	0.0
5183	1.0	0.0
5184	1.0	4.05661976978132e-18
5185	1.0	1.4127844701464331e-31
5186	1.0	0.0
5187	1.0	0.0
5188	1.0	0.0
5189	1.0	0.0
5191	1.0	0.0
5192	1.0	0.0
5193	1.0	0.0
5194	1.0	0.0
5195	1.0	1.242551754216432e-39
5196	1.0	0.0
5197	1.0	0.0
5198	1.0	2.8381031159070397e-43
5199	1.0	0.0
5200	1.0	1.405495927935902e-37
5201	1.0	6.6891860758198355e-22
5202	1.0	9.418753943987983e-43
5203	1.0	0.0
5204	0.8707238713391121	0.12927612866088792
5205	1.0	0.0
5206	0.9999999999999986	1.4901108226379088e-15
5207	1.0	1.1460765677245411e-19
5208	1.0	0.0
5209	1.0	0.0
5210	0.9948872284018259	0.005112771598174157
5211	0.9978959350179114	0.00210406498208861
5212	1.0	0.0
5213	1.0	0.0
5214	1.0	0.0
5215	1.0	0.0
5216	1.0	0.0
5217	1.0	0.0
5218	1.0	0.0
5219	1.0	0.0
5221	0.9999999999999998	1.991164915083796e-16
5222	1.0	0.0
5223	1.0	0.0
5224	1.0	0.0
5225	1.0	1.552953202570695e-43
5226	0.9999999999988489	1.1510432806363576e-12
5227	1.0	0.0
5228	1.0	7.163781119135871e-31
5229	1.0	0.0
5230	1.0	0.0
5231	1.0	4.633494117844687e-24
5232	1.0	0.0
5233	1.0	0.0
5234	1.0	5.88690940064149e-29
5235	0.9999993387538166	6.612461833437334e-07
5236	0.9999999860926364	1.3907363550455541e-08
5237	1.0	0.0
5238	1.0	0.0
5239	1.0	0.0
5240	0.9917386797881536	0.008261320211846416
5241	1.0	0.0
5242	1.0	0.0
5243	1.0	0.0
5244	1.0	7.242702020546833e-37
5245	1.0	4.068393608551788e-41
5246	1.0	0.0
5247	1.0	2.2703346877561347e-39
5248	1.0	0.0
5249	1.0	0.0
5251	1.0	0.0
5252	1.0	0.0
5253	1.0	0.0
5254	0.9999999999350151	6.498487417283161e-11
5255	1.0	0.0
5256	1.0	0.0
5257	1.0	0.0
5258	1.0	0.0
5259	1.0	0.0
5260	1.0	1.5393184234380148e-36
5261	1.0	0.0
5262	0.999999999988832	1.1167937102143013e-11
5263	0.9999999999987643	1.2356736243087708e-12
5264	1.0	0.0
5265	1.0	0.0
5266	1.0	0.0
5267	1.0	0.0
5268	0.9999999999999974	2.5658425362626814e-15
5269	0.032442358718249076	0.9675576412817509
5270	0.9982763534239694	0.001723646576030597
5271	0.9999517735398257	4.8226460174336904e-05
5272	0.9950707967075756	0.004929203292424436
5273	0.9987772945131029	0.0012227054868970274
5274	1.0	0.0
5275	1.0	0.0
5276	0.9980319848704778	0.001968015129522202
5277	0.9988425176784914	0.0011574823215086219
5278	0.9998610244173644	0.00013897558263561142
5279	0.9998252634777225	0.00017473652227745882
5281	0.16725050606589476	0.8327494939341052
5282	1.0	3.198765953811737e-17
5283	0.9999993559568366	6.440431633937384e-07
5284	1.0	0.0
5285	1.0	0.0
5286	1.0	0.0
5287	1.0	3.4538216380813426e-22
5288	1.0	0.0
5289	0.9999999997632443	2.3675572358527615e-10
5290	1.0	3.9213227407412094e-41
5291	0.9759670682752599	0.02403293172474004
5292	1.0	2.8029632251901574e-35
5293	0.038332554567536925	0.9616674454324631
5294	0.998228756646099	0.001771243353901036
5295	0.045686900865007596	0.9543130991349924
5296	0.9291893134418361	0.07081068655816394
5297	1.0	1.013645458206962e-28
5298	0.10591908543645845	0.8940809145635416
5299	1.0	8.863986598339138e-27
5300	0.5363226599719413	0.4636773400280587
5301	1.0	0.0
5302	1.0	1.4730151566445504e-32
5303	0.747600793881065	0.25239920611893496
5304	1.0	8.928048537415145e-40
5305	0.9997772575052296	0.00022274249477042602
5306	1.0	5.451270588515868e-24
5307	1.0	6.663119571001613e-31
5308	0.9990239773139871	0.0009760226860129007
5309	0.9999625663979707	3.7433602029330134e-05
5311	0.9999745623285814	2.5437671418600185e-05
5312	1.0	2.24507910052939e-36
5313	0.0036723410142085466	0.9963276589857915
5314	0.9990751914931298	0.00092480850687016
5315	1.0	4.980041829042558e-33
5316	1.0	2.6339447864224308e-23
5317	0.9999999999999999	1.0418921903051659e-16
5318	1.0	0.0
5319	0.9999994252552991	5.747447009961672e-07
5320	0.9993702962581351	0.0006297037418648652
5321	1.0	1.0432198087419594e-21
5322	1.0	0.0
5323	1.0	0.0
5324	1.0	0.0
5325	1.0	0.0
5326	1.0	0.0
5327	1.0	5.217224984503174e-21
5328	0.055778548688394824	0.9442214513116052
5329	0.5973205652881666	0.4026794347118334
5330	1.0	2.682008186476337e-32
5331	1.0	1.0819233652209781e-39
5332	0.9999999999999853	1.461364970229535e-14
5333	0.9999998875434779	1.1245652211167305e-07
5334	0.9999999999853059	1.4694149673214794e-11
5335	1.0	6.571233674367257e-21
5336	1.0	8.577979086473398e-32
5337	0.9999999999304385	6.956148279133815e-11
5338	1.0	0.0
5339	0.9999999999999976	2.3966881190648597e-15
5341	1.0	0.0
5342	0.9999999999999992	8.102544436206772e-16
5343	1.0	0.0
5344	1.0	0.0
5345	1.0	0.0
5346	1.0	0.0
5347	1.0	0.0
5348	1.0	0.0
5349	1.0	0.0
5350	1.0	8.123592214612546e-28
5351	1.0	0.0
5352	1.0	6.764132943629494e-34
5353	1.0	6.6439303061898705e-19
5354	1.0	0.0
5355	0.9999998504356874	1.4956431262476589e-07
5356	1.0	0.0
5357	1.0	0.0
5358	1.0	0.0
5359	0.999999999949587	5.041303214559511e-11
5360	1.0	9.172984751260779e-22
5361	0.9999999992106562	7.893437794171466e-10
5362	1.0	1.5259066710621752e-20
5363	1.0	4.8796530610287266e-21
5364	1.0	0.0
5365	1.0	3.613406779285596e-17
5366	0.9999999999999999	1.525741558048418e-16
5367	0.0024181087287553638	0.9975818912712446
5368	0.9999999992244393	7.755606920042456e-10
5369	1.0	0.0
5371	1.0	0.0
5372	1.0	0.0
5373	1.0	0.0
5374	0.9999999999231303	7.686976882149686e-11
5375	1.0	0.0
5376	1.0	0.0
5377	1.0	1.1909694030979608e-39
5378	1.0	0.0
5379	1.0	0.0
5380	0.9999999999993354	6.645680002219792e-13
5381	1.0	1.530957152920301e-40
5382	0.9999999999999993	6.746697122535178e-16
5383	1.0	0.0
5384	0.9999925051398629	7.494860137092805e-06
5385	1.0	2.471420914485172e-41
5386	1.0	0.0
5387	1.0	9.699977687384307e-26
5388	1.0	4.946252514379985e-29
5389	1.0	0.0
5390	1.0	0.0
5391	1.0	8.311474202199051e-38
5392	1.0	0.0
5393	1.0	0.0
5394	1.0	4.6428116201285e-29
5395	1.0	0.0
5396	1.0	0.0
5397	1.0	7.60811497024831e-37
5398	1.0	0.0
5399	1.0	1.8984588095246612e-22
5401	1.0	0.0
5402	1.0	0.0
5403	1.0	0.0
5404	1.0	9.214354155331487e-34
5405	1.0	1.207236336192071e-29
5406	1.0	1.46804760112681e-34
5407	1.0	0.0
5408	1.0	0.0
5409	1.0	4.745283911936596e-27
5410	1.0	0.0
5411	1.0	1.0543290247170666e-24
5412	1.0	0.0
5413	1.0	2.1815094008338325e-19
5414	1.0	5.201996186725979e-23
5415	1.0	7.083247065772021e-19
5416	1.0	0.0
5417	1.0	0.0
5418	1.0	0.0
5419	1.0	1.355840029936142e-25
5420	1.0	0.0
5421	1.0	0.0
5422	1.0	0.0
5423	1.0	0.0
5424	1.0	6.356524359381783e-43
5425	1.0	0.0
5426	0.9999999999999998	2.738421453918445e-16
5427	1.0	0.0
5428	1.0	0.0
5429	0.9999394210810746	6.057891892539064e-05
5431	1.0	6.108005338006864e-32
5432	1.0	0.0
5433	1.0	0.0
5434	1.0	0.0
5435	1.0	0.0
5436	0.9999997863239061	2.1367609396586644e-07
5437	1.0	0.0
5438	1.0	2.313457160976021e-22
5439	1.0	2.4148658440525256e-25
5440	0.9999999999674616	3.2538389435028927e-11
5441	1.0	0.0
5442	1.0	0.0
5443	1.0	1.3017173801301748e-22
5444	1.0	0.0
5445	1.0	0.0
5446	0.9999999924899797	7.510020231092003e-09
5447	1.0	0.0
5448	1.0	0.0
5449	1.0	2.849146234392485e-22
5450	1.0	0.0
5451	0.9999999999360294	6.39706095901988e-11
5452	1.0	0.0
5453	1.0	0.0
5454	1.0	2.3879880629907564e-19
5455	1.0	0.0
5456	1.0	0.0
5457	1.0	0.0
5458	1.0	9.928970038100236e-35
5459	1.0	0.0
5461	1.0	0.0
5462	1.0	5.431556314236796e-40
5463	1.0	0.0
5464	1.0	0.0
5465	1.0	0.0
5466	0.9919006914134042	0.008099308586595784
5467	1.0	0.0
5468	1.0	0.0
5469	1.0	0.0
5470	1.0	6.356431550751473e-25
5471	1.0	0.0
5472	1.0	0.0
5473	1.0	7.53111606974324e-38
5474	1.0	0.0
5475	1.0	0.0
5476	1.0	1.0861847013467631e-18
5477	1.0	0.0
5478	1.0	0.0
5479	1.0	0.0
5480	1.0	0.0
5481	1.0	0.0
5482	0.9999998463879091	1.5361209098305696e-07
5483	0.9999999999858803	1.4119724988400887e-11
5484	1.0	0.0
5485	0.9999999999997441	2.55930196651986e-13
5486	1.0	0.0
5487	1.0	0.0
5488	0.9999999988130951	1.186904862685453e-09
5489	1.0	0.0
5491	1.0	6.6920885463821245e-28
5492	1.0	0.0
5493	0.9999999999777345	2.2265535251564025e-11
5494	1.0	1.0365429061268744e-26
5495	1.0	4.4996277925374146e-27
5496	0.9999921018514288	7.898148571154317e-06
5497	1.0	1.6105813290639545e-32
5498	1.0	0.0
5499	1.0	0.0
5500	1.0	2.538468338976326e-37
5501	1.0	0.0
5502	1.0	0.0
5503	1.0	4.236919869122056e-28
5504	1.0	4.1878841831635205e-18
5505	1.0	0.0
5506	1.0	1.8941934533408428e-23
5507	0.9999999999999998	2.63730521881733e-16
5508	1.0	0.0
5509	0.9999999999992348	7.651734326203562e-13
5510	1.0	0.0
5511	1.0	0.0
5512	1.0	0.0
5513	1.0	0.0
5514	1.0	0.0
5515	0.999999999509383	4.906170239814751e-10
5516	1.0	0.0
5517	1.0	0.0
5518	1.0	2.639402584565349e-25
5519	1.0	0.0
5521	1.0	5.820634092809713e-39
5522	1.0	0.0
5523	1.0	0.0
5524	1.0	0.0
5525	1.0	4.069565969366131e-17
5526	1.0	0.0
5527	1.0	0.0
5528	1.0	0.0
5529	1.0	0.0
5530	1.0	0.0
5531	1.0	2.5254334944458333e-35
5532	1.0	0.0
5533	1.0	0.0
5534	1.0	0.0
5535	1.0	7.946725468655073e-26
5536	1.0	2.8917512569016534e-23
5537	1.0	0.0
5538	0.999999999999542	4.579567031942804e-13
5539	1.0	0.0
5540	1.0	0.0
5541	1.0	0.0
5542	1.0	2.1398062087045299e-41
5543	1.0	0.0
5544	1.0	0.0
5545	1.0	0.0
5546	1.0	0.0
5547	1.0	0.0
5548	1.0	0.0
5549	0.9999999992279593	7.720406259423498e-10
5551	1.0	3.7506788605581243e-25
5552	1.0	1.8692311846376148e-23
5553	1.0	0.0
5554	1.0	1.1016052067503276e-29
5555	1.0	8.897247466790763e-27
5556	1.0	0.0
5557	1.0	0.0
5558	0.9999999999999993	6.619614049137897e-16
5559	1.0	4.500615678626838e-21
5560	1.0	0.0
5561	1.0	0.0
5562	1.0	0.0
5563	1.0	0.0
5564	1.0	0.0
5565	1.0	0.0
5566	1.0	0.0
5567	1.0	0.0
5568	1.0	0.0
5569	1.0	0.0
5570	1.0	0.0
5571	1.0	0.0
5572	1.0	0.0
5573	1.0	0.0
5574	0.999964849107812	3.515089218797746e-05
5575	1.0	0.0
5576	0.9999999999999487	5.1309826754773744e-14
5577	1.0	1.0854185168758005e-23
5578	1.0	0.0
5579	1.0	0.0
5581	1.0	0.0
5582	1.0	0.0
5583	1.0	7.038596229749759e-20
5584	1.0	0.0
5585	1.0	0.0
5586	1.0	0.0
5587	1.0	0.0
5588	1.0	0.0
5589	1.0	0.0
5590	1.0	0.0
5591	1.0	2.2510504569980956e-33
5592	1.0	0.0
5593	1.0	0.0
5594	1.0	0.0
5595	1.0	0.0
5596	1.0	0.0
5597	1.0	7.428009452624314e-27
5598	1.0	0.0
5599	0.9999999971196708	2.88032915117823e-09
5600	1.0	3.6252503564535776e-28
5601	1.0	0.0
5602	1.0	0.0
5603	1.0	0.0
5604	1.0	4.433443786806852e-20
5605	1.0	0.0
5606	1.0	0.0
5607	0.9999999999999524	4.765089436419977e-14
5608	0.999999999939474	6.05260540792759e-11
5609	0.34989590892921374	0.6501040910707863
5611	1.0	1.5454742703854703e-18
5612	1.0	0.0
5613	1.0	0.0
5614	1.0	0.0
5615	1.0	0.0
5616	1.0	0.0
5617	1.0	0.0
5618	1.0	0.0
5619	1.0	0.0
5620	0.9999999999980441	1.9558458993147116e-12
5621	1.0	0.0
5622	1.0	0.0
5623	1.0	0.0
5624	1.0	0.0
5625	1.0	0.0
5626	1.0	0.0
5627	1.0	0.0
5628	0.9999863475133943	1.3652486605728165e-05
5629	1.0	0.0
5630	1.0	2.739675994699703e-18
5631	1.0	0.0
5632	1.0	0.0
5633	1.0	0.0
5634	1.0	2.3600568199775263e-31
5635	1.0	1.4359092204774718e-36
5636	0.9999999999999659	3.4059624509100587e-14
5637	0.9999999999964029	3.597164905534415e-12
5638	0.9999999998141026	1.8589741322939672e-10
5639	0.9999998178011251	1.8219887489933357e-07
5641	1.0	7.285010350098588e-24
5642	1.0	0.0
5643	1.0	2.953843228480593e-23
5644	1.0	0.0
5645	1.0	0.0
5646	1.0	6.692917642770203e-27
5647	1.0	0.0
5648	1.0	0.0
5649	1.0	0.0
5650	1.0	0.0
5651	1.0	0.0
5652	1.0	0.0
5653	1.0	0.0
5654	1.0	0.0
5655	1.0	0.0
5656	1.0	1.759038004070001e-38
5657	1.0	1.934169744862445e-17
5658	0.9605628313375316	0.03943716866246837
5659	0.9999999999999586	4.138296577206835e-14
5660	1.0	1.4842722440180696e-27
5661	1.0	5.7360439004129845e-43
5662	1.0	0.0
5663	1.0	0.0
5664	1.0	0.0
5665	1.0	0.0
5666	1.0658141036401503e-14	0.9999999999999893
5667	1.0	0.0
5668	1.0	9.337610022453815e-38
5669	1.0	0.0
5671	1.0	0.0
5672	1.0	0.0
5673	1.0	0.0
5674	0.999999999999661	3.3900335626911627e-13
5675	1.0	0.0
5676	0.9999999999999915	8.494976615869264e-15
5677	1.0	0.0
5678	1.0	0.0
5679	1.0	0.0
5680	1.0	0.0
5681	1.0	1.616112943613121e-26
5682	0.9999999999782476	2.1752407837276897e-11
5683	1.0	0.0
5684	1.0	0.0
5685	1.0	0.0
5686	0.9999999998770496	1.229503903055071e-10
5687	1.0	2.750057865488459e-18
5688	1.0	7.95033187121138e-18
5689	0.9999999999999998	1.9844351323697487e-16
5690	1.0	0.0
5691	1.0	0.0
5692	1.0	0.0
5693	1.0	0.0
5694	1.0	0.0
5695	0.9999999549289157	4.5071084305649074e-08
5696	1.0	6.271802664624217e-31
5697	1.0	3.3475495761011116e-31
5698	1.0	6.32360733917376e-32
5699	1.0	0.0
5701	0.9999999999877768	1.2223256645026559e-11
5702	1.0	0.0
5703	1.0	0.0
5704	0.9999989605600997	1.039439900295321e-06
5705	1.0	0.0
5706	1.0	0.0
5707	1.0	0.0
5708	1.0	6.474182718995948e-19
5709	1.0	3.0244856362326207e-22
5710	1.0	0.0
5711	1.0	5.872378186833018e-32
5712	1.0	0.0
5713	1.0	1.492304098921338e-40
5714	1.0	0.0
5715	1.0	0.0
5716	1.0	0.0
5717	1.0	0.0
5718	1.0	0.0
5719	1.0	5.2214377873077734e-43
5720	1.0	0.0
5721	1.0	0.0
5722	1.0	0.0
5723	1.0	0.0
5724	1.0	0.0
5725	1.0	0.0
5726	1.0	6.98550075327796e-33
5727	1.0	1.445910447605851e-20
5728	1.0	0.0
5729	1.0	3.238258026666897e-28
5731	1.0	0.0
5732	1.0	1.6908187738105734e-21
5733	1.0	0.0
5734	1.0	1.3531134230400015e-26
5735	0.0	1.0
5736	1.0	0.0
5737	1.0	0.0
5738	1.0	8.934597687658106e-44
5739	1.0	1.5421858181923756e-27
5740	1.0	0.0
5741	1.0	2.8204637115526956e-29
5742	1.0	0.0
5743	1.0	4.3566949897365883e-42
5744	1.0	0.0
5745	1.0	0.0
5746	1.0	0.0
5747	0.9999999999871333	1.2866691706807326e-11
5748	1.0	0.0
5749	0.999999999999985	1.503381117756541e-14
5750	1.0	0.0
5751	1.0	2.6658550526997335e-38
5752	1.0	0.0
5753	1.0	7.147522250969614e-38
5754	1.0	0.0
5755	1.0	0.0
5756	1.0	0.0
5757	1.0	0.0
5758	1.0	4.04816279349044e-38
5759	1.0	0.0
5761	0.9999999999996192	3.8076587640011607e-13
5762	1.0	4.200326103032512e-20
5763	1.0	0.0
5764	1.0	0.0
5765	1.0	0.0
5766	1.0	2.1343124154647552e-36
5767	1.0	0.0
5768	1.0	0.0
5769	1.0	0.0
5770	1.0	1.175391931287095e-32
5771	1.0	7.230784041750729e-27
5772	1.0	0.0
5773	1.0	0.0
5774	0.9999999999989909	1.009062315786709e-12
5775	1.0	1.913479762989146e-20
5776	0.9999999458044542	5.4195545876185904e-08
5777	1.0	0.0
5778	1.0	0.0
5779	1.0	0.0
5780	1.0	0.0
5781	0.9999999999801465	1.985346028127399e-11
5782	1.0	0.0
5783	1.0	4.3666349424931754e-24
5784	1.0	4.8371083129788264e-30
5785	0.9999999943193599	5.680640105056486e-09
5786	1.0	0.0
5787	1.0	0.0
5788	1.0	0.0
5789	0.9999999999999999	1.6129072363462315e-16
5791	1.0	0.0
5792	1.0	0.0
5793	1.0	0.0
5794	1.0	6.460381377035254e-38
5795	1.0	0.0
5796	1.0	0.0
5797	1.0	0.0
5798	1.0	0.0
5799	1.0	0.0
5800	1.0	0.0
5801	1.0	0.0
5802	1.0	0.0
5803	1.0	3.222077787885383e-22
5804	1.0	0.0
5805	1.0	0.0
5806	1.0	0.0
5807	1.0	2.493133103142361e-37
5808	1.0	0.0
5809	1.0	5.43926524235733e-18
5810	1.0	0.0
5811	1.0	0.0
5812	1.0	5.8683277886542805e-25
5813	1.0	0.0
5814	1.0	0.0
5815	1.0	0.0
5816	1.0	0.0
5817	1.0	0.0
5818	1.0	0.0
5819	0.9999999999999986	1.4898786987010728e-15
5821	1.0	3.0502467920437542e-21
5822	1.0	1.781261932121818e-31
5823	1.0	0.0
5824	1.0	0.0
5825	1.0	0.0
5826	1.0	0.0
5827	1.0	0.0
5828	1.0	0.0
5829	1.0	0.0
5830	1.0	0.0
5831	1.0	0.0
5832	1.0	0.0
5833	1.0	7.006339087118677e-32
5834	1.0	0.0
5835	1.0	0.0
5836	0.999998281733732	1.718266267997999e-06
5837	1.0	0.0
5838	1.0	0.0
5839	1.0	0.0
5840	1.0	0.0
5841	1.0	7.570643551395819e-30
5842	1.0	0.0
5843	1.0	0.0
5844	1.0	0.0
5845	1.0	0.0
5846	1.0	0.0
5847	1.0	0.0
5848	1.0	0.0
5849	1.0	0.0
5851	1.0	1.1566948348391765e-41
5852	1.0	0.0
5853	1.0	0.0
5854	0.6821658086396261	0.317834191360374
5855	1.0	0.0
5856	1.0	0.0
5857	1.0	0.0
5858	1.0	5.1684844743092416e-30
5859	1.0	0.0
5860	0.9999999999999303	6.974036373588601e-14
5861	1.0	0.0
5862	1.0	0.0
5863	1.0	0.0
5864	1.0	0.0
5865	1.0	8.966732502192291e-32
5866	1.0	0.0
5867	1.0	1.6267662869774245e-38
5868	1.0	0.0
5869	1.0	3.547130839515401e-39
5870	1.0	1.0593061988015959e-36
5871	1.0	0.0
5872	1.0	0.0
5873	1.0	0.0
5874	1.0	0.0
5875	1.0	0.0
5876	1.0	0.0
5877	1.0	2.6249314966675766e-20
5878	0.9999999998843457	1.1565426263052874e-10
5879	1.0	0.0
5881	1.0	1.5547051648284303e-31
5882	1.0	0.0
5883	1.0	0.0
5884	1.0	1.36618122874733e-30
5885	1.0	0.0
5886	1.0	2.3929229852161474e-21
5887	1.0	0.0
5888	1.0	0.0
5889	0.9999999999999724	2.7657253748057745e-14
5890	1.0	0.0
5891	1.0	0.0
5892	1.0	0.0
5893	1.0	0.0
5894	1.0	0.0
5895	1.0	0.0
5896	0.9999999999998663	1.3366300388404494e-13
5897	1.0	0.0
5898	1.0	0.0
5899	1.0	0.0
5900	1.0	3.3535685524390867e-37
5901	0.9999999995919738	4.0802616936485974e-10
5902	1.0	0.0
5903	1.0	6.200739939883954e-36
5904	1.0	0.0
5905	1.0	0.0
5906	1.0	8.799383496664201e-37
5907	1.0	2.7178344757641468e-30
5908	1.0	0.0
5909	1.0	0.0
5911	1.0	0.0
5912	1.0	0.0
5913	1.0	0.0
5914	1.0	0.0
5915	1.0	0.0
5916	1.0	0.0
5917	1.0	0.0
5918	1.0	0.0
5919	1.0	0.0
5920	1.0	0.0
5921	1.0	0.0
5922	1.0	1.2092170644311596e-30
5923	1.0	0.0
5924	1.0	3.168126195925169e-32
5925	1.0	8.115384586601062e-39
5926	0.9999999999999946	5.403361741093895e-15
5927	0.999995969383261	4.030616739037992e-06
5928	1.0	0.0
5929	0.99999999999999	1.0011165887901256e-14
5930	1.0	0.0
5931	1.0	0.0
5932	0.9999994469052158	5.530947841616457e-07
5933	1.0	0.0
5934	1.0	0.0
5935	1.0	0.0
5936	1.0	0.0
5937	0.9999999999970084	2.9916259677234383e-12
5938	1.0	9.103158873728462e-33
5939	1.0	0.0
5941	0.9999999999999943	5.669493016282166e-15
5942	1.0	0.0
5943	1.0	4.538421634100576e-37
5944	1.0	0.0
5945	1.0	0.0
5946	1.0	6.710779771692671e-20
5947	1.0	0.0
5948	1.0	3.1892106708163625e-22
5949	1.0	6.909843721500454e-30
5950	1.0	0.0
5951	1.0	0.0
5952	1.0	0.0
5953	1.0	0.0
5954	1.0	2.86303622107441e-34
5955	0.9999999999999996	4.4028505828088636e-16
5956	1.0	0.0
5957	1.0	0.0
5958	1.0	7.955944614111634e-35
5959	0.9999999999997001	2.9989603505017325e-13
5960	0.9999999999636903	3.6309717519047595e-11
5961	1.0	0.0
5962	0.9999999999999271	7.298635062036477e-14
5963	1.0	0.0
5964	0.9999980487763211	1.951223678861058e-06
5965	1.0	7.362399716779915e-18
5966	1.0	0.0
5967	1.0	6.052781638025962e-30
5968	1.0	0.0
5969	1.0	0.0
5971	1.0	0.0
5972	1.0	0.0
5973	0.9999999995323492	4.676507617512071e-10
5974	1.0	0.0
5975	1.0	0.0
5976	0.9999648742840802	3.512571591977002e-05
5977	0.9999999999343337	6.566625126157762e-11
5978	0.9986259611145679	0.0013740388854320835
5979	0.9999999999848749	1.5125096751825163e-11
5980	1.0	8.803064226485248e-23
5981	0.9914445378771869	0.008555462122813112
5982	1.0	3.126084755787044e-23
5983	1.0	0.0
5984	1.0	1.0335098444562986e-19
5985	1.0	1.2978271989598092e-22
5986	1.0	6.712581688519269e-22
5987	0.9999999999999843	1.564017928371996e-14
5988	0.999886904449808	0.00011309555019199713
5989	1.0	4.6913830764909183e-35
5990	1.0	6.636125961757533e-34
5991	1.0	0.0
5992	1.0	0.0
5993	0.9999994067927469	5.932072530827907e-07
5994	1.0	0.0
5995	1.0	0.0
5996	0.9999999999987687	1.2313156464999645e-12
5997	1.0	0.0
5998	1.0	0.0
5999	1.0	0.0
6001	1.0	0.0
6002	0.784826986745433	0.21517301325456697
6003	1.0	0.0
6004	1.0	0.0
6005	1.0	1.8102551616183023e-19
6006	1.0	0.0
6007	1.0	6.739821534523625e-44
6008	1.0	2.071899706932224e-19
6009	1.0	0.0
6010	1.0	0.0
6011	1.0	3.7558340269022355e-29
6012	1.0	0.0
6013	0.9999999764793392	2.3520660778128607e-08
6014	1.0	0.0
6015	1.0	1.8312368809946688e-42
6016	1.0	0.0
6017	1.0	0.0
6018	1.0	0.0
6019	1.0	0.0
6020	1.0	0.0
6021	1.0	0.0
6022	1.0	5.604029776703703e-44
6023	1.0	0.0
6024	1.0	0.0
6025	1.0	0.0
6026	1.0	0.0
6027	1.0	0.0
6028	1.0	0.0
6029	1.0	0.0
6031	1.0	0.0
6032	1.0	1.5595405124599416e-33
6033	1.0	0.0
6034	1.0	0.0
6035	1.0	0.0
6036	1.0	0.0
6037	1.0	2.5184579410559824e-40
6038	1.0	1.2434219118826432e-19
6039	1.0	0.0
6040	1.0	2.3609085600930285e-33
6041	1.0	0.0
6042	1.0	0.0
6043	1.0	0.0
6044	1.0	0.0
6045	1.0	0.0
6046	1.0	0.0
6047	1.0	0.0
6048	0.9999999999999926	7.383321029339803e-15
6049	1.0	0.0
6050	1.0	0.0
6051	1.0	0.0
6052	1.0	0.0
6053	1.0	0.0
6054	1.0	4.507130403907581e-24
6055	1.0	0.0
6056	1.0	0.0
6057	1.0	0.0
6058	1.0	0.0
6059	1.0	1.0997591626569354e-18
6061	1.0	0.0
6062	1.0	8.908392440158255e-25
6063	1.0	0.0
6064	1.0	0.0
6065	1.0	0.0
6066	1.0	0.0
6067	1.0	0.0
6068	1.0	0.0
6069	1.0	5.095050497334976e-44
6070	1.0	0.0
6071	1.0	0.0
6072	0.999999985725944	1.4274056087334881e-08
6073	1.0	0.0
6074	1.0	8.068333561425737e-31
6075	0.9999999999654665	3.453349628989862e-11
6076	1.0	0.0
6077	1.0	4.143353346870299e-36
6078	1.0	0.0
6079	1.0	0.0
6080	0.9999999975135448	2.4864551443589775e-09
6081	1.0	4.638280144687945e-25
6082	0.9999999685112776	3.1488722435117194e-08
6083	1.0	0.0
6084	1.0	0.0
6085	1.0	0.0
6086	1.0	0.0
6087	0.9999999999999998	1.791108168263046e-16
6088	0.9999999445318684	5.546813159038841e-08
6089	1.0	0.0
6091	1.0	0.0
6092	1.0	0.0
6093	1.0	2.6796601598817903e-29
6094	1.0	0.0
6095	1.0	0.0
6096	1.0	0.0
6097	1.0	0.0
6098	1.0	0.0
6099	1.0	6.319735465534698e-36
6100	1.0	0.0
6101	1.0	0.0
6102	1.0	0.0
6103	1.0	0.0
6104	0.9999999999398133	6.018679368369023e-11
6105	1.0	7.171252402696008e-29
6106	1.0	0.0
6107	1.0	0.0
6108	1.0	2.249669952874137e-24
6109	1.0	3.9879983600362507e-20
6110	1.0	2.1868249040554118e-36
6111	1.0	0.0
6112	1.0	0.0
6113	0.9999999999997976	2.0234597536759541e-13
6114	0.9999999999999236	7.64112139868036e-14
6115	1.0	0.0
6116	1.0	0.0
6117	1.0	0.0
6118	0.9999999999951502	4.8498207070489816e-12
6119	1.0	0.0
6121	1.0	0.0
6122	1.0	0.0
6123	1.0	1.06442616608011e-37
6124	1.0	0.0
6125	1.0	0.0
6126	0.9999999999993099	6.901478058532172e-13
6127	1.0	6.373760638274368e-24
6128	0.9976076825344677	0.002392317465532233
6129	1.0	0.0
6130	1.0	0.0
6131	1.0	0.0
6132	1.0	0.0
6133	1.0	0.0
6134	1.0	0.0
6135	1.0	4.0258051163906982e-28
6136	1.0	0.0
6137	0.9999999997579531	2.4204698947437634e-10
6138	1.0	0.0
6139	1.0	6.869869336193626e-21
6140	1.0	0.0
6141	1.0	0.0
6142	1.0	0.0
6143	0.9999999999347535	6.524644706407087e-11
6144	1.0	0.0
6145	1.0	0.0
6146	1.0	0.0
6147	1.0	0.0
6148	0.9999999999999977	2.3441179649765064e-15
6149	0.9999997434729248	2.5652707527355597e-07
6151	1.0	5.447350529180352e-40
6152	1.0	0.0
6153	1.0	0.0
6154	1.0	0.0
6155	1.0	0.0
6156	1.0	0.0
6157	1.0	0.0
6158	1.0	0.0
6159	0.99999335176202	6.648237980060369e-06
6160	1.0	0.0
6161	0.9999999999999997	3.6566194810788976e-16
6162	1.0	0.0
6163	1.0	0.0
6164	0.9999999999999994	5.984672395729992e-16
6165	1.0	0.0
6166	1.0	0.0
6167	1.0	5.974865344053192e-18
6168	1.0	0.0
6169	1.0	0.0
6170	1.0	0.0
6171	1.0	2.4439518785604334e-21
6172	1.0	0.0
6173	1.0	6.846069867817743e-44
6174	1.0	0.0
6175	1.0	0.0
6176	1.0	0.0
6177	1.0	8.883094075573548e-42
6178	1.0	0.0
6179	1.0	3.572884953755435e-22
6181	1.0	0.0
6182	0.999998181897746	1.8181022540077448e-06
6183	1.0	0.0
6184	1.0	0.0
6185	1.0	3.5930186665200683e-35
6186	1.0	0.0
6187	0.9999999999999754	2.4600331582651927e-14
6188	1.0	0.0
6189	1.0	4.516846351954204e-19
6190	1.0	0.0
6191	1.0	1.6076525944589155e-36
6192	0.9999999999999497	5.0291727516751027e-14
6193	1.0	0.0
6194	1.0	0.0
6195	1.0	0.0
6196	1.0	0.0
6197	1.0	3.012054992075115e-36
6198	0.9999999999998225	1.7754404348046443e-13
6199	1.0	0.0
6200	1.0	0.0
6201	1.0	4.469758369612965e-19
6202	1.0	0.0
6203	1.0	0.0
6204	1.0	1.1825013604440795e-18
6205	1.0	0.0
6206	1.0	5.680460273731649e-32
6207	1.0	0.0
6208	1.0	6.7825781731726476e-18
6209	1.0	6.545864521814987e-37
6211	1.0	2.5576054705490855e-18
6212	1.0	0.0
6213	1.0	0.0
6214	1.0	4.526862273796454e-23
6215	1.0	0.0
6216	1.0	0.0
6217	1.0	0.0
6218	1.0	0.0
6219	1.0	0.0
6220	1.0	4.2945924707048546e-23
6221	1.0	0.0
6222	1.0	0.0
6223	0.9999999946258787	5.3741212355604826e-09
6224	1.0	0.0
6225	0.9993721193028235	0.0006278806971764765
6226	0.9999999993561647	6.43835366613731e-10
6227	1.0	0.0
6228	1.0	0.0
6229	1.0	2.221408342866724e-18
6230	1.0	0.0
6231	0.9999999999999793	2.0644335949499308e-14
6232	1.0	3.5217425627013064e-38
6233	1.0	0.0
6234	1.0	0.0
6235	0.9999999996428768	3.5712323373732853e-10
6236	1.0	2.794387401119072e-26
6237	1.0	0.0
6238	1.0	0.0
6239	1.0	0.0
6241	0.9999999999997254	2.745968336792665e-13
6242	1.0	2.7867872630479664e-33
6243	1.0	8.170115146724692e-24
6244	1.0	0.0
6245	1.0	1.0351015810983832e-28
6246	1.0	1.366533381742024e-20
6247	1.0	9.696994830842962e-18
6248	1.0	0.0
6249	1.0	0.0
6250	1.0	0.0
6251	0.9999999999670187	3.298123333259728e-11
6252	1.0	0.0
6253	1.0	0.0
6254	1.0	0.0
6255	0.9999999999999929	7.067787732544685e-15
6256	0.9999999999989841	1.015873871232341e-12
6257	1.0	0.0
6258	0.9999999999512793	4.8720707020935226e-11
6259	1.0	3.474266237112564e-30
6260	1.0	0.0
6261	1.0	5.0982327603898144e-17
6262	0.9999999999871769	1.2823026922892254e-11
6263	1.0	0.0
6264	1.0	0.0
6265	1.0	0.0
6266	1.0	0.0
6267	1.0	0.0
6268	1.0	0.0
6269	1.0	0.0
6271	1.0	0.0
6272	1.0	3.853858584453412e-31
6273	1.0	1.173019893457331e-25
6274	1.0	0.0
6275	1.0	0.0
6276	1.0	0.0
6277	1.0	0.0
6278	1.0	0.0
6279	1.0	0.0
6280	1.0	0.0
6281	1.0	3.4290350933989524e-19
6282	1.0	0.0
6283	1.0	0.0
6284	1.0	1.638201214840001e-42
6285	1.0	0.0
6286	1.0	4.319920297762741e-26
6287	1.0	0.0
6288	1.0	1.5913055012383675e-22
6289	1.0	0.0
6290	1.0	1.320025107538899e-36
6291	0.9094895079075653	0.09051049209243466
6292	1.0	5.429581923286284e-41
6293	1.0	0.0
6294	0.8609165505686271	0.13908344943137285
6295	1.0	0.0
6296	1.0	0.0
6297	1.0	6.81318702665835e-31
6298	1.0	0.0
6299	1.0	0.0
6301	1.0	0.0
6302	1.0	0.0
6303	1.0	8.028811952495786e-28
6304	0.9999999998684571	1.315429390924158e-10
6305	1.0	0.0
6306	0.9999999999999677	3.227331613006331e-14
6307	1.0	0.0
6308	1.0	0.0
6309	1.0	0.0
6310	0.99911855159118	0.0008814484088199849
6311	1.0	0.0
6312	1.0	0.0
6313	1.0	0.0
6314	1.0	3.714344201976778e-41
6315	0.9999999932514229	6.748577170431205e-09
6316	1.0	0.0
6317	1.0	0.0
6318	1.0	9.207743686130354e-21
6319	1.0	0.0
6320	1.0	8.50268179270801e-32
6321	1.0	7.588100227864347e-40
6322	1.0	1.2691475532451896e-28
6323	0.9999999999998306	1.694341414763407e-13
6324	1.0	0.0
6325	1.0	0.0
6326	0.9999285794375604	7.142056243952943e-05
6327	1.0	7.991899886917101e-35
6328	1.0	0.0
6329	1.0	0.0
6331	1.0	7.185838363986647e-18
6332	0.9999998907734939	1.0922650601915263e-07
6333	1.0	0.0
6334	1.0	0.0
6335	1.0	0.0
6336	1.0	0.0
6337	1.0	0.0
6338	1.0	7.099878612934592e-19
6339	1.0	0.0
6340	1.0	3.447180541074905e-17
6341	1.0	0.0
6342	1.0	0.0
6343	1.0	4.2960598057024336e-18
6344	1.0	0.0
6345	1.0	0.0
6346	1.0	0.0
6347	1.0	0.0
6348	1.0	0.0
6349	1.0	0.0
6350	1.0	0.0
6351	1.0	0.0
6352	1.0	7.748610103772115e-18
6353	1.0	0.0
6354	0.9999879205596499	1.2079440350065055e-05
6355	0.9999639680887955	3.603191120445563e-05
6356	1.0	3.006819331257118e-40
6357	1.0	0.0
6358	0.999999997753156	2.2468440094472315e-09
6359	1.0	0.0
6361	1.0	0.0
6362	1.0	0.0
6363	0.9999999628340372	3.7165962767379416e-08
6364	1.0	0.0
6365	0.9999999999999993	6.13727099803723e-16
6366	1.0	0.0
6367	1.0	5.747597049972837e-22
6368	1.0	0.0
6369	1.0	0.0
6370	1.0	5.95017448852288e-43
6371	0.9999999999999992	8.211139656090676e-16
6372	1.0	0.0
6373	1.0	0.0
6374	1.0	8.192008317586592e-25
6375	1.0	2.2243340235168217e-31
6376	1.0	4.8903621808688385e-36
6377	1.0	0.0
6378	1.0	0.0
6379	1.0	0.0
6380	1.0	4.405362900441502e-31
6381	1.0	0.0
6382	1.0	0.0
6383	0.9999999998639916	1.3600844915456742e-10
6384	1.0	0.0
6385	0.0	1.0
6386	1.0	0.0
6387	1.0	0.0
6388	1.0	0.0
6389	1.0	0.0
6391	0.99999999797538	2.0246200674344237e-09
6392	1.0	0.0
6393	1.0	0.0
6394	1.0	0.0
6395	1.0	0.0
6396	1.0	0.0
6397	1.0	0.0
6398	1.0	0.0
6399	1.0	1.5397423947562113e-31
6400	1.0	6.904997864812467e-35
6401	0.9999999999989255	1.0745012455998144e-12
6402	0.994186595622769	0.005813404377230939
6403	1.0	0.0
6404	1.0	0.0
6405	1.0	0.0
6406	1.0	0.0
6407	1.0	0.0
6408	1.0	0.0
6409	1.0	0.0
6410	1.0	0.0
6411	1.0	3.132987468200536e-43
6412	1.0	2.270037828214574e-40
6413	1.0	0.0
6414	1.0	0.0
6415	1.0	0.0
6416	1.0	0.0
6417	1.0	0.0
6418	1.0	0.0
6419	1.0	0.0
6421	0.9999999990098368	9.901631313984486e-10
6422	1.0	0.0
6423	1.0	0.0
6424	1.0	1.1072661204366882e-26
6425	1.0	0.0
6426	1.0	0.0
6427	1.0	0.0
6428	1.0	0.0
6429	1.0	0.0
6430	1.0	0.0
6431	1.0	0.0
6432	1.0	0.0
6433	0.9999999999999998	2.1449122179326138e-16
6434	1.0	0.0
6435	0.9679904142783865	0.03200958572161349
6436	0.9999995438313434	4.561686566571347e-07
6437	1.0	0.0
6438	0.9999999999978323	2.167660108338952e-12
6439	1.0	3.49369170689075e-19
6440	1.0	0.0
6441	1.0	0.0
6442	1.0	1.5443129282405915e-18
6443	1.0	0.0
6444	0.9999999999240987	7.590129596519023e-11
6445	1.0	0.0
6446	0.9999999999988013	1.1987401947609786e-12
6447	1.0	0.0
6448	1.0	0.0
6449	1.0	1.075888987215822e-23
6451	1.0	0.0
6452	0.9999972571111541	2.7428888459532044e-06
6453	1.0	0.0
6454	0.9999999999999988	1.2354079923552944e-15
6455	1.0	0.0
6456	1.0	1.1663557143118427e-38
6457	0.999998409524438	1.5904755620437392e-06
6458	1.0	0.0
6459	1.0	0.0
6460	1.0	0.0
6461	1.0	4.3391147240398386e-21
6462	1.0	0.0
6463	1.0	1.3372053384010778e-33
6464	0.9999999999999711	2.886205887147877e-14
6465	0.9865787724255414	0.013421227574458634
6466	1.0	1.6190344644493733e-27
6467	0.999999999995452	4.548033878635484e-12
6468	1.0	0.0
6469	0.0010111144578089926	0.998988885542191
6470	1.0	0.0
6471	1.0	0.0
6472	1.0	0.0
6473	1.0	0.0
6474	1.0	0.0
6475	1.0	0.0
6476	1.0	6.8617571017240455e-40
6477	1.0	0.0
6478	1.0	0.0
6479	1.0	3.9150553396303795e-20
6481	1.0	0.0
6482	1.0	0.0
6483	1.0	1.1109678874207852e-24
6484	0.9982125229962667	0.001787477003733254
6485	1.0	0.0
6486	0.9999999558862422	4.411375776989489e-08
6487	1.0	1.4260534453452896e-35
6488	1.0	4.3708860096758405e-25
6489	1.0	0.0
6490	1.0	0.0
6491	1.0	4.52303247136552e-17
6492	1.0	3.838936538705284e-17
6493	1.0	0.0
6494	1.0	0.0
6495	1.0	0.0
6496	1.0	0.0
6497	1.0	0.0
6498	1.0	0.0
6499	0.9999902317707059	9.768229294115698e-06
6500	1.0	0.0
6501	1.0	0.0
6502	1.0	0.0
6503	0.9999999999999765	2.3591323730768294e-14
6504	1.0	4.788721164225506e-19
6505	1.0	0.0
6506	1.0	0.0
6507	1.0	0.0
6508	0.9999990098595886	9.901404114285085e-07
6509	1.0	0.0
6511	1.0	0.0
6512	1.0	0.0
6513	1.0	0.0
6514	0.9999999999999882	1.1782875642434776e-14
6515	0.9999999999637246	3.627543577598537e-11
6516	0.9999905395885669	9.460411433112334e-06
6517	1.0	8.565670769454264e-20
6518	0.9999999999999105	8.949722696674358e-14
6519	1.0	0.0
6520	1.0	0.0
6521	1.0	0.0
6522	1.0	0.0
6523	0.9820958561180055	0.01790414388199448
6524	1.0	0.0
6525	1.0	0.0
6526	1.0	0.0
6527	1.0	0.0
6528	1.0	0.0
6529	1.0	0.0
6530	1.0	4.281419315084831e-26
6531	1.0	2.162797830036608e-32
6532	1.0	0.0
6533	1.0	0.0
6534	1.0	0.0
6535	1.0	3.647043772316755e-21
6536	1.0	0.0
6537	0.99999999998672	1.3280088816264828e-11
6538	0.999998505208556	1.4947914439585114e-06
6539	1.0	1.6940446199509206e-21
6541	1.0	0.0
6542	1.0	0.0
6543	0.9999999999985341	1.465962485589189e-12
6544	1.0	3.3973345837353265e-37
6545	0.9999999997917403	2.0825978797585444e-10
6546	1.0	0.0
6547	1.0	0.0
6548	1.0	1.6379837315860768e-26
6549	1.0	2.529873578728505e-34
6550	1.0	0.0
6551	1.0	1.7982216038263045e-18
6552	0.9999999999999996	4.685817267136398e-16
6553	1.0	0.0
6554	1.0	0.0
6555	0.9999999555204562	4.4479543867194484e-08
6556	1.0	0.0
6557	1.0	0.0
6558	1.0	0.0
6559	1.0	2.924077334076923e-23
6560	1.0	1.5760437610667607e-27
6561	0.9999999976840359	2.3159640834424163e-09
6562	1.0	3.1364396041412985e-30
6563	1.0	0.0
6564	1.0	0.0
6565	1.0	1.5968010252423197e-19
6566	1.0	0.0
6567	1.0	0.0
6568	1.0	0.0
6569	1.0	7.004622445728538e-22
6571	1.0	0.0
6572	1.0	0.0
6573	1.0	1.965476565845978e-22
6574	0.9999999999999997	3.7021238162336355e-16
6575	1.0	2.198633331756619e-34
6576	1.0	0.0
6577	1.0	0.0
6578	1.0	0.0
6579	1.0	0.0
6580	1.0	0.0
6581	1.0	0.0
6582	1.0	0.0
6583	1.0	0.0
6584	1.0	0.0
6585	1.0	0.0
6586	1.0	0.0
6587	1.0	0.0
6588	1.0	0.0
6589	1.0	0.0
6590	1.0	0.0
6591	1.0	5.457425903642026e-18
6592	1.0	0.0
6593	0.9999999999999902	9.730139442467578e-15
6594	0.9999999997641114	2.358886724935879e-10
6595	1.0	0.0
6596	1.0	0.0
6597	1.0	0.0
6598	1.0	0.0
6599	1.0	0.0
6601	1.0	0.0
6602	1.0	0.0
6603	1.0	0.0
6604	1.0	0.0
6605	1.0	0.0
6606	1.0	6.881424217221756e-30
6607	0.9999999999999994	5.061625687034465e-16
6608	1.0	1.4160600578587417e-43
6609	1.0	1.6432876724467779e-43
6610	1.0	0.0
6611	1.0	0.0
6612	0.9999997120234071	2.8797659285594584e-07
6613	1.0	0.0
6614	1.0	0.0
6615	1.0	0.0
6616	1.0	0.0
6617	1.0	0.0
6618	1.0	4.9537151533181445e-30
6619	1.0	0.0
6620	1.0	0.0
6621	1.0	0.0
6622	1.0	7.079116376409937e-40
6623	1.0	0.0
6624	1.0	0.0
6625	1.0	0.0
6626	1.0	0.0
6627	1.0	0.0
6628	0.9999998420859597	1.579140402885813e-07
6629	1.0	0.0
6631	1.0	3.582209835507414e-31
6632	0.8683279153491105	0.13167208465088953
6633	0.9999999952561954	4.743804524288171e-09
6634	1.0	0.0
6635	1.0	0.0
6636	1.0	0.0
6637	1.0	6.868151495916315e-27
6638	1.0	0.0
6639	1.0	1.0309491983749213e-23
6640	1.0	0.0
6641	1.0	7.236228816199e-43
6642	1.0	0.0
6643	1.0	0.0
6644	1.0	0.0
6645	1.0	0.0
6646	1.0	0.0
6647	1.0	0.0
6648	1.0	7.16041640369355e-34
6649	0.9999999923097288	7.690271236867124e-09
6650	0.9580348740649214	0.041965125935078625
6651	1.0	1.5965464374064925e-22
6652	0.9999999999999993	6.533655650883366e-16
6653	1.0	0.0
6654	1.0	0.0
6655	1.0	1.2449551730047768e-25
6656	0.9999999999999274	7.26295375026589e-14
6657	0.9999999999999982	1.7645901081808589e-15
6658	1.0	1.5516315015127787e-39
6659	0.9999939138847944	6.086115205538105e-06
6661	1.0	0.0
6662	1.0	0.0
6663	1.0	0.0
6664	1.0	2.432956144609547e-31
6665	0.9999999999999969	3.1441621275380702e-15
6666	1.0	0.0
6667	1.0	0.0
6668	1.0	0.0
6669	1.0	0.0
6670	1.0	0.0
6671	1.0	0.0
6672	1.0	0.0
6673	1.0	0.0
6674	1.0	1.4512742286218004e-20
6675	0.9999999988963381	1.1036618903750745e-09
6676	0.9999999999798251	2.017489259319702e-11
6677	1.0	0.0
6678	1.0	0.0
6679	1.0	0.0
6680	1.0	0.0
6681	1.0	0.0
6682	0.9656544949333611	0.03434550506663893
6683	1.0	3.2239918057399984e-19
6684	0.9999999728641603	2.7135839650580537e-08
6685	1.0	0.0
6686	1.0	5.152041712712011e-43
6687	1.0	4.324676720908817e-36
6688	0.9999999906911242	9.308875779474351e-09
6689	1.0	7.394122149924033e-28
6691	0.9999999999976039	2.3960818137343e-12
6692	1.0	6.844447686083482e-24
6693	1.0	0.0
6694	1.0	5.985274288751005e-42
6695	1.0	0.0
6696	1.0	0.0
6697	0.9999999999999992	8.112341618311872e-16
6698	1.0	6.49761863965738e-25
6699	1.0	0.0
6700	1.0	0.0
6701	1.0	0.0
6702	1.0	0.0
6703	1.0	0.0
6704	1.0	0.0
6705	1.0	2.7529277550698567e-32
6706	1.0	1.6771032403704001e-28
6707	1.0	3.772902867421759e-23
6708	1.0	0.0
6709	1.0	0.0
6710	1.0	0.0
6711	1.0	0.0
6712	1.0	0.0
6713	1.0	0.0
6714	1.0	0.0
6715	1.0	0.0
6716	1.0	2.9805084494899675e-24
6717	1.0	6.912471015766226e-22
6718	1.0	0.0
6719	1.0	0.0
6721	1.0	0.0
6722	1.0	0.0
6723	1.0	0.0
6724	1.0	0.0
6725	1.0	0.0
6726	1.0	0.0
6727	1.0	0.0
6728	1.0	0.0
6729	1.0	0.0
6730	1.0	2.5798761451420475e-38
6731	1.0	0.0
6732	1.0	0.0
6733	1.0	0.0
6734	1.0	0.0
6735	0.9999999999993009	6.990627485456831e-13
6736	1.0	0.0
6737	1.0	0.0
6738	0.999999951757077	4.824292298592371e-08
6739	1.0	0.0
6740	1.0	5.683137074910148e-22
6741	1.0	0.0
6742	1.0	3.162806086338966e-39
6743	1.0	5.071187036765955e-34
6744	1.0	1.7153067062345658e-33
6745	1.0	7.460948332382757e-26
6746	0.9999999999993809	6.190984253646881e-13
6747	1.0	7.330005521376681e-19
6748	1.0	0.0
6749	1.0	0.0
6751	1.0	0.0
6752	1.0	3.3001932478523636e-19
6753	1.0	6.41919047879374e-26
6754	1.0	1.4111944666943859e-34
6755	1.0	0.0
6756	1.0	0.0
6757	0.999999999984042	1.595801508319488e-11
6758	1.0	0.0
6759	0.9999999999076867	9.231327199225717e-11
6760	0.9999999999999902	9.738725820189887e-15
6761	0.9999999999998882	1.118473431692513e-13
6762	1.0	9.541128182454512e-23
6763	1.0	0.0
6764	1.0	0.0
6765	1.0	0.0
6766	1.0	0.0
6767	1.0	2.2596623122308967e-19
6768	0.9999999999999839	1.61168373378606e-14
6769	0.9999999372337686	6.276623145276558e-08
6770	1.0	1.4506996513329565e-19
6771	1.0	0.0
6772	1.0	0.0
6773	1.0	0.0
6774	1.0	0.0
6775	1.0	0.0
6776	1.0	0.0
6777	1.0	0.0
6778	1.0	0.0
6779	1.0	9.310642664606128e-34
6781	1.0	3.669617632884929e-21
6782	1.0	5.327654602999587e-28
6783	1.0	0.0
6784	0.9999999999999749	2.5081741521567856e-14
6785	1.0	3.0858280017731776e-29
6786	1.0	0.0
6787	0.9999999999995014	4.986274986296217e-13
6788	1.0	0.0
6789	1.0	0.0
6790	1.0	4.78273287145618e-37
6791	1.0	8.014495042207288e-21
6792	1.0	3.978261521526546e-18
6793	1.0	0.0
6794	1.0	3.978261521526546e-18
6795	1.0	0.0
6796	1.0	0.0
6797	1.0	0.0
6798	1.0	0.0
6799	1.0	0.0
6800	1.0	0.0
6801	1.0	2.191237894458442e-20
6802	1.0	0.0
6803	0.9998145584968087	0.0001854415031912766
6804	1.0	0.0
6805	1.0	0.0
6806	0.9999998404226147	1.595773853563073e-07
6807	1.0	0.0
6808	1.0	1.0836742040147461e-30
6809	1.0	5.464766406401064e-29
6811	1.0	0.0
6812	1.0	0.0
6813	1.0	1.3801783330085237e-32
6814	1.0	5.2552409261562e-21
6815	1.0	0.0
6816	1.0	0.0
6817	1.0	0.0
6818	1.0	0.0
6819	1.0	0.0
6820	1.0	0.0
6821	1.0	0.0
6822	1.0	0.0
6823	1.0	0.0
6824	1.0	0.0
6825	1.0	0.0
6826	0.9999999998095673	1.9043272469039056e-10
6827	1.0	0.0
6828	1.0	0.0
6829	1.0	0.0
6830	1.0	0.0
6831	1.0	0.0
6832	1.0	0.0
6833	0.9999999999999705	2.951999633482483e-14
6834	1.0	0.0
6835	1.0	0.0
6836	1.0	1.2180513024637437e-39
6837	1.0	1.3583948092127676e-35
6838	1.0	0.0
6839	1.0	0.0
6841	0.9999999999999999	1.131115452645228e-16
6842	1.0	0.0
6843	1.0	0.0
6844	1.0	0.0
6845	0.9999999999999998	1.6987861751147917e-16
6846	1.0	0.0
6847	0.9999999897126064	1.0287393641873933e-08
6848	0.9999999995409626	4.590373217438608e-10
6849	1.0	0.0
6850	1.0	0.0
6851	0.999799874609412	0.00020012539058802728
6852	1.0	4.236950318714707e-28
6853	1.0	0.0
6854	0.9999999999953212	4.678840576553287e-12
6855	0.9999999897682079	1.0231792080772779e-08
6856	1.0	0.0
6857	1.0	0.0
6858	1.0	0.0
6859	1.0	3.612512877576572e-18
6860	1.0	0.0
6861	1.0	7.706583173075304e-42
6862	1.0	3.654019705015949e-18
6863	1.0	1.9133147969497197e-24
6864	1.0	0.0
6865	1.0	0.0
6866	0.9999999999999791	2.0856859526972243e-14
6867	1.0	9.83679301682147e-37
6868	1.0	7.604932365116575e-33
6869	0.9999999999899656	1.0034379743206e-11
6871	1.0	0.0
6872	0.999999343282235	6.567177648964813e-07
6873	0.9960738715086125	0.003926128491387473
6874	1.0	2.181424704928513e-43
6875	1.0	0.0
6876	1.0	0.0
6877	1.0	0.0
6878	1.0	0.0
6879	1.0	0.0
6880	1.0	0.0
6881	1.0	7.80198540844936e-39
6882	0.9999999999996868	3.1318687620130997e-13
6883	1.0	0.0
6884	1.0	0.0
6885	1.0	0.0
6886	1.0	0.0
6887	1.0	0.0
6888	1.0	0.0
6889	1.0	0.0
6890	1.0	0.0
6891	1.0	0.0
6892	1.0	1.5749571306807685e-23
6893	1.0	1.0969335667271753e-36
6894	1.0	0.0
6895	1.0	0.0
6896	1.0	0.0
6897	1.0	0.0
6898	1.0	5.128015835140748e-21
6899	1.0	0.0
6901	1.0	0.0
6902	1.0	0.0
6903	1.0	0.0
6904	1.0	0.0
6905	1.0	5.120985581512415e-41
6906	1.0	0.0
6907	1.0	0.0
6908	1.0	1.3344585096839174e-37
6909	0.9999999999984066	1.5934264010243959e-12
6910	1.0	2.4136880056250056e-28
6911	0.9999999442679494	5.5732050597248505e-08
6912	0.9999999999940475	5.952481541057465e-12
6913	1.0	0.0
6914	1.0	0.0
6915	1.0	0.0
6916	1.0	0.0
6917	1.0	0.0
6918	1.0	2.4309488499815586e-43
6919	1.0	0.0
6920	1.0	0.0
6921	1.0	0.0
6922	1.0	3.2630071554760817e-24
6923	1.0	0.0
6924	1.0	7.498179315123724e-44
6925	0.9999999996784418	3.215582530177013e-10
6926	0.9999999995021682	4.978317747629146e-10
6927	1.0	0.0
6928	1.0	0.0
6929	1.0	3.719753430854748e-39
6931	1.0	0.0
6932	1.0	0.0
6933	1.0	0.0
6934	1.0	8.374554045022194e-30
6935	1.0	8.374554045022194e-30
6936	1.0	0.0
6937	0.9999999999950624	4.937598629900392e-12
6938	0.9999999966421005	3.357899546857006e-09
6939	1.0	1.4934315030576353e-22
6940	1.0	0.0
6941	1.0	0.0
6942	1.0	0.0
6943	1.0	0.0
6944	1.0	0.0
6945	1.0	0.0
6946	1.0	0.0
6947	1.0	0.0
6948	0.9999999999999991	8.909377335761446e-16
6949	1.0	0.0
6950	1.0	0.0
6951	1.0	0.0
6952	1.0	0.0
6953	1.0	0.0
6954	1.0	2.1527502930332935e-21
6955	1.0	1.964663421464117e-42
6956	1.0	3.65338312251399e-40
6957	0.9999999999999686	3.144720936253288e-14
6958	1.0	0.0
6959	1.0	0.0
6961	0.8528358037427608	0.1471641962572392
6962	1.0	0.0
6963	1.0	0.0
6964	1.0	0.0
6965	1.0	0.0
6966	0.9999999999991155	8.845180618926935e-13
6967	1.0	6.2697457077002106e-27
6968	1.0	0.0
6969	1.0	3.0651427533996603e-27
6970	1.0	2.4162899608011734e-23
6971	1.0	4.834237837184672e-37
6972	0.9999988642949196	1.1357050804457356e-06
6973	1.0	0.0
6974	0.7859873599564917	0.2140126400435083
6975	1.0	0.0
6976	1.0	6.230752923901845e-31
6977	1.0	0.0
6978	1.0	0.0
6979	1.0	1.1443332569596626e-18
6980	1.0	1.76108219311641e-24
6981	1.0	0.0
6982	1.0	0.0
6983	1.0	0.0
6984	0.9999999999999155	8.446033740714376e-14
6985	1.0	0.0
6986	1.0	0.0
6987	1.0	1.105360429055564e-32
6988	1.0	0.0
6989	1.0	9.109341353785953e-40
6991	0.9999999977210619	2.27893816340858e-09
6992	1.0	5.724662595541046e-23
6993	1.0	0.0
6994	1.0	0.0
6995	0.9999821210975951	1.7878902404858592e-05
6996	1.0	8.003987244621911e-29
6997	1.0	0.0
6998	1.0	1.3392753513607557e-24
6999	1.0	5.673855206702533e-21
7000	1.0	0.0
7001	1.0	3.3242577211137083e-19
7002	1.0	6.040372279542756e-32
7003	1.0	0.0
7004	1.0	9.620894487449657e-42
7005	1.0	1.601956011652504e-43
7006	1.0	0.0
7007	1.0	5.47674306131193e-36
7008	1.0	0.0
7009	1.0	1.4970277588225204e-17
7010	1.0	0.0
7011	1.0	0.0
7012	1.0	0.0
7013	1.0	0.0
7014	1.0	0.0
7015	1.0	0.0
7016	1.0	0.0
7017	1.0	7.478698421747026e-19
7018	1.0	2.4297186864882964e-27
7019	1.0	0.0
7021	1.0	0.0
7022	1.0	0.0
7023	1.0	0.0
7024	0.9999994264462698	5.735537302186155e-07
7025	1.0	0.0
7026	1.0	0.0
7027	1.0	0.0
7028	1.0	0.0
7029	1.0	0.0
7030	1.0	0.0
7031	1.0	0.0
7032	1.0	0.0
7033	1.0	0.0
7034	1.0	0.0
7035	1.0	0.0
7036	1.0	0.0
7037	1.0	0.0
7038	1.0	0.0
7039	1.0	0.0
7040	1.0	1.3411820508496607e-24
7041	1.0	0.0
7042	1.0	0.0
7043	1.0	0.0
7044	1.0	3.402343607226231e-38
7045	1.0	0.0
7046	1.0	0.0
7047	0.9999998581052518	1.4189474816716028e-07
7048	1.0	5.144365204440914e-21
7049	1.0	0.0
7051	1.0	0.0
7052	1.0	0.0
7053	1.0	0.0
7054	1.0	0.0
7055	1.0	0.0
7056	1.0	0.0
7057	1.0	7.758345972929742e-39
7058	1.0	0.0
7059	1.0	0.0
7060	1.0	0.0
7061	1.0	0.0
7062	1.0	0.0
7063	1.0	3.0935516529727647e-20
7064	1.0	0.0
7065	1.0	0.0
7066	1.0	0.0
7067	1.0	0.0
7068	1.0	1.8878779601191213e-22
7069	1.0	0.0
7070	1.0	0.0
7071	1.0	0.0
7072	1.0	9.668970336916725e-40
7073	1.0	0.0
7074	1.0	0.0
7075	0.9999999999999978	2.2317932228911178e-15
7076	1.0	0.0
7077	1.0	0.0
7078	0.9999948191501077	5.180849892313932e-06
7079	0.9999986051060107	1.3948939893039936e-06
7081	1.0	0.0
7082	1.0	0.0
7083	1.0	0.0
7084	1.0	0.0
7085	1.0	0.0
7086	1.0	0.0
7087	1.0	0.0
7088	1.0	0.0
7089	1.0	0.0
7090	1.0	0.0
7091	1.0	1.0710438271109841e-18
7092	1.0	0.0
7093	1.0	0.0
7094	1.0	0.0
7095	1.0	0.0
7096	1.0	0.0
7097	1.0	9.243165663847541e-43
7098	1.0	6.1081763663986776e-18
7099	1.0	0.0
7100	1.0	6.253882402432765e-24
7101	1.0	0.0
7102	1.0	0.0
7103	1.0	0.0
7104	1.0	0.0
7105	1.0	2.3558656383122726e-32
7106	1.0	0.0
7107	0.9999998272191294	1.72780870593924e-07
7108	1.0	0.0
7109	1.0	0.0
7111	1.0	0.0
7112	1.0	0.0
7113	1.0	5.581138340979862e-37
7114	1.0	0.0
7115	1.0	8.460856808588984e-24
7116	1.0	8.460856808588984e-24
7117	1.0	0.0
7118	0.9999999998563176	1.436824249475575e-10
7119	1.0	0.0
7120	1.0	0.0
7121	1.0	0.0
7122	1.0	1.0958143454568653e-39
7123	0.99999999999979	2.1003669934220683e-13
7124	1.0	1.0432456178966436e-19
7125	1.0	0.0
7126	1.0	0.0
7127	1.0	0.0
7128	1.0	0.0
7129	1.0	0.0
7130	1.0	1.7920446362350186e-20
7131	1.0	4.792348152670223e-30
7132	1.0	0.0
7133	1.0	1.4627634084031513e-38
7134	1.0	0.0
7135	1.0	0.0
7136	0.9955779492949515	0.004422050705048571
7137	1.0	0.0
7138	1.0	2.8484565900706916e-39
7139	1.0	0.0
7141	0.9999999999999761	2.3863008757820128e-14
7142	1.0	0.0
7143	1.0	0.0
7144	1.0	0.0
7145	1.0	0.0
7146	1.0	0.0
7147	1.0	0.0
7148	1.0	3.7429001811523296e-20
7149	1.0	0.0
7150	1.0	1.0783614325761803e-25
7151	1.0	1.6015790011054051e-21
7152	1.0	0.0
7153	1.0	0.0
7154	1.0	1.5471175721442204e-42
7155	0.9999999999999999	8.657472869965038e-17
7156	1.0	0.0
7157	1.0	0.0
7158	1.0	0.0
7159	1.0	2.8613747878888317e-34
7160	1.0	1.0441360942459353e-32
7161	1.0	6.369571492357044e-19
7162	1.0	0.0
7163	1.0	7.981885836557299e-18
7164	0.9999999953691937	4.63080631940392e-09
7165	0.9999999999952667	4.733308957580728e-12
7166	1.0	0.0
7167	1.0	0.0
7168	1.0	6.909646967784951e-32
7169	1.0	0.0
7171	1.0	0.0
7172	1.0	0.0
7173	1.0	0.0
7174	1.0	0.0
7175	1.0	1.7143091806353132e-40
7176	1.0	3.3880491217133286e-18
7177	1.0	0.0
7178	1.0	0.0
7179	1.0	0.0
7180	1.0	0.0
7181	0.9999996625733094	3.374266906066684e-07
7182	1.0	0.0
7183	1.0	0.0
7184	1.0	0.0
7185	0.9999999999999657	3.428217094829275e-14
7186	1.0	0.0
7187	1.0	0.0
7188	1.0	0.0
7189	1.0	8.08894058994083e-43
7190	1.0	0.0
7191	1.0	0.0
7192	1.0	0.0
7193	1.0	0.0
7194	1.0	0.0
7195	1.0	1.9353609649620198e-18
7196	1.0	0.0
7197	1.0	3.185907371463615e-22
7198	1.0	0.0
7199	1.0	0.0
7201	1.0	0.0
7202	1.0	8.226562763302556e-20
7203	1.0	0.0
7204	1.0	0.0
7205	0.9999779413978189	2.2058602181090407e-05
7206	1.0	0.0
7207	0.9999970335545462	2.9664454538288147e-06
7208	1.0	0.0
7209	1.0	0.0
7210	1.0	0.0
7211	1.0	1.3088755975122174e-18
7212	1.0	1.750714726852325e-39
7213	0.999999999993521	6.479005829231518e-12
7214	1.0	0.0
7215	1.0	0.0
7216	0.9999985466433993	1.4533566006817711e-06
7217	1.0	0.0
7218	1.0	0.0
7219	1.0	0.0
7220	1.0	2.915614698806932e-41
7221	1.0	0.0
7222	1.0	0.0
7223	1.0	0.0
7224	1.0	0.0
7225	1.0	0.0
7226	1.0	0.0
7227	1.0	0.0
7228	1.0	2.744389863404592e-26
7229	1.0	0.0
7231	1.0	6.105500539240859e-40
7232	1.0	0.0
7233	1.0	0.0
7234	1.0	0.0
7235	1.0	1.6411395081162245e-21
7236	1.0	0.0
7237	1.0	0.0
7238	1.0	0.0
7239	0.9999999999998338	1.662293170432464e-13
7240	1.0	0.0
7241	1.0	0.0
7242	0.9999999999857008	1.4299269549433889e-11
7243	1.0	0.0
7244	1.0	8.554582472608705e-19
7245	1.0	0.0
7246	1.0	0.0
7247	1.0	0.0
7248	1.0	0.0
7249	1.0	0.0
7250	1.0	0.0
7251	1.0	0.0
7252	1.0	0.0
7253	0.9999999999999984	1.512306293370339e-15
7254	1.0	5.3539134139996535e-21
7255	1.0	0.0
7256	1.0	0.0
7257	1.0	0.0
7258	1.0	0.0
7259	1.0	0.0
7261	1.0	0.0
7262	1.0	1.7615762802985984e-32
7263	0.9999999999019892	9.801086630227014e-11
7264	0.9999999999775416	2.2458415648404935e-11
7265	0.9999999999999987	1.3682405653955556e-15
7266	1.0	0.0
7267	1.0	0.0
7268	0.9999999999905123	9.487709694185208e-12
7269	1.0	1.917950451574201e-28
7270	0.999999999998569	1.431013381667246e-12
7271	1.0	0.0
7272	0.9999063848909959	9.361510900406661e-05
7273	1.0	0.0
7274	1.0	0.0
7275	0.9999999913198071	8.680192907210915e-09
7276	1.0	0.0
7277	1.0	5.422806989399969e-36
7278	0.999999999999906	9.407214469174659e-14
7279	1.0	2.6402387968697992e-24
7280	1.0	0.0
7281	1.0	0.0
7282	1.0	0.0
7283	0.9998502747504739	0.00014972524952609233
7284	1.0	0.0
7285	1.0	3.0141232712661035e-21
7286	1.0	0.0
7287	1.0	0.0
7288	1.0	1.7710974031609331e-37
7289	1.0	0.0
7291	1.0	0.0
7292	1.0	0.0
7293	0.9999999999998435	1.5650262901372e-13
7294	1.0	0.0
7295	1.0	4.1143307237657506e-36
7296	1.0	0.0
7297	1.0	4.2982668033686955e-26
7298	1.0	0.0
7299	0.999840794732562	0.00015920526743800142
7300	1.0	6.05395937334291e-32
7301	1.0	0.0
7302	1.0	1.6547630006069116e-32
7303	1.0	3.9122270866234987e-20
7304	1.0	1.896677393625004e-33
7305	1.0	9.895306078055294e-42
7306	1.0	0.0
7307	1.0	9.025598098554753e-28
7308	1.0	0.0
7309	1.0	0.0
7310	1.0	0.0
7311	1.0	0.0
7312	1.0	0.0
7313	1.0	6.788612604069301e-31
7314	1.0	6.451328790390234e-32
7315	1.0	0.0
7316	1.0	1.2368037619553321e-26
7317	1.0	1.6921330926578703e-31
7318	1.0	0.0
7319	1.0	0.0
7321	1.0	0.0
7322	1.0	2.592661114806689e-30
7323	1.0	0.0
7324	0.9999999996489837	3.5101633310925165e-10
7325	1.0	2.1203139250670094e-20
7326	1.0	0.0
7327	1.0	0.0
7328	1.0	9.124970752519963e-34
7329	1.0	0.0
7330	1.0	7.75814645797172e-21
7331	1.0	9.253080093641594e-26
7332	1.0	0.0
7333	1.0	1.077216201020854e-23
7334	1.0	0.0
7335	1.0	0.0
7336	0.9999999999934682	6.5317646066622636e-12
7337	1.0	0.0
7338	1.0	2.3549614958546745e-35
7339	1.0	0.0
7340	1.0	3.116069821534235e-34
7341	1.0	6.675844212009683e-35
7342	1.0	1.901630864986483e-32
7343	1.0	2.207715841922929e-33
7344	1.0	0.0
7345	1.0	0.0
7346	1.0	2.1206853597244187e-20
7347	1.0	8.083825054015227e-41
7348	1.0	2.0973304288017535e-42
7349	1.0	0.0
7351	1.0	1.1362842779026494e-22
7352	1.0	0.0
7353	1.0	0.0
7354	1.0	3.509140674340935e-35
7355	1.0	4.769174371436236e-30
7356	1.0	5.3749026112917386e-18
7357	1.0	0.0
7358	1.0	0.0
7359	1.0	0.0
7360	1.0	0.0
7361	1.0	0.0
7362	1.0	0.0
7363	1.0	0.0
7364	1.0	0.0
7365	1.0	0.0
7366	1.0	1.3268643619075281e-17
7367	1.0	0.0
7368	1.0	0.0
7369	1.0	0.0
7370	1.0	0.0
7371	1.0	0.0
7372	1.0	0.0
7373	1.0	0.0
7374	1.0	3.0401982660219165e-38
7375	1.0	0.0
7376	1.0	0.0
7377	1.0	0.0
7378	1.0	0.0
7379	1.0	0.0
7381	0.9999999999990756	9.244257079408524e-13
7382	1.0	0.0
7383	1.0	0.0
7384	1.0	2.8370372076877844e-35
7385	1.0	0.0
7386	1.0	0.0
7387	1.0	0.0
7388	1.0	0.0
7389	1.0	0.0
7390	1.0	0.0
7391	1.0	0.0
7392	1.0	0.0
7393	1.0	0.0
7394	1.0	0.0
7395	1.0	0.0
7396	1.0	0.0
7397	1.0	0.0
7398	1.0	0.0
7399	1.0	0.0
7400	1.0	0.0
7401	1.0	0.0
7402	1.0	0.0
7403	1.0	0.0
7404	1.0	0.0
7405	1.0	0.0
7406	1.0	5.0782453595390266e-26
7407	1.0	0.0
7408	1.0	0.0
7409	1.0	0.0
7411	1.0	0.0
7412	1.0	4.040847611844727e-31
7413	1.0	0.0
7414	1.0	0.0
7415	1.0	1.2481000881159495e-18
7416	1.0	5.671807159388722e-43
7417	1.0	0.0
7418	1.0	0.0
7419	0.999999994776892	5.223107933035573e-09
7420	1.0	0.0
7421	1.0	2.69576225270401e-25
7422	1.0	0.0
7423	0.9999999999998901	1.0996015940277145e-13
7424	1.0	0.0
7425	1.0	0.0
7426	0.9999999999914274	8.572565110371111e-12
7427	0.9999999999974749	2.525143117584112e-12
7428	1.0	0.0
7429	1.0	0.0
7430	1.0	0.0
7431	1.0	0.0
7432	1.0	0.0
7433	1.0	0.0
7434	1.0	0.0
7435	1.0	0.0
7436	1.0	0.0
7437	1.0	0.0
7438	1.0	0.0
7439	1.0	0.0
7441	1.0	5.925428215056722e-44
7442	1.0	0.0
7443	1.0	0.0
7444	1.0	0.0
7445	1.0	0.0
7446	1.0	0.0
7447	1.0	1.2866562515421195e-22
7448	1.0	0.0
7449	0.9999999999999993	7.061572150397587e-16
7450	1.0	0.0
7451	1.0	0.0
7452	1.0	0.0
7453	1.0	0.0
7454	1.0	0.0
7455	1.0	0.0
7456	1.0	0.0
7457	1.0	0.0
7458	1.0	0.0
7459	1.0	0.0
7460	1.0	0.0
7461	1.0	2.577124678050922e-36
7462	1.0	4.132849659542885e-32
7463	1.0	0.0
7464	1.0	3.529889520989007e-24
7465	1.0	8.431538629049945e-22
7466	1.0	3.056174117373791e-43
7467	1.0	1.0857519131124985e-19
7468	1.0	0.0
7469	1.0	3.2472856362613853e-35
7471	1.0	0.0
7472	1.0	0.0
7473	1.0	0.0
7474	1.0	0.0
7475	1.0	0.0
7476	1.0	0.0
7477	1.0	1.7472350764895455e-24
7478	1.0	0.0
7479	0.9999932260936358	6.773906364191879e-06
7480	0.9999999936833112	6.3166888436459125e-09
7481	1.0	0.0
7482	1.0	0.0
7483	1.0	0.0
7484	1.0	0.0
7485	1.0	0.0
7486	1.0	0.0
7487	1.0	0.0
7488	1.0	0.0
7489	1.0	3.2493446940126766e-20
7490	1.0	0.0
7491	1.0	1.841741935668904e-43
7492	1.0	6.198108939826994e-24
7493	0.9926398696189376	0.007360130381062443
7494	1.0	0.0
7495	1.0	2.210266505918801e-39
7496	0.9999999999565207	4.347928874149381e-11
7497	1.0	0.0
7498	1.0	5.079734128285389e-22
7499	1.0	0.0
7501	1.0	8.901359387071789e-28
7502	1.0	3.4823594722139065e-28
7503	1.0	0.0
7504	1.0	0.0
7505	1.0	0.0
7506	1.0	0.0
7507	1.0	0.0
7508	0.9999999999999888	1.1252989788674555e-14
7509	0.9999999999999987	1.3773122980566079e-15
7510	1.0	1.0970334926183102e-35
7511	1.0	7.91020129412803e-36
7512	1.0	0.0
7513	1.0	0.0
7514	1.0	0.0
7515	1.0	0.0
7516	1.0	0.0
7517	1.0	0.0
7518	1.0	0.0
7519	0.9999998720408431	1.2795915695210368e-07
7520	1.0	0.0
7521	1.0	0.0
7522	1.0	0.0
7523	1.0	0.0
7524	1.0	0.0
7525	0.9996459976134501	0.00035400238654990484
7526	1.0	3.0487480442031746e-31
7527	1.0	0.0
7528	1.0	0.0
7529	1.0	9.293245425295412e-18
7531	1.0	0.0
7532	1.0	0.0
7533	1.0	0.0
7534	1.0	2.7190850046929024e-30
7535	1.0	0.0
7536	0.9999842329589749	1.5767041025086303e-05
7537	1.0	0.0
7538	1.0	0.0
7539	1.0	0.0
7540	1.0	0.0
7541	1.0	0.0
7542	1.0	0.0
7543	1.0	0.0
7544	1.0	0.0
7545	1.0	0.0
7546	1.0	0.0
7547	0.9999998828731768	1.171268232405826e-07
7548	1.0	0.0
7549	1.0	0.0
7550	1.0	0.0
7551	1.0	8.689477788393119e-27
7552	1.0	9.259063349082444e-21
7553	1.0	6.070938373165908e-18
7554	1.0	0.0
7555	1.0	1.3907821352024405e-33
7556	1.0	0.0
7557	1.0	0.0
7558	1.0	0.0
7559	1.0	0.0
7561	1.0	0.0
7562	0.9999931921643229	6.807835677106939e-06
7563	1.0	0.0
7564	1.0	0.0
7565	1.0	0.0
7566	1.0	0.0
7567	1.0	0.0
7568	1.0	0.0
7569	0.7728210178252941	0.2271789821747059
7570	1.0	3.9556278874500457e-22
7571	1.0	0.0
7572	1.0	0.0
7573	1.0	0.0
7574	0.9999997477519913	2.5224800871024525e-07
7575	1.0	0.0
7576	1.0	0.0
7577	0.9999999999999727	2.7276382761966668e-14
7578	1.0	0.0
7579	1.0	0.0
7580	1.0	0.0
7581	1.0	0.0
7582	1.0	0.0
7583	1.0	0.0
7584	1.0	0.0
7585	1.0	0.0
7586	1.0	0.0
7587	1.0	0.0
7588	0.999999999894921	1.0507889334715574e-10
7589	1.0	0.0
7591	1.0	0.0
7592	1.0	0.0
7593	1.0	0.0
7594	1.0	0.0
7595	1.0	0.0
7596	1.0	0.0
7597	1.0	0.0
7598	1.0	0.0
7599	1.0	3.664554818692648e-32
7600	1.0	0.0
7601	1.0	1.804879339182608e-19
7602	1.0	0.0
7603	1.0	9.6460459527319e-26
7604	1.0	0.0
7605	1.0	1.2952203705888303e-19
7606	1.0	2.7721760831397355e-21
7607	1.0	1.1361263226668312e-26
7608	1.0	0.0
7609	1.0	0.0
7610	0.9703872806890614	0.02961271931093852
7611	1.0	0.0
7612	1.0	0.0
7613	1.0	5.22795857674067e-31
7614	1.0	0.0
7615	1.0	0.0
7616	1.0	0.0
7617	1.0	0.0
7618	1.0	0.0
7619	1.0	0.0
7621	1.0	4.359787742136135e-35
7622	1.0	0.0
7623	0.9999999999999951	4.9262770613864725e-15
7624	1.0	0.0
7625	0.9999999999998863	1.1370472103348116e-13
7626	1.0	0.0
7627	1.0	0.0
7628	1.0	1.3817015073644464e-33
7629	0.999999999310332	6.896680260349658e-10
7630	1.0	0.0
7631	1.0	0.0
7632	1.0	0.0
7633	1.0	0.0
7634	1.0	4.770243589795194e-27
7635	1.0	0.0
7636	1.0	0.0
7637	0.9999321117438094	6.788825619060261e-05
7638	1.0	0.0
7639	1.0	3.2018069050806196e-43
7640	1.0	0.0
7641	1.0	0.0
7642	1.0	0.0
7643	1.0	0.0
7644	0.9999999999999934	6.5413834362200026e-15
7645	1.0	0.0
7646	1.0	0.0
7647	1.0	3.4080486131567235e-43
7648	1.0	3.3598434602227783e-26
7649	1.0	0.0
7651	0.9999992253066953	7.746933047034838e-07
7652	1.0	0.0
7653	1.0	0.0
7654	1.0	0.0
7655	0.9999999999632933	3.6706728757065656e-11
7656	0.9999999999999999	1.3250216386258454e-16
7657	1.0	7.761429458000572e-25
7658	1.0	3.5791735080907404e-36
7659	1.0	0.0
7660	0.9999999999913651	8.634832984763036e-12
7661	1.0	0.0
7662	1.0	8.972567190154501e-34
7663	1.0	0.0
7664	1.0	0.0
7665	0.9997848412110063	0.0002151587889937494
7666	1.0	0.0
7667	1.0	0.0
7668	1.0	0.0
7669	1.0	0.0
7670	1.0	0.0
7671	1.0	0.0
7672	1.0	1.774046559762339e-42
7673	1.0	6.267980427362954e-28
7674	1.0	0.0
7675	1.0	1.7516536152028748e-17
7676	1.0	0.0
7677	1.0	0.0
7678	1.0	3.571693783806044e-28
7679	1.0	0.0
7681	1.0	0.0
7682	1.0	4.860849411467064e-33
7683	1.0	0.0
7684	1.0	7.400673366439404e-19
7685	1.0	0.0
7686	1.0	0.0
7687	1.0	0.0
7688	0.9999999997030418	2.9695822501183554e-10
7689	1.0	0.0
7690	1.0	0.0
7691	1.0	2.317438103511595e-20
7692	1.0	7.64161125387909e-40
7693	1.0	0.0
7694	1.0	0.0
7695	1.0	5.426921234086134e-21
7696	0.9999999999993132	6.868163438495139e-13
7697	1.0	1.3946529930408076e-41
7698	1.0	0.0
7699	1.0	0.0
7700	1.0	0.0
7701	1.0	0.0
7702	1.0	0.0
7703	1.0	2.2370734897932337e-30
7704	0.9958060719044223	0.004193928095577714
7705	1.0	0.0
7706	1.0	1.1738770521962505e-40
7707	1.0	6.194896885262923e-22
7708	0.9999999999925392	7.460856055616757e-12
7709	1.0	0.0
7711	0.9999999996794928	3.205072119219282e-10
7712	1.0	0.0
7713	1.0	0.0
7714	1.0	0.0
7715	1.0	0.0
7716	1.0	0.0
7717	1.0	0.0
7718	1.0	1.4988596810658924e-43
7719	1.0	0.0
7720	0.9999999999942357	5.764287591728193e-12
7721	1.0	0.0
7722	0.9999999999999979	2.059961636570532e-15
7723	1.0	0.0
7724	1.0	0.0
7725	1.0	4.853677895327835e-19
7726	0.9999999381076383	6.18923617009803e-08
7727	1.0	0.0
7728	1.0	0.0
7729	1.0	0.0
7730	1.0	8.48100707385052e-43
7731	1.0	0.0
7732	1.0	0.0
7733	1.0	0.0
7734	1.0	0.0
7735	1.0	0.0
7736	1.0	0.0
7737	1.0	2.2227399005722143e-20
7738	1.0	0.0
7739	1.0	0.0
7741	1.0	0.0
7742	0.9999999989845094	1.0154905444316157e-09
7743	0.9999999999997811	2.1889013825851697e-13
7744	1.0	0.0
7745	1.0	0.0
7746	1.0	0.0
7747	1.0	7.164469891302361e-20
7748	1.0	0.0
7749	1.0	0.0
7750	1.0	0.0
7751	1.0	0.0
7752	1.0	0.0
7753	1.0	0.0
7754	1.0	0.0
7755	1.0	0.0
7756	1.0	3.581635761829004e-24
7757	0.9999999999999962	3.726466090139557e-15
7758	1.0	5.533064843823154e-28
7759	1.0	0.0
7760	0.9999998157140481	1.8428595198318256e-07
7761	1.0	0.0
7762	1.0	6.683313094789471e-44
7763	1.0	2.4228492813500758e-36
7764	0.9999999999999998	1.9838794121967637e-16
7765	1.0	0.0
7766	1.0	0.0
7767	1.0	0.0
7768	1.0	0.0
7769	1.0	0.0
7771	1.0	1.853666367123548e-30
7772	1.0	0.0
7773	1.0	0.0
7774	1.0	0.0
7775	1.0	0.0
7776	1.0	0.0
7777	1.0	0.0
7778	1.0	0.0
7779	1.0	1.0263798945126298e-39
7780	0.9997628338151756	0.00023716618482439038
7781	1.0	0.0
7782	1.0	1.148107657128362e-29
7783	1.0	5.0335339483964353e-26
7784	1.0	0.0
7785	1.0	0.0
7786	1.0	8.8524077929685e-38
7787	1.0	1.007813686482744e-27
7788	1.0	0.0
7789	1.0	0.0
7790	1.0	1.01118846837063e-27
7791	1.0	0.0
7792	1.0	0.0
7793	1.0	0.0
7794	1.0	0.0
7795	0.9999976973174645	2.3026825355699175e-06
7796	0.999999999874367	1.2563299697806072e-10
7797	1.0	0.0
7798	1.0	1.860279189618629e-17
7799	1.0	4.2433476837927395e-27
7801	1.0	0.0
7802	1.0	0.0
7803	1.0	0.0
7804	1.0	0.0
7805	0.9999999947421261	5.257873859051902e-09
7806	0.9999999999295645	7.043558226397749e-11
7807	1.0	0.0
7808	1.0	9.244307052052782e-42
7809	1.0	0.0
7810	1.0	0.0
7811	1.0	0.0
7812	1.0	0.0
7813	1.0	0.0
7814	1.0	6.84167402814798e-24
7815	1.0	9.875532467395533e-25
7816	0.9999999999999999	7.275278576855422e-17
7817	0.9999999999999994	6.035480366106059e-16
7818	1.0	0.0
7819	1.0	0.0
7820	1.0	0.0
7821	1.0	0.0
7822	1.0	0.0
7823	1.0	0.0
7824	1.0	0.0
7825	1.0	4.9135438035359165e-22
7826	1.0	0.0
7827	1.0	0.0
7828	1.0	0.0
7829	0.9999999999516249	4.8375101100822196e-11
7831	1.0	2.9288536166693753e-21
7832	1.0	0.0
7833	1.0	0.0
7834	1.0	0.0
7835	1.0	0.0
7836	1.0	0.0
7837	1.0	0.0
7838	0.9999999999999998	2.095016511963366e-16
7839	1.0	8.095998091662502e-38
7840	1.0	0.0
7841	1.0	0.0
7842	1.0	0.0
7843	0.9956082094823984	0.004391790517601617
7844	0.999999999999822	1.7795381696469124e-13
7845	0.9999916034828037	8.396517196257884e-06
7846	1.0	0.0
7847	1.0	2.738672299579418e-33
7848	1.0	1.223001506346709e-22
7849	1.0	0.0
7850	1.0	0.0
7851	0.9999999979153648	2.084635227857119e-09
7852	1.0	0.0
7853	1.0	0.0
7854	1.0	0.0
7855	1.0	1.139027499801408e-31
7856	1.0	4.440848424626057e-18
7857	1.0	0.0
7858	1.0	0.0
7859	0.999999999992802	7.1979785982694004e-12
7861	1.0	0.0
7862	0.9999999999999991	8.372011837842824e-16
7863	1.0	0.0
7864	0.9997817517602458	0.00021824823975428675
7865	1.0	0.0
7866	0.9999999999918215	8.178511848809672e-12
7867	0.9999999999999786	2.13756320226253e-14
7868	1.0	1.0781351056663706e-31
7869	1.0	0.0
7870	0.9999999999965675	3.432501404782423e-12
7871	1.0	1.0604404317791758e-35
7872	1.0	0.0
7873	1.0	0.0
7874	1.0	0.0
7875	1.0	0.0
7876	1.0	1.592449269050655e-38
7877	1.0	0.0
7878	1.0	0.0
7879	1.0	0.0
7880	1.0	0.0
7881	1.0	0.0
7882	1.0	0.0
7883	1.0	0.0
7884	1.0	0.0
7885	1.0	0.0
7886	1.0	0.0
7887	1.0	0.0
7888	1.0	0.0
7889	1.0	0.0
7891	1.0	0.0
7892	0.004856970342561162	0.9951430296574388
7893	0.9999999987114333	1.2885666962715572e-09
7894	1.0	0.0
7895	1.0	0.0
7896	1.0	1.331761565787519e-28
7897	1.0	0.0
7898	1.0	0.0
7899	1.0	5.597527076492688e-28
7900	1.0	0.0
7901	1.0	1.8622065833635576e-33
7902	1.0	0.0
7903	1.0	1.8568277992377296e-21
7904	1.0	0.0
7905	1.0	1.1092966864711974e-17
7906	1.0	5.6165732868046e-40
7907	1.0	1.0818614927681944e-25
7908	1.0	0.0
7909	1.0	0.0
7910	1.0	0.0
7911	1.0	0.0
7912	0.9999999962161326	3.7838674851078564e-09
7913	1.0	0.0
7914	1.0	1.381685437868284e-37
7915	1.0	0.0
7916	1.0	7.508722185233268e-33
7917	0.9999999999999999	1.3268997595243003e-16
7918	1.0	7.713904816461794e-36
7919	0.999999999997833	2.1670381167637252e-12
7921	1.0	0.0
7922	1.0	0.0
7923	1.0	0.0
7924	1.0	0.0
7925	1.0	1.028671354015231e-22
7926	0.9999999999999967	3.2811116282701794e-15
7927	1.0	0.0
7928	1.0	1.2014617463397867e-36
7929	1.0	0.0
7930	0.9999999638502868	3.614971320529681e-08
7931	1.0	1.5844422294695301e-27
7932	1.0	0.0
7933	1.0	0.0
7934	1.0	0.0
7935	1.0	2.31450533363531e-39
7936	1.0	0.0
7937	0.999985531261141	1.4468738859031387e-05
7938	1.0	5.071454800345044e-20
7939	1.0	3.679277386053951e-18
7940	1.0	0.0
7941	1.0	0.0
7942	1.0	1.7817440846551264e-36
7943	1.0	0.0
7944	1.0	0.0
7945	0.9976692709349076	0.002330729065092298
7946	1.0	1.2741669423096136e-41
7947	1.0	0.0
7948	1.0	0.0
7949	1.0	0.0
7951	0.9999999995847317	4.1526828525251577e-10
7952	0.9999999999999997	2.851885295405168e-16
7953	1.0	0.0
7954	1.0	3.1303448752996416e-26
7955	1.0	0.0
7956	0.999902159591218	9.784040878198481e-05
7957	1.0	7.096138835803515e-26
7958	1.0	0.0
7959	1.0	0.0
7960	1.0	0.0
7961	1.0	0.0
7962	1.0	0.0
7963	0.9990737118554402	0.0009262881445597016
7964	0.004720902768202251	0.9952790972317977
7965	0.999893544114416	0.00010645588558396793
7966	1.0	2.2585377688580325e-22
7967	1.0	1.283208119641874e-33
7968	1.0	0.0
7969	1.0	0.0
7970	1.0	0.0
7971	1.0	0.0
7972	1.0	0.0
7973	1.0	0.0
7974	1.0	0.0
7975	1.0	0.0
7976	1.0	3.603422491113275e-43
7977	0.9999999975541956	2.445804474443223e-09
7978	0.9999999999997433	2.566921808704926e-13
7979	1.0	0.0
7981	0.9999998758205184	1.2417948156869635e-07
7982	1.0	0.0
7983	0.9999999999985012	1.4987780085037996e-12
7984	1.0	0.0
7985	0.999999999999977	2.2946762271283357e-14
7986	1.0	0.0
7987	1.0	0.0
7988	1.0	0.0
7989	1.0	0.0
7990	1.0	0.0
7991	0.9999999999633753	3.662469999887296e-11
7992	0.14621263369803206	0.8537873663019679
7993	1.0	1.755088886371357e-31
7994	1.0	0.0
7995	0.9999999999932453	6.754679620655102e-12
7996	0.999999388452986	6.115470140192143e-07
7997	1.0	0.0
7998	0.9999991746813022	8.253186977850794e-07
7999	0.999999709479309	2.9052069097054867e-07
8000	1.0	0.0
8001	1.0	0.0
8002	1.0	0.0
8003	0.9999999999477909	5.220915645953213e-11
8004	1.0	0.0
8005	1.0	0.0
8006	1.0	1.0133099926108518e-35
8007	1.0	0.0
8008	1.0	0.0
8009	1.0	0.0
8011	1.0	0.0
8012	1.0	2.1891163527860973e-30
8013	0.12249792270985194	0.8775020772901481
8014	1.0	5.934479439996452e-25
8015	1.0	1.999209887188173e-24
8016	1.0	5.960974298956802e-23
8017	1.0	2.7010462030190136e-24
8018	1.0	0.0
8019	1.0	0.0
8020	1.0	0.0
8021	1.0	2.629972868579721e-19
8022	1.0	0.0
8023	1.0	0.0
8024	1.0	3.241584959541713e-17
8025	1.0	0.0
8026	1.0	0.0
8027	1.0	3.841641740107119e-40
8028	1.0	0.0
8029	1.0	1.3034029867674088e-41
8030	1.0	3.1131722571941384e-42
8031	0.9999999983259162	1.674083795076589e-09
8032	1.0	1.4337672020715646e-43
8033	1.0	0.0
8034	1.0	5.139556087338303e-42
8035	1.0	0.0
8036	1.0	0.0
8037	1.0	4.089033021957574e-21
8038	0.999999999999405	5.949622356560289e-13
8039	1.0	8.078923260235522e-30
8041	1.0	0.0
8042	1.0	0.0
8043	1.0	0.0
8044	1.0	1.5947640255864758e-43
8045	1.0	0.0
8046	1.0	0.0
8047	1.0	0.0
8048	1.0	1.473601006395517e-18
8049	0.999999264472801	7.355271989998276e-07
8050	1.0	0.0
8051	1.0	0.0
8052	1.0	1.6438237136756382e-19
8053	1.0	0.0
8054	0.9999999999998622	1.377883985785267e-13
8055	1.0	0.0
8056	6.771119220871924e-09	0.9999999932288808
8057	1.0	0.0
8058	0.9999999999999941	5.89009189397408e-15
8059	1.0	0.0
8060	1.0	0.0
8061	0.9999971615533711	2.8384466288847653e-06
8062	1.0	3.527750231975022e-17
8063	1.0	8.859754742802627e-36
8064	1.0	1.3095078845930103e-42
8065	1.0	5.753089278493285e-23
8066	1.0	3.897852694081635e-25
8067	0.999999999999447	5.530558285014783e-13
8068	1.0	0.0
8069	1.0	0.0
8071	1.0	0.0
8072	0.9999999999989909	1.0090624738157839e-12
8073	0.9999999239572855	7.604271441649895e-08
8074	1.0	0.0
8075	0.9999999999999928	7.163587261645624e-15
8076	1.0	9.404744607379135e-22
8077	1.0	0.0
8078	1.0	0.0
8079	1.0	1.3070630469386337e-43
8080	1.0	0.0
8081	1.0	3.906962453989542e-36
8082	1.0	0.0
8083	1.0	0.0
8084	1.0	0.0
8085	1.0	0.0
8086	1.0	0.0
8087	1.0	0.0
8088	1.0	0.0
8089	1.0	0.0
8090	0.9195332017511005	0.08046679824889948
8091	1.0	0.0
8092	1.0	0.0
8093	1.0	4.143263771350331e-44
8094	1.0	0.0
8095	1.0	0.0
8096	1.0	0.0
8097	1.0	0.0
8098	1.0	0.0
8099	0.9999996445522511	3.554477489244695e-07
8101	1.0	0.0
8102	1.0	0.0
8103	1.0	1.3986137581201464e-40
8104	1.0	0.0
8105	1.0	0.0
8106	1.0	5.687763555329275e-24
8107	1.0	0.0
8108	0.9999999999998753	1.2467529673105146e-13
8109	1.0	0.0
8110	1.0	0.0
8111	1.0	0.0
8112	1.0	0.0
8113	1.0	1.1280071843877414e-41
8114	1.0	0.0
8115	1.0	0.0
8116	1.0	0.0
8117	0.999999998512472	1.4875279731801029e-09
8118	1.0	6.756834849796343e-34
8119	1.0	2.1929014071806027e-27
8120	1.0	2.4067710231703646e-24
8121	1.0	0.0
8122	1.0	0.0
8123	1.0	2.9197687520993673e-40
8124	1.0	0.0
8125	1.0	0.0
8126	1.0	0.0
8127	1.0	0.0
8128	1.0	0.0
8129	1.0	0.0
8131	1.0	0.0
8132	1.0	0.0
8133	1.0	0.0
8134	1.0	0.0
8135	1.0	0.0
8136	1.0	0.0
8137	1.0	0.0
8138	1.0	5.8650336618912685e-36
8139	1.0	1.6311627436396567e-35
8140	1.0	1.3148334994044472e-35
8141	1.0	8.625590739723364e-36
8142	1.0	7.460264059677732e-36
8143	1.0	1.6195167040098196e-37
8144	0.9999999999999987	1.3081759758699038e-15
8145	1.0	0.0
8146	1.0	0.0
8147	1.0	1.1572435123560454e-40
8148	1.0	1.2087862989390851e-26
8149	1.0	0.0
8150	0.9999999999965168	3.4831718457534125e-12
8151	1.0	0.0
8152	1.0	0.0
8153	1.0	0.0
8154	0.998488199676956	0.001511800323044019
8155	1.0	0.0
8156	1.0	3.447095945635653e-34
8157	1.0	0.0
8158	1.0	0.0
8159	1.0	1.2826894085920337e-37
8161	1.0	1.7828704243149803e-40
8162	1.0	5.931490875364557e-40
8163	1.0	0.0
8164	1.0	0.0
8165	1.0	1.793080062933731e-42
8166	1.0	0.0
8167	1.0	0.0
8168	1.0	0.0
8169	1.0	0.0
8170	1.0	0.0
8171	1.0	0.0
8172	1.0	4.075918788865916e-36
8173	1.0	0.0
8174	1.0	0.0
8175	1.0	0.0
8176	1.0	0.0
8177	1.0	0.0
8178	1.0	3.700859839790383e-40
8179	1.0	1.0281976984771609e-41
8180	1.0	0.0
8181	1.0	0.0
8182	1.0	0.0
8183	1.0	0.0
8184	1.0	0.0
8185	1.0	0.0
8186	1.0	0.0
8187	1.0	2.246540879248465e-24
8188	0.9999999999999903	9.650677059959856e-15
8189	0.9999999999999241	7.59357781960699e-14
8191	1.0	0.0
8192	1.0	1.2185250736567973e-18
8193	1.0	0.0
8194	1.0	2.6376439776079313e-20
8195	1.0	0.0
8196	1.0	0.0
8197	1.0	0.0
8198	1.0	0.0
8199	0.9999999999999999	6.619225450833015e-17
8200	1.0	0.0
8201	1.0	0.0
8202	1.0	0.0
8203	1.0	0.0
8204	1.0	4.86498234052859e-22
8205	1.0	0.0
8206	1.0	3.674072109953471e-34
8207	1.0	0.0
8208	1.0	6.216192969213877e-29
8209	1.0	0.0
8210	1.0	0.0
8211	1.0	0.0
8212	1.0	2.109599363699464e-33
8213	1.0	3.1376879175178043e-17
8214	1.0	0.0
8215	1.0	0.0
8216	1.0	0.0
8217	1.0	0.0
8218	1.0	0.0
8219	1.0	0.0
8221	1.0	0.0
8222	1.0	4.939364362924664e-41
8223	1.0	1.2930056569631451e-27
8224	1.0	0.0
8225	1.0	0.0
8226	1.0	1.1364526737359755e-34
8227	1.0	0.0
8228	1.0	0.0
8229	1.0	8.945854293524438e-18
8230	1.0	0.0
8231	1.0	0.0
8232	1.0	1.9571036404609692e-19
8233	1.0	0.0
8234	1.0	1.4670694310226802e-32
8235	1.0	0.0
8236	1.0	0.0
8237	1.0	0.0
8238	1.0	1.2658766513159689e-19
8239	1.0	0.0
8240	1.0	0.0
8241	1.0	9.976032499363458e-40
8242	1.0	0.0
8243	1.0	0.0
8244	1.0	0.0
8245	1.0	0.0
8246	1.0	0.0
8247	1.0	0.0
8248	1.0	0.0
8249	0.9999999963035613	3.696438747779393e-09
8251	1.0	0.0
8252	1.0	0.0
8253	1.0	0.0
8254	1.0	0.0
8255	1.0	0.0
8256	1.0	0.0
8257	1.0	5.267697385166224e-33
8258	1.0	1.8827326873769468e-40
8259	1.0	0.0
8260	1.0	3.5255259400385283e-40
8261	1.0	9.890008596265211e-40
8262	1.0	6.273697565012234e-39
8263	1.0	0.0
8264	1.0	1.2627956326276062e-26
8265	1.0	0.0
8266	1.0	0.0
8267	1.0	0.0
8268	1.0	0.0
8269	1.0	5.445086028121312e-42
8270	1.0	0.0
8271	1.0	0.0
8272	1.0	0.0
8273	1.0	0.0
8274	1.0	0.0
8275	1.0	0.0
8276	1.0	0.0
8277	1.0	0.0
8278	1.0	0.0
8279	1.0	0.0
8281	1.0	0.0
8282	1.0	0.0
8283	1.0	4.9620252084776684e-26
8284	1.0	0.0
8285	1.0	0.0
8286	1.0	2.0853847982918454e-25
8287	0.9999999999999917	8.291166935787334e-15
8288	0.9999990963675832	9.036324168308296e-07
8289	1.0	0.0
8290	1.0	0.0
8291	1.0	0.0
8292	1.0	0.0
8293	1.0	0.0
8294	1.0	1.427152300224364e-18
8295	1.0	0.0
8296	1.0	3.181724299948138e-19
8297	1.0	1.7031778076344164e-31
8298	1.0	0.0
8299	1.0	5.023453772351278e-35
8300	1.0	0.0
8301	1.0	0.0
8302	1.0	0.0
8303	1.0	7.24993414259986e-27
8304	1.0	0.0
8305	1.0	9.177275190539626e-30
8306	1.0	0.0
8307	1.0	0.0
8308	1.0	1.4841597668011827e-31
8309	1.0	0.0
8311	1.0	0.0
8312	1.0	0.0
8313	1.0	3.152787182069791e-26
8314	1.0	0.0
8315	1.0	0.0
8316	1.0	0.0
8317	1.0	0.0
8318	1.0	0.0
8319	1.0	0.0
8320	1.0	0.0
8321	1.0	0.0
8322	1.0	2.5276883131429015e-19
8323	1.0	0.0
8324	1.0	0.0
8325	1.0	0.0
8326	1.0	4.151833435960924e-18
8327	1.0	0.0
8328	1.0	0.0
8329	1.0	0.0
8330	1.0	3.507170134320171e-26
8331	1.0	0.0
8332	1.0	1.8608501527640857e-23
8333	1.0	0.0
8334	0.9999999999999353	6.467246314673497e-14
8335	1.0	4.798875318952825e-40
8336	1.0	0.0
8337	1.0	0.0
8338	1.0	6.858627484958087e-25
8339	1.0	0.0
8341	1.0	1.2549109768540036e-38
8342	1.0	0.0
8343	1.0	0.0
8344	1.0	7.019574312840607e-27
8345	1.0	0.0
8346	1.0	0.0
8347	1.0	0.0
8348	1.0	0.0
8349	1.0	0.0
8350	1.0	0.0
8351	1.0	0.0
8352	1.0	0.0
8353	1.0	0.0
8354	1.0	0.0
8355	1.0	0.0
8356	1.0	0.0
8357	1.0	0.0
8358	1.0	3.813186147706979e-29
8359	1.0	5.93938475826279e-44
8360	0.9999999999999389	6.101274020239854e-14
8361	1.0	1.5844625861542251e-21
8362	1.0	0.0
8363	1.0	0.0
8364	1.0	0.0
8365	1.0	0.0
8366	1.0	0.0
8367	1.0	0.0
8368	1.0	0.0
8369	1.0	0.0
8371	1.0	5.649339587164376e-36
8372	0.9999999942470389	5.7529610882657816e-09
8373	1.0	0.0
8374	1.0	0.0
8375	1.0	0.0
8376	0.9999987572836908	1.2427163092347062e-06
8377	1.0	0.0
8378	1.0	0.0
8379	1.0	0.0
8380	1.0	0.0
8381	1.0	1.5415814466058565e-21
8382	1.0	1.5097943575148377e-19
8383	1.0	0.0
8384	1.0	0.0
8385	0.9999999997699861	2.3001384391022977e-10
8386	0.9999999999999623	3.77919496448394e-14
8387	1.0	0.0
8388	1.0	0.0
8389	1.0	0.0
8390	1.0	0.0
8391	1.0	0.0
8392	1.0	0.0
8393	1.0	0.0
8394	1.0	1.0975383382166591e-38
8395	1.0	0.0
8396	1.0	8.287427968214974e-26
8397	1.0	0.0
8398	1.0	0.0
8399	1.0	0.0
8401	1.0	0.0
8402	1.0	8.501251840245248e-40
8403	1.0	0.0
8404	1.0	0.0
8405	1.0	0.0
8406	1.0	0.0
8407	1.0	0.0
8408	1.0	0.0
8409	1.0	0.0
8410	0.9999999999999988	1.2543002151199057e-15
8411	1.0	4.416783776943343e-32
8412	1.0	4.9094290956701874e-26
8413	1.0	0.0
8414	1.0	0.0
8415	1.0	6.1139487183255e-19
8416	1.0	1.8958235757575855e-30
8417	1.0	0.0
8418	1.0	0.0
8419	1.0	0.0
8420	1.0	1.9602691581999295e-27
8421	1.0	0.0
8422	1.0	0.0
8423	1.0	0.0
8424	1.0	0.0
8425	1.0	0.0
8426	1.0	2.676852385079636e-19
8427	0.9999999986259234	1.374076586273066e-09
8428	1.0	8.011758347312643e-23
8429	1.0	2.4961390689035637e-21
8431	1.0	0.0
8432	1.0	0.0
8433	1.0	2.981701547163875e-37
8434	0.402585252200121	0.597414747799879
8435	0.9999999999678203	3.217972504128641e-11
8436	1.0	0.0
8437	1.0	1.6722813784162113e-19
8438	1.0	2.3149966668566848e-32
8439	1.0	3.5700948869513625e-33
8440	1.0	0.0
8441	1.0	0.0
8442	1.0	0.0
8443	0.9999999996271077	3.7289230249769595e-10
8444	1.0	0.0
8445	0.9999999999991238	8.761650078705643e-13
8446	1.0	0.0
8447	1.0	5.8752471261910055e-18
8448	0.9999999999094227	9.05772736898362e-11
8449	0.9999999428677688	5.713223112691707e-08
8450	1.0	3.4721304384396894e-20
8451	1.0	0.0
8452	1.0	0.0
8453	1.0	0.0
8454	1.0	1.4568104423519578e-17
8455	0.9999999999999994	5.948228964267266e-16
8456	1.0	0.0
8457	1.0	0.0
8458	1.0	0.0
8459	1.0	0.0
8461	1.0	0.0
8462	1.0	0.0
8463	1.0	1.5394165053856188e-25
8464	1.0	0.0
8465	1.0	0.0
8466	1.0	0.0
8467	1.0	0.0
8468	1.0	0.0
8469	1.0	0.0
8470	1.0	0.0
8471	1.0	0.0
8472	1.0	0.0
8473	1.0	0.0
8474	1.0	0.0
8475	1.0	0.0
8476	1.0	0.0
8477	1.0	0.0
8478	1.0	0.0
8479	0.99999999997994	2.0059989589093272e-11
8480	1.0	9.166985581581802e-43
8481	1.0	1.3890796339238019e-27
8482	1.0	0.0
8483	1.0	0.0
8484	0.9999999988136915	1.1863085402416936e-09
8485	1.0	1.6136544084738563e-38
8486	0.9999999999999474	5.263242092873639e-14
8487	1.0	0.0
8488	1.0	1.8120905051310658e-20
8489	1.0	0.0
8491	1.0	0.0
8492	1.0	0.0
8493	0.8925039800283985	0.10749601997160155
8494	1.0	8.489058369626255e-44
8495	1.0	2.3387233248639327e-22
8496	1.0	0.0
8497	1.0	0.0
8498	1.0	1.9397845779881033e-19
8499	1.0	2.17362892557684e-21
8500	1.0	0.0
8501	1.0	0.0
8502	1.0	0.0
8503	1.0	0.0
8504	1.0	0.0
8505	1.0	0.0
8506	1.0	7.92837699716373e-22
8507	1.0	0.0
8508	1.0	0.0
8509	1.0	0.0
8510	0.9999999999999186	8.142555989755449e-14
8511	1.0	0.0
8512	1.0	0.0
8513	1.0	5.296123525785043e-23
8514	1.0	0.0
8515	1.0	0.0
8516	1.0	1.6399527679730645e-31
8517	1.0	1.4480658963803862e-28
8518	1.0	0.0
8519	1.0	3.6395517340214766e-19
8521	1.0	0.0
8522	1.0	1.7539472663764836e-23
8523	1.0	4.1189361287040284e-29
8524	1.0	0.0
8525	1.0	0.0
8526	1.0	0.0
8527	1.0	0.0
8528	1.0	0.0
8529	1.0	0.0
8530	1.0	9.629826913829532e-43
8531	1.0	0.0
8532	1.0	0.0
8533	0.9999999999688276	3.117242324587998e-11
8534	1.0	0.0
8535	1.0	0.0
8536	1.0	0.0
8537	1.0	0.0
8538	1.0	0.0
8539	1.0	0.0
8540	1.0	0.0
8541	1.0	0.0
8542	1.0	0.0
8543	1.0	0.0
8544	1.0	0.0
8545	1.0	1.0735743934265586e-31
8546	1.0	0.0
8547	1.0	0.0
8548	1.0	0.0
8549	1.0	0.0
8551	1.0	0.0
8552	1.0	1.6293881128646132e-34
8553	0.9999999999806365	1.9363563085866233e-11
8554	1.0	0.0
8555	1.0	6.940352956040534e-23
8556	1.0	0.0
8557	1.0	0.0
8558	1.0	0.0
8559	1.0	0.0
8560	1.0	0.0
8561	1.0	9.447397913701458e-20
8562	1.0	0.0
8563	1.0	0.0
8564	1.0	0.0
8565	1.0	1.0742498581538668e-27
8566	1.0	9.344268965490066e-30
8567	1.0	0.0
8568	1.0	0.0
8569	1.0	0.0
8570	1.0	2.365385858883668e-21
8571	1.0	0.0
8572	1.0	0.0
8573	1.0	2.7548975531353502e-34
8574	1.0	0.0
8575	1.0	0.0
8576	1.0	0.0
8577	1.0	0.0
8578	1.0	0.0
8579	1.0	5.988015814751436e-29
8581	1.0	0.0
8582	1.0	0.0
8583	1.0	6.810393941996968e-26
8584	1.0	3.713825497005306e-19
8585	1.0	0.0
8586	1.0	0.0
8587	1.0	3.08203530134839e-19
8588	0.000680153763601532	0.9993198462363985
8589	1.0	0.0
8590	1.0	3.9710718336301104e-44
8591	1.0	2.4522299141198708e-28
8592	1.0	0.0
8593	1.0	0.0
8594	0.834009759909908	0.165990240090092
8595	1.0	2.4934905188303142e-34
8596	1.0	0.0
8597	1.0	0.0
8598	1.0	0.0
8599	1.0	0.0
8600	1.0	1.3949071734476322e-42
8601	1.0	0.0
8602	0.9999999999999999	6.379077027761788e-17
8603	1.0	0.0
8604	1.0	1.6981301352768023e-20
8605	1.0	7.602387455550526e-26
8606	0.9999981680187038	1.8319812961884537e-06
8607	1.0	0.0
8608	1.0	1.345295587573945e-39
8609	1.0	0.0
8611	1.0	0.0
8612	1.0	4.0213489924043765e-42
8613	0.9999999788324527	2.1167547320869063e-08
8614	1.0	4.0632991010752734e-23
8615	0.9999999999990358	9.642438017604347e-13
8616	1.0	1.5324328912996392e-25
8617	1.0	0.0
8618	0.1188702025196513	0.8811297974803487
8619	1.0	0.0
8620	0.999999999999997	2.9775900172986807e-15
8621	1.0	0.0
8622	1.0	0.0
8623	1.0	1.2560903130862098e-18
8624	1.0	0.0
8625	0.9999999999999999	6.274054940289735e-17
8626	1.0	0.0
8627	1.0	0.0
8628	1.0	0.0
8629	1.0	0.0
8630	1.0	0.0
8631	1.0	0.0
8632	1.0	0.0
8633	1.0	0.0
8634	1.0	3.7897710085167373e-17
8635	1.0	3.737908436555443e-30
8636	1.0	0.0
8637	1.0	0.0
8638	1.0	0.0
8639	1.0	0.0
8641	0.9999999999886233	1.1376665726135955e-11
8642	1.0	0.0
8643	1.0	2.2287371371561456e-40
8644	1.0	0.0
8645	1.0	0.0
8646	1.0	0.0
8647	1.0	0.0
8648	1.0	0.0
8649	1.0	9.766850239005462e-34
8650	1.0	0.0
8651	1.0	0.0
8652	1.0	0.0
8653	1.0	3.33628015068713e-20
8654	0.0017768715978722094	0.9982231284021278
8655	1.0	0.0
8656	1.0	5.869476548130144e-35
8657	1.0	8.013101397466219e-40
8658	1.0	0.0
8659	1.0	0.0
8660	1.0	0.0
8661	1.0	0.0
8662	1.0	0.0
8663	1.0	0.0
8664	1.0	0.0
8665	1.0	0.0
8666	1.0	0.0
8667	1.0	0.0
8668	1.0	0.0
8669	1.0	0.0
8671	1.0	0.0
8672	1.0	0.0
8673	1.0	0.0
8674	0.9999999999973052	2.694824784732254e-12
8675	1.0	0.0
8676	1.0	0.0
8677	0.9999999999995705	4.295688653612761e-13
8678	1.0	0.0
8679	1.0	0.0
8680	0.9999999999967075	3.2924589607390263e-12
8681	1.0	0.0
8682	1.0	2.43609060218434e-21
8683	1.0	0.0
8684	1.0	0.0
8685	1.0	0.0
8686	1.0	3.9420056715238315e-28
8687	1.0	0.0
8688	1.0	0.0
8689	1.0	0.0
8690	1.0	2.930641405283129e-20
8691	1.0	1.0378212386070705e-38
8692	1.0	8.675754934091463e-31
8693	0.99999996532519	3.4674810032841416e-08
8694	1.0	0.0
8695	1.0	0.0
8696	1.0	0.0
8697	0.9999999997208826	2.791174402727712e-10
8698	0.9999999999999893	1.0659048951712591e-14
8699	1.0	0.0
8701	1.0	5.6612655171592655e-43
8702	1.0	1.221685559758478e-39
8703	0.9999999999999696	3.045373739081955e-14
8704	1.0	0.0
8705	1.0	0.0
8706	1.0	0.0
8707	1.0	0.0
8708	1.0	2.684725355532584e-35
8709	1.0	0.0
8710	1.0	1.1908022778166608e-25
8711	0.3813769139314621	0.6186230860685379
8712	1.0	2.244041314618836e-22
8713	0.9999999999999972	2.8002457086377355e-15
8714	1.0	0.0
8715	1.0	0.0
8716	1.0	0.0
8717	1.0	0.0
8718	1.0	0.0
8719	1.0	0.0
8720	1.0	0.0
8721	1.0	0.0
8722	1.0	0.0
8723	1.0	0.0
8724	1.0	0.0
8725	1.0	6.9547965207088e-39
8726	1.0	0.0
8727	1.0	0.0
8728	1.0	1.964675767140533e-38
8729	1.0	0.0
8731	0.9999999999999999	5.99176853438258e-17
8732	0.8836323461546087	0.11636765384539131
8733	1.0	6.117989831124192e-28
8734	1.0	1.512599439140241e-33
8735	1.0	3.0619274845477594e-20
8736	1.0	0.0
8737	1.0	8.51600251698502e-28
8738	1.0	2.3986579065295406e-24
8739	0.9999996889537541	3.1104624590029386e-07
8740	1.0	0.0
8741	1.0	0.0
8742	1.0	0.0
8743	1.0	0.0
8744	1.0	0.0
8745	1.0	2.844002032493476e-19
8746	1.0	6.331455869738228e-44
8747	1.0	0.0
8748	1.0	0.0
8749	1.0	0.0
8750	1.0	0.0
8751	1.0	7.798878154343789e-41
8752	0.9999999999999981	1.907175895219904e-15
8753	1.0	4.8817943800218686e-20
8754	1.0	2.1270673290174871e-19
8755	1.0	0.0
8756	1.0	0.0
8757	1.0	2.47453131533839e-30
8758	1.0	4.422198896233118e-25
8759	1.0	0.0
8761	1.0	0.0
8762	1.0	6.364163465515603e-22
8763	0.9999999999993874	6.126420127475239e-13
8764	1.0	0.0
8765	1.0	8.900099413194709e-19
8766	1.0	0.0
8767	1.0	2.1702890414240138e-39
8768	1.0	1.2934483469005189e-18
8769	1.0	0.0
8770	1.0	1.3844385225788105e-43
8771	1.0	0.0
8772	1.0	0.0
8773	1.0	0.0
8774	1.0	0.0
8775	1.0	0.0
8776	1.0	0.0
8777	1.0	0.0
8778	1.0	0.0
8779	1.0	0.0
8780	1.0	0.0
8781	0.9989998078697895	0.0010001921302105101
8782	0.9999999999863901	1.360985590013759e-11
8783	1.0	2.1247845306162397e-22
8784	1.0	2.5074251997951527e-18
8785	1.0	0.0
8786	1.0	0.0
8787	1.0	0.0
8788	1.0	0.0
8789	0.9999970653550116	2.9346449883131442e-06
8791	1.0	0.0
8792	1.0	7.349229712955386e-21
8793	1.0	3.450239586002831e-36
8794	1.0	0.0
8795	0.999999986563975	1.343602499238045e-08
8796	1.0	3.455440544512497e-40
8797	1.0	0.0
8798	0.9999999849101584	1.508984158960133e-08
8799	1.0	3.118840814146823e-25
8800	0.9999989551309896	1.0448690103948567e-06
8801	1.0	0.0
8802	1.0	0.0
8803	1.0	0.0
8804	1.0	5.82940253495269e-42
8805	1.0	0.0
8806	1.0	0.0
8807	0.9999999999375854	6.241463521925804e-11
8808	0.9999999404615241	5.953847592873892e-08
8809	1.0	0.0
8810	1.0	0.0
8811	1.0	0.0
8812	1.0	0.0
8813	1.0	0.0
8814	1.0	0.0
8815	1.0	0.0
8816	1.0	0.0
8817	1.0	0.0
8818	1.0	5.6093980756125835e-31
8819	0.9999999981882458	1.8117542086944003e-09
8821	1.0	7.764589074225827e-29
8822	1.0	0.0
8823	1.0	9.204406337332385e-24
8824	1.0	0.0
8825	1.0	0.0
8826	1.0	4.3592551407840907e-23
8827	0.9999999337909841	6.620901591395657e-08
8828	0.9999999999790581	2.0941908745292618e-11
8829	1.0	0.0
8830	1.0	0.0
8831	0.999999999999842	1.5801713229362105e-13
8832	1.0	7.668302739935531e-29
8833	0.0	1.0
8834	1.0	0.0
8835	1.0	0.0
8836	1.0	0.0
8837	1.0	0.0
8838	1.0	0.0
8839	1.0	0.0
8840	0.9999997290455198	2.709544802092909e-07
8841	0.9999999999999981	1.883898380914541e-15
8842	1.0	0.0
8843	1.0	0.0
8844	1.0	0.0
8845	1.0	0.0
8846	1.0	0.0
8847	1.0	0.0
8848	1.0	0.0
8849	1.0	0.0
8851	1.0	0.0
8852	1.0	2.35164360692416e-31
8853	1.0	7.235944109338596e-24
8854	1.0	1.0482905204013512e-30
8855	1.0	0.0
8856	1.0	1.5313621587137818e-25
8857	0.0	1.0
8858	1.0	0.0
8859	1.0	0.0
8860	1.0	0.0
8861	1.0	0.0
8862	1.0	0.0
8863	1.0	2.470588798213784e-18
8864	1.0	0.0
8865	1.0	0.0
8866	1.0	4.443953233566008e-17
8867	1.0	0.0
8868	1.0	0.0
8869	1.0	0.0
8870	0.9999999999999944	5.524860420781509e-15
8871	0.9999999474051695	5.2594830451727774e-08
8872	1.0	4.039452983514669e-33
8873	1.0	2.94622946462234e-43
8874	1.0	0.0
8875	1.0	3.2710053408856726e-30
8876	1.0	0.0
8877	0.9999999999985945	1.4055089119473154e-12
8878	1.0	0.0
8879	1.0	1.2561052360996306e-20
8881	1.0	8.739500421006297e-19
8882	1.0	0.0
8883	1.0	0.0
8884	1.0	0.0
8885	1.0	0.0
8886	1.0	0.0
8887	1.0	0.0
8888	1.0	5.439465097506067e-37
8889	1.0	0.0
8890	1.0	4.578090982296401e-27
8891	1.0	0.0
8892	1.0	0.0
8893	0.9999999999731037	2.689631595393295e-11
8894	1.0	0.0
8895	1.0	0.0
8896	1.0	0.0
8897	1.0	4.426780801382566e-35
8898	1.0	0.0
8899	1.0	0.0
8900	1.0	0.0
8901	1.0	0.0
8902	1.0	0.0
8903	0.08289462632548406	0.917105373674516
8904	1.0	0.0
8905	1.0	0.0
8906	0.9999999987078373	1.2921627423976384e-09
8907	1.0	0.0
8908	1.0	3.5953392645401574e-36
8909	1.0	0.0
8911	1.0	0.0
8912	1.0	0.0
8913	1.0	2.1736070812025005e-24
8914	1.0	0.0
8915	1.0	7.540625689036864e-41
8916	1.0	0.0
8917	1.0	0.0
8918	1.0	0.0
8919	1.0	0.0
8920	1.0	0.0
8921	1.0	0.0
8922	1.0	0.0
8923	1.0	9.362019669183564e-44
8924	1.0	5.953210579687977e-44
8925	1.0	0.0
8926	1.0	0.0
8927	1.0	0.0
8928	1.0	0.0
8929	1.0	0.0
8930	1.0	7.540625689036864e-41
8931	1.0	0.0
8932	1.0	0.0
8933	1.0	0.0
8934	1.0	0.0
8935	1.0	0.0
8936	1.0	0.0
8937	1.0	0.0
8938	1.0	0.0
8939	0.9999999995210462	4.789537607989103e-10
8941	1.0	0.0
8942	1.0	1.7800467434688873e-30
8943	1.0	1.7800467434688873e-30
8944	1.0	0.0
8945	0.9999999999999888	1.1220629177603727e-14
8946	1.0	1.1158162610124392e-22
8947	1.0	2.1130889131496087e-17
8948	1.0	0.0
8949	0.9999999999999888	1.1220629177603727e-14
8950	1.0	8.897818322973842e-23
8951	1.0	2.1130889131496087e-17
8952	0.9999999999999999	1.1484571481950364e-16
8953	1.0	0.0
8954	1.0	0.0
8955	1.0	6.004117562859865e-36
8956	1.0	6.004117562859865e-36
8957	1.0	0.0
8958	1.0	0.0
8959	1.0	0.0
8960	1.0	0.0
8961	1.0	0.0
8962	1.0	0.0
8963	1.0	0.0
8964	1.0	0.0
8965	1.0	0.0
8966	1.0	0.0
8967	1.0	0.0
8968	1.0	0.0
8969	1.0	0.0
8971	1.0	0.0
8972	1.0	0.0
8973	1.0	0.0
8974	1.0	0.0
8975	1.0	5.058164501688474e-31
8976	1.0	0.0
8977	1.0	0.0
8978	1.0	0.0
8979	1.0	5.058164501688474e-31
8980	0.9999999999990156	9.844017591840873e-13
8981	1.0	0.0
8982	0.4511661422117411	0.5488338577882589
8983	1.0	0.0
8984	1.0	0.0
8985	1.0	0.0
8986	1.0	0.0
8987	1.0	0.0
8988	1.0	0.0
8989	1.0	0.0
8990	0.0	1.0
8991	1.0	0.0
8992	1.0	0.0
8993	1.0	0.0
8994	1.0	9.540584604844516e-22
8995	1.0	3.10055192359192e-41
8996	1.0	0.0
8997	1.0	3.10055192359192e-41
8998	1.0	0.0
8999	1.0	0.0
9001	1.0	4.127914253937535e-18
9002	1.0	0.0
9003	1.0	0.0
9004	1.0	0.0
9005	1.0	0.0
9006	1.0	4.127914253937535e-18
9007	1.0	0.0
9008	1.0	0.0
9009	2.943839291225103e-07	0.9999997056160709
9010	0.00010883693006191741	0.9998911630699381
9011	1.0	0.0
9012	1.0	0.0
9013	1.0	0.0
9014	1.0	0.0
9015	0.4511661422117411	0.5488338577882589
9016	1.0	0.0
9017	1.0	0.0
9018	1.0	2.4407948206472774e-22
9019	1.0	2.4407948206472774e-22
9020	1.0	0.0
9021	1.0	0.0
9022	1.0	0.0
9023	1.0	7.945885994939206e-29
9024	1.0	0.0
9025	1.0	6.8742312622788676e-37
9026	1.0	0.0
9027	1.0	0.0
9028	1.0	0.0
9029	1.0	0.0
9031	0.9999999999999999	8.470304775108635e-17
9032	1.0	0.0
9033	1.0	0.0
9034	1.0	2.3389565460505983e-19
9035	1.0	6.263884512207948e-22
9036	1.0	0.0
9037	1.0	0.0
9038	0.9999999963344764	3.6655235826042138e-09
9039	1.0	0.0
9040	0.9999999999999989	1.0789648070619617e-15
9041	1.0	0.0
9042	0.9999999999999997	3.0519071853965167e-16
9043	1.0	0.0
9044	1.0	0.0
9045	1.0	0.0
9046	1.0	0.0
9047	1.0	8.261170880046373e-43
9048	1.0	0.0
9049	1.0	8.261170880046373e-43
9050	1.0	0.0
9051	0.9999999999998052	1.948965391646095e-13
9052	1.0	0.0
9053	0.999999871460379	1.285396209433513e-07
9054	1.0	0.0
9055	1.0	0.0
9056	1.0	0.0
9057	1.0	0.0
9058	1.0	0.0
9059	1.0	0.0
9061	1.0	0.0
9062	1.0	0.0
9063	1.0	0.0
9064	1.0	0.0
9065	1.0	0.0
9066	1.0	0.0
9067	1.0	0.0
9068	1.0	5.118695728334764e-41
9069	1.0	0.0
9070	1.0	0.0
9071	1.0	0.0
9072	1.0	0.0
9073	1.0	0.0
9074	1.0	0.0
9075	1.0	0.0
9076	1.0	2.3587857573968217e-40
9077	1.0	0.0
9078	1.0	2.3587857573968217e-40
9079	0.999999871460379	1.285396209433513e-07
9080	1.0	0.0
9081	1.0	0.0
9082	1.0	0.0
9083	1.0	0.0
9084	1.0	0.0
9085	1.0	0.0
9086	1.0	0.0
9087	1.0	0.0
9088	1.0	0.0
9089	1.0	0.0
9091	1.0	0.0
9092	0.9999999999982118	1.78825480130524e-12
9093	1.0	1.31105758358491e-27
9094	1.0	4.778866470831443e-20
9095	1.0	3.810796376871667e-20
9096	1.0	0.0
9097	1.0	0.0
9098	0.9950952494823809	0.004904750517619036
9099	1.0	0.0
9100	1.0	2.277823705890592e-27
9101	1.0	2.277823705890592e-27
9102	1.0	0.0
9103	1.0	1.31105758358491e-27
9104	0.9976958179847119	0.0023041820152881593
9105	0.9976958179847119	0.0023041820152881593
9106	1.0	0.0
9107	1.0	0.0
9108	1.0	0.0
9109	0.9999999999999886	1.140519131032166e-14
9110	1.0	0.0
9111	1.0	4.0031673873186705e-20
9112	1.0	0.0
9113	1.0	1.7764715602740027e-31
9114	1.0	6.400701249227005e-38
9115	1.0	1.7988022164844144e-38
9116	1.0	0.0
9117	1.0	0.0
9118	1.0	0.0
9119	1.0	0.0
9121	1.0	0.0
9122	1.0	0.0
9123	1.0	0.0
9124	1.0	0.0
9125	1.0	0.0
9126	1.0	0.0
9127	1.0	0.0
9128	1.0	1.586007476420065e-30
9129	1.0	0.0
9130	1.0	0.0
9131	1.0	0.0
9132	1.0	0.0
9133	1.0	0.0
9134	1.0	1.586007476420065e-30
9135	1.0	0.0
9136	1.0	7.159611894501885e-30
9137	1.0	0.0
9138	1.0	0.0
9139	1.0	7.159611894501885e-30
9140	1.0	0.0
9141	0.9996278469382694	0.0003721530617305349
9142	0.9996278469382694	0.0003721530617305349
9143	1.0	0.0
9144	1.0	0.0
9145	1.0	0.0
9146	1.0	0.0
9147	1.0	0.0
9148	0.9999999662546325	3.374536749817773e-08
9149	1.0	0.0
9151	1.0	0.0
9152	1.0	0.0
9153	1.0	0.0
9154	1.1071949079788368e-06	0.999998892805092
9155	1.0	0.0
9156	1.0	0.0
9157	1.0	0.0
9158	4.4072483037504995e-06	0.9999955927516962
9159	1.0	0.0
9160	1.0	0.0
9161	1.0	0.0
9162	1.0	0.0
9163	1.0	0.0
9164	1.0	0.0
9165	1.0	0.0
9166	1.0	0.0
9167	1.0	0.0
9168	1.0	0.0
9169	1.0	3.0912484924575226e-29
9170	1.0	0.0
9171	1.0	0.0
9172	1.0	0.0
9173	1.0	0.0
9174	1.0	3.0912484924575226e-29
9175	1.0	0.0
9176	1.0	0.0
9177	1.0	0.0
9178	1.0	0.0
9179	1.0	0.0
9181	1.0	0.0
9182	1.0	0.0
9183	1.0	0.0
9184	1.0	0.0
9185	1.0	1.0671014649386276e-25
9186	1.0	0.0
9187	1.0	0.0
9188	1.0	1.0671014649386276e-25
9189	1.0	0.0
9190	1.0	0.0
9191	1.0	0.0
9192	1.0	0.0
9193	1.0	0.0
9194	1.0	0.0
9195	1.0	0.0
9196	1.0	0.0
9197	1.0	0.0
9198	1.0	0.0
9199	1.0	0.0
9200	1.0	0.0
9201	1.0	0.0
9202	1.0	0.0
9203	1.0	0.0
9204	1.0	0.0
9205	1.0	0.0
9206	1.0	0.0
9207	1.0	0.0
9208	1.0	0.0
9209	1.0	0.0
9211	1.0	0.0
9212	1.0	0.0
9213	1.0	0.0
9214	1.0	0.0
9215	1.0	0.0
9216	1.0	0.0
9217	1.0	0.0
9218	1.0	0.0
9219	1.0	0.0
9220	1.0	0.0
9221	1.0	0.0
9222	1.0	0.0
9223	1.0	0.0
9224	1.0	2.162908519823165e-22
9225	1.0	0.0
9226	1.0	0.0
9227	1.0	0.0
9228	1.0	1.1292533214964627e-17
9229	1.0	1.1292533214964627e-17
9230	1.0	0.0
9231	1.0	0.0
9232	1.0	0.0
9233	1.0	0.0
9234	1.0	0.0
9235	1.0	0.0
9236	1.0	1.6002055149185407e-19
9237	1.0	0.0
9238	1.0	0.0
9239	1.0	0.0
9241	1.0	0.0
9242	1.0	0.0
9243	1.0	0.0
9244	1.0	1.5107481796224322e-26
9245	1.0	0.0
9246	1.0	0.0
9247	1.0	0.0
9248	1.0	0.0
9249	1.0	0.0
9250	1.0	0.0
9251	1.0	1.138268406729994e-41
9252	1.0	0.0
9253	1.0	0.0
9254	1.0	0.0
9255	1.0	9.936510196584487e-21
9256	1.0	0.0
9257	1.0	0.0
9258	1.0	9.936510196584487e-21
9259	1.0	3.64735564798762e-22
9260	1.0	3.842375102134888e-36
9261	1.0	2.040433752525523e-43
9262	1.0	0.0
9263	1.0	0.0
9264	1.0	0.0
9265	1.0	0.0
9266	1.0	0.0
9267	1.0	0.0
9268	1.0	0.0
9269	1.0	0.0
9271	1.0	0.0
9272	1.0	0.0
9273	1.0	2.6845086146849493e-26
9274	0.9999999999058924	9.410755673106949e-11
9275	1.0	1.0250238479261798e-22
9276	1.0	0.0
9277	1.0	0.0
9278	1.0	0.0
9279	1.0	0.0
9280	1.0	2.6845086146849493e-26
9281	1.0	0.0
9282	1.0	0.0
9283	1.0	8.106970288041465e-34
9284	1.0	0.0
9285	1.0	2.3842642187198843e-33
9286	1.0	0.0
9287	1.0	0.0
9288	1.0	0.0
9289	1.0	0.0
9290	1.0	0.0
9291	1.0	0.0
9292	1.0	0.0
9293	1.0	0.0
9294	1.0	0.0
9295	1.0	0.0
9296	1.0	0.0
9297	1.0	0.0
9298	1.0	0.0
9299	1.0	0.0
9301	1.0	2.608655058538639e-21
9302	0.9999805542248956	1.944577510433311e-05
9303	0.9999805542248956	1.944577510433311e-05
9304	1.0	6.077036857501856e-25
9305	1.0	0.0
9306	1.0	1.562560916570365e-25
9307	1.0	0.0
9308	1.0	0.0
9309	1.0	0.0
9310	1.0	0.0
9311	1.0	0.0
9312	0.9999999994749026	5.250973741190745e-10
9313	1.0	3.0448815114483575e-20
9314	1.0	0.0
9315	1.0	0.0
9316	1.0	0.0
9317	1.0	0.0
9318	0.9999999994749026	5.250973741190745e-10
9319	1.0	8.557093040997834e-21
9320	1.0	0.0
9321	1.0	0.0
9322	1.0	0.0
9323	1.0	0.0
9324	1.0	5.0788187663259516e-42
9325	1.0	0.0
9326	1.0	0.0
9327	1.0	0.0
9328	0.9999887851500103	1.1214849989629525e-05
9329	1.0	0.0
9331	1.0	0.0
9332	1.0	2.3723340982725488e-18
9333	1.0	0.0
9334	1.0	0.0
9335	1.0	0.0
9336	1.0	0.0
9337	1.0	0.0
9338	0.9999999977690663	2.2309336705173947e-09
9339	1.0	0.0
9340	1.0	0.0
9341	1.0	7.236524825728227e-26
9342	1.0	0.0
9343	1.0	0.0
9344	1.0	0.0
9345	1.0	0.0
9346	1.0	0.0
9347	1.0	9.268984475422028e-40
9348	1.0	9.268984475422028e-40
9349	1.0	0.0
9350	1.0	6.698806154125191e-22
9351	1.0	0.0
9352	1.0	0.0
9353	1.0	0.0
9354	1.0	0.0
9355	1.0	0.0
9356	1.0	0.0
9357	1.0	0.0
9358	1.0	0.0
9359	1.0	0.0
9361	1.0	0.0
9362	0.9999999999999897	1.0356990735524043e-14
9363	1.0	1.147073319917719e-24
9364	0.9999999980504963	1.9495036151288743e-09
9365	1.0	0.0
9366	0.9989022160299079	0.001097783970092125
9367	1.0	0.0
9368	1.0	0.0
9369	1.0	1.1246399167949362e-43
9370	1.0	1.1246399167949362e-43
9371	0.9999999442818701	5.571812990147758e-08
9372	0.9999999442818701	5.571812990147758e-08
9373	1.0	5.0788187663259516e-42
9374	1.0	5.36137556205053e-33
9375	1.0	5.36137556205053e-33
9376	1.0	0.0
9377	1.0	0.0
9378	0.9999999999999977	2.343456373830072e-15
9379	0.999999999992905	7.095031802350421e-12
9380	0.9999999999999977	2.343456373830072e-15
9381	0.999999999992905	7.095031802350421e-12
9382	1.0	0.0
9383	1.0	0.0
9384	0.9999999999999158	8.416863676132367e-14
9385	1.0	0.0
9386	1.0	0.0
9387	1.0	0.0
9388	1.0	0.0
9389	1.0	6.698806154125191e-22
9391	1.0	0.0
9392	1.0	0.0
9393	1.0	0.0
9394	1.0	0.0
9395	1.0	0.0
9396	1.0	0.0
9397	1.0	0.0
9398	1.0	0.0
9399	1.0	0.0
9400	1.0	0.0
9401	1.0	3.7066026931892724e-33
9402	1.0	0.0
9403	1.0	0.0
9404	1.0	2.196253636861863e-37
9405	1.0	0.0
9406	1.0	0.0
9407	1.0	2.842168253690182e-32
9408	1.0	3.7050356110521434e-33
9409	1.0	1.0888333024978134e-20
9410	1.0	7.987403809820905e-33
9411	1.0	3.7050356110521434e-33
9412	1.0	2.2884980506850545e-22
9413	1.0	0.0
9414	1.0	0.0
9415	1.0	0.0
9416	1.0	0.0
9417	1.0	0.0
9418	0.999999999999829	1.7094608506277653e-13
9419	0.9999999999408092	5.919080996185916e-11
9421	1.0	0.0
9422	1.0	0.0
9423	1.0	0.0
9424	1.0	0.0
9425	1.0	0.0
9426	1.0	0.0
9427	1.0	0.0
9428	1.0	0.0
9429	1.0	0.0
9430	1.0	0.0
9431	1.0	6.208445062176213e-42
9432	1.0	6.208445062176213e-42
9433	1.0	0.0
9434	1.0	9.354349844928159e-25
9435	1.0	9.354349844928159e-25
9436	1.0	1.8681426085587984e-25
9437	1.0	0.0
9438	1.0	5.250079536816956e-26
9439	1.0	0.0
9440	1.0	0.0
9441	1.0	0.0
9442	1.0	0.0
9443	1.0	0.0
9444	1.0	1.2170751083813397e-25
9445	1.0	0.0
9446	1.0	0.0
9447	1.0	0.0
9448	1.0	3.1544321630326505e-21
9449	1.0	3.1544321630326505e-21
9451	1.0	0.0
9452	1.0	4.558890524739264e-20
9453	1.0	0.0
9454	1.0	0.0
9455	1.0	4.558890524739264e-20
9456	0.9999999999103673	8.963278598618463e-11
9457	1.0	6.305047136173999e-34
9458	0.9999999999103673	8.963278598618463e-11
9459	1.0	2.5494807021766117e-34
9460	1.0	0.0
9461	1.0	0.0
9462	1.0	0.0
9463	1.0	0.0
9464	1.0	0.0
9465	1.0	0.0
9466	1.0	0.0
9467	1.0	0.0
9468	1.0	0.0
9469	1.0	3.3623644856188575e-27
9470	1.0	5.287654791976076e-27
9471	0.999999999937408	6.259208119106275e-11
9472	1.0	5.48123179114282e-17
9473	1.0	3.9015190203881325e-30
9474	1.0	1.4368747897330556e-36
9475	1.0	9.325010863414182e-23
9476	1.0	0.0
9477	1.0	0.0
9478	1.0	0.0
9479	1.0	0.0
9481	1.0	0.0
9482	1.0	0.0
9483	1.0	0.0
9484	1.0	2.2678288893307827e-22
9485	1.0	0.0
9486	1.0	0.0
9487	1.0	0.0
9488	1.0	1.1399821830267993e-31
9489	1.0	1.1458025195210381e-36
9490	1.0	9.325010863414182e-23
9491	1.0	0.0
9492	1.0	0.0
9493	1.0	0.0
9494	0.9999974907902349	2.509209765117076e-06
9495	1.0	0.0
9496	1.0	0.0
9497	1.0	0.0
9498	1.0	0.0
9499	1.0	0.0
9500	1.0	0.0
9501	1.0	0.0
9502	1.0	0.0
9503	1.0	0.0
9504	1.0	0.0
9505	1.0	0.0
9506	0.9999999999997884	2.1161806156676387e-13
9507	0.9999999999997884	2.1161806156676387e-13
9508	1.0	0.0
9509	1.0	1.3515503799051572e-22
9511	1.0	9.498730637799288e-23
9512	1.0	0.0
9513	0.999999999988045	1.195501383824606e-11
9514	1.0	0.0
9515	1.0	0.0
9516	1.0	0.0
9517	1.0	3.0501831242444007e-30
9518	1.0	3.992434898774644e-36
9519	1.0	0.0
9520	1.0	0.0
9521	1.0	0.0
9522	0.9999999814872504	1.8512749608453675e-08
9523	1.0	0.0
9524	1.0	1.4868395758873225e-21
9525	1.0	0.0
9526	1.0	0.0
9527	1.0	1.0431157913623801e-30
9528	1.0	0.0
9529	1.0	0.0
9530	1.0	0.0
9531	1.0	4.743972644650014e-24
9532	1.0	0.0
9533	4.440892098500626e-15	0.9999999999999956
9534	5.706546346573305e-14	0.9999999999999429
9535	0.0	1.0
9536	0.0	1.0
9537	0.0	1.0
9538	0.0	1.0
9539	0.0	1.0
9541	0.0	1.0
9542	0.0	1.0
9543	0.0	1.0
9544	0.0	1.0
9545	0.0	1.0
9546	0.0	1.0
9547	0.0	1.0
9548	0.0	1.0
9549	0.0	1.0
9550	0.009443387385711044	0.990556612614289
9551	1.375856317764601e-09	0.9999999986241437
9552	0.0	1.0
9553	0.0	1.0
9554	0.9468538319597014	0.05314616804029855
9555	0.0	1.0
9556	0.0	1.0
9557	0.0	1.0
9558	2.2335641169934917e-07	0.9999997766435883
9559	0.0	1.0
9560	1.6672392666450264e-07	0.9999998332760733
9561	0.0	1.0
9562	0.0	1.0
9563	0.0	1.0
9564	4.9960036108132044e-14	0.99999999999995
9565	4.5075054799781356e-14	0.9999999999999549
9566	0.0	1.0
9567	0.0	1.0
9568	0.0	1.0
9569	1.0156320229270932e-12	0.9999999999989844
9571	0.0	1.0
9572	0.0	1.0
9573	0.0	1.0
9574	0.0	1.0
9575	0.0	1.0
9576	0.0	1.0
9577	0.0	1.0
9578	0.0	1.0
9579	0.0	1.0
9580	0.0	1.0
9581	0.0	1.0
9582	0.0	1.0
9583	0.0	1.0
9584	0.0	1.0
9585	0.0	1.0
9586	0.0	1.0
9587	0.0	1.0
9588	0.0	1.0
9589	0.0	1.0
9590	0.0	1.0
9591	1.0521443716271506e-09	0.9999999989478556
9592	0.0	1.0
9593	0.0	1.0
9594	3.5513814111709507e-12	0.9999999999964486
9595	0.0	1.0
9596	0.0	1.0
9597	0.0	1.0
9598	2.8181901257084974e-11	0.9999999999718181
9599	3.6093567989614606e-05	0.9999639064320104
9601	0.0	1.0
9602	0.0	1.0
9603	0.0	1.0
9604	0.0	1.0
9605	0.0	1.0
9606	2.220446049250313e-16	0.9999999999999998
9607	9.854133374542773e-05	0.9999014586662546
9608	0.0	1.0
9609	0.0	1.0
9610	0.0	1.0
9611	0.0	1.0
9612	0.0	1.0
9613	0.0	1.0
9614	0.0	1.0
9615	0.0	1.0
9616	0.0	1.0
9617	0.0	1.0
9618	0.0	1.0
9619	0.0	1.0
9620	4.32720526077901e-12	0.9999999999956728
9621	0.0	1.0
9622	3.9412917374193057e-13	0.9999999999996059
9623	0.0	1.0
9624	0.0	1.0
9625	0.0	1.0
9626	2.4969443090938626e-07	0.9999997503055691
9627	0.0	1.0
9628	0.0	1.0
9629	0.0	1.0
9631	2.220446049250313e-16	0.9999999999999998
9632	0.0	1.0
9633	0.0	1.0
9634	0.0	1.0
9635	0.0	1.0
9636	0.0	1.0
9637	0.0	1.0
9638	0.0	1.0
9639	0.0	1.0
9640	0.0	1.0
9641	0.0	1.0
9642	0.0	1.0
9643	0.0	1.0
9644	0.0	1.0
9645	0.0	1.0
9646	0.0	1.0
9647	0.0	1.0
9648	0.0	1.0
9649	0.0	1.0
9650	0.0	1.0
9651	0.0	1.0
9652	0.0	1.0
9653	0.0	1.0
9654	0.0	1.0
9655	0.0	1.0
9656	0.0	1.0
9657	5.087216281562945e-08	0.9999999491278372
9658	0.0	1.0
9659	0.0	1.0
9661	1.5345612780492957e-08	0.9999999846543872
9662	0.0	1.0
9663	0.0	1.0
9664	0.0	1.0
9665	0.0	1.0
9666	0.0	1.0
9667	0.0	1.0
9668	0.0	1.0
9669	0.0	1.0
9670	0.0	1.0
9671	0.0	1.0
9672	0.0	1.0
9673	0.0	1.0
9674	0.0	1.0
9675	0.0	1.0
9676	0.0	1.0
9677	0.0	1.0
9678	0.0	1.0
9679	0.0	1.0
9680	0.0	1.0
9681	4.884981308350689e-14	0.9999999999999512
9682	0.0	1.0
9683	0.0	1.0
9684	2.5088442434650915e-09	0.9999999974911558
9685	0.0	1.0
9686	0.0	1.0
9687	0.0	1.0
9688	4.884981308350689e-15	0.9999999999999951
9689	0.0	1.0
9691	1.5432100042289676e-12	0.9999999999984568
9692	0.0	1.0
9693	7.940613622192672e-08	0.9999999205938638
9694	0.0	1.0
9695	0.0	1.0
9696	0.0	1.0
9697	0.0	1.0
9698	0.0	1.0
9699	0.0	1.0
9700	2.220446049250313e-16	0.9999999999999998
9701	0.0	1.0
9702	0.0	1.0
9703	0.0	1.0
9704	0.0	1.0
9705	0.0	1.0
9706	0.0	1.0
9707	3.3306690738754696e-15	0.9999999999999967
9708	0.0	1.0
9709	0.0	1.0
9710	0.0	1.0
9711	0.0	1.0
9712	0.0	1.0
9713	4.250932938987262e-11	0.9999999999574907
9714	0.0	1.0
9715	0.0	1.0
9716	0.0	1.0
9717	0.0	1.0
9718	0.0	1.0
9719	1.199040866595169e-14	0.999999999999988
9721	6.816769371198461e-13	0.9999999999993183
9722	0.0	1.0
9723	0.0	1.0
9724	4.440892098500626e-16	0.9999999999999996
9725	0.0	1.0
9726	0.0	1.0
9727	0.0	1.0
9728	0.0	1.0
9729	0.0	1.0
9730	0.0	1.0
9731	0.0	1.0
9732	0.0	1.0
9733	0.0	1.0
9734	0.0	1.0
9735	0.0	1.0
9736	0.0	1.0
9737	0.0	1.0
9738	6.152782768276133e-06	0.9999938472172317
9739	0.0	1.0
9740	0.0	1.0
9741	0.0	1.0
9742	0.0	1.0
9743	0.0	1.0
9744	0.0	1.0
9745	0.0	1.0
9746	0.0	1.0
9747	0.0	1.0
9748	1.6431300764452317e-14	0.9999999999999836
9749	0.0	1.0
9751	0.1384255664261348	0.8615744335738652
9752	0.0	1.0
9753	0.0	1.0
9754	0.0	1.0
9755	0.0	1.0
9756	0.0	1.0
9757	0.0	1.0
9758	0.0	1.0
9759	0.1633035641083812	0.8366964358916188
9760	0.0	1.0
9761	0.0	1.0
9762	0.0	1.0
9763	0.0	1.0
9764	2.748258824181171e-06	0.9999972517411758
9765	0.0	1.0
9766	0.0	1.0
9767	0.0	1.0
9768	0.0	1.0
9769	0.0	1.0
9770	0.0	1.0
9771	0.0	1.0
9772	0.0	1.0
9773	0.0	1.0
9774	0.0	1.0
9775	0.0	1.0
9776	3.5196206152887655e-06	0.9999964803793847
9777	0.0	1.0
9778	0.0	1.0
9779	0.0	1.0
9781	0.0	1.0
9782	0.0	1.0
9783	0.0	1.0
9784	1.0569142645522334e-06	0.9999989430857354
9785	0.0	1.0
9786	0.0	1.0
9787	0.0	1.0
9788	0.0	1.0
9789	0.0	1.0
9790	0.0	1.0
9791	0.0	1.0
9792	0.0	1.0
9793	1.0897349966842995e-07	0.9999998910265003
9794	1.5514526712223642e-06	0.9999984485473288
9795	0.0	1.0
9796	0.0	1.0
9797	0.0	1.0
9798	0.0	1.0
9799	1.5813992637614405e-07	0.9999998418600736
9800	0.0	1.0
9801	0.0	1.0
9802	0.0	1.0
9803	0.0	1.0
9804	0.0	1.0
9805	0.0	1.0
9806	0.0	1.0
9807	0.0	1.0
9808	0.0	1.0
9809	0.0	1.0
9811	0.0	1.0
9812	2.220446049250313e-16	0.9999999999999998
9813	0.03836394435474999	0.96163605564525
9814	0.0	1.0
9815	2.937428078553239e-12	0.9999999999970626
9816	0.0	1.0
9817	0.0	1.0
9818	3.9968028886505635e-15	0.999999999999996
9819	0.0	1.0
9820	0.0	1.0
9821	0.0	1.0
9822	0.0	1.0
9823	0.0	1.0
9824	0.0	1.0
9825	0.0	1.0
9826	0.0	1.0
9827	0.0	1.0
9828	0.0	1.0
9829	0.0	1.0
9830	0.0	1.0
9831	7.327471962526033e-15	0.9999999999999927
9832	0.0	1.0
9833	0.0	1.0
9834	0.0	1.0
9835	0.0	1.0
9836	0.0	1.0
9837	0.0	1.0
9838	5.398455952154713e-06	0.9999946015440478
9839	0.0	1.0
9841	0.0	1.0
9842	0.0	1.0
9843	1.0278851114708942e-07	0.9999998972114889
9844	0.0	1.0
9845	0.0	1.0
9846	0.0	1.0
9847	0.0	1.0
9848	0.0	1.0
9849	1.7763568394002505e-15	0.9999999999999982
9850	0.0	1.0
9851	0.9999996725896118	3.2741038821517064e-07
9852	3.6781037363597946e-05	0.9999632189626364
9853	2.1747936784777266e-11	0.9999999999782521
9854	0.0	1.0
9855	0.0	1.0
9856	7.54390105939251e-10	0.9999999992456099
9857	0.0	1.0
9858	0.0	1.0
9859	0.0	1.0
9860	0.0	1.0
9861	0.0	1.0
9862	0.0	1.0
9863	0.0	1.0
9864	0.0	1.0
9865	0.0	1.0
9866	1.743513633467586e-08	0.9999999825648637
9867	0.0	1.0
9868	0.0	1.0
9869	0.0	1.0
9871	0.0	1.0
9872	0.0	1.0
9873	0.0	1.0
9874	0.0	1.0
9875	0.0	1.0
9876	0.0	1.0
9877	0.0	1.0
9878	0.0	1.0
9879	0.0	1.0
9880	0.0	1.0
9881	0.0	1.0
9882	0.0	1.0
9883	0.0	1.0
9884	0.0	1.0
9885	0.0	1.0
9886	0.0	1.0
9887	0.0	1.0
9888	0.0	1.0
9889	1.993960552226781e-12	0.999999999998006
9890	0.0	1.0
9891	0.0011636085202252344	0.9988363914797748
9892	0.0	1.0
9893	0.0	1.0
9894	2.6453772283829835e-08	0.9999999735462277
9895	0.0	1.0
9896	0.0	1.0
9897	0.0	1.0
9898	0.0	1.0
9899	0.0	1.0
9901	0.0	1.0
9902	0.0	1.0
9903	0.0	1.0
9904	0.0	1.0
9905	0.0	1.0
9906	0.0	1.0
9907	0.0	1.0
9908	0.0	1.0
9909	0.0	1.0
9910	0.0	1.0
9911	0.0	1.0
9912	0.0	1.0
9913	0.0	1.0
9914	0.0	1.0
9915	0.0	1.0
9916	0.0	1.0
9917	0.0	1.0
9918	0.0	1.0
9919	0.0	1.0
9920	0.0	1.0
9921	0.0	1.0
9922	0.0	1.0
9923	0.0	1.0
9924	0.0	1.0
9925	0.0	1.0
9926	0.0	1.0
9927	0.0	1.0
9928	0.0	1.0
9929	0.0	1.0
9931	0.0	1.0
9932	1.0897125667708174e-05	0.9999891028743323
9933	0.0	1.0
9934	2.9043434324194095e-13	0.9999999999997096
9935	0.0	1.0
9936	0.0	1.0
9937	0.0	1.0
9938	0.0	1.0
9939	0.0	1.0
9940	0.0	1.0
9941	0.0	1.0
9942	0.0	1.0
9943	0.0	1.0
9944	0.0	1.0
9945	0.0	1.0
9946	0.0	1.0
9947	0.0	1.0
9948	0.0	1.0
9949	0.0	1.0
9950	0.0	1.0
9951	0.0	1.0
9952	0.0	1.0
9953	0.0	1.0
9954	0.0	1.0
9955	0.0	1.0
9956	0.0	1.0
9957	0.0	1.0
9958	0.0	1.0
9959	0.0	1.0
9961	0.0	1.0
9962	0.0	1.0
9963	0.0	1.0
9964	8.992806499463768e-14	0.9999999999999101
9965	0.0	1.0
9966	0.0	1.0
9967	0.0	1.0
9968	0.0	1.0
9969	0.0	1.0
9970	0.0	1.0
9971	0.0	1.0
9972	0.0	1.0
9973	0.0	1.0
9974	0.0	1.0
9975	1.0420797558197137e-10	0.999999999895792
9976	0.0	1.0
9977	5.816014336801345e-11	0.9999999999418399
9978	0.0	1.0
9979	0.0	1.0
9980	0.0	1.0
9981	0.0	1.0
9982	0.0	1.0
9983	0.0	1.0
9984	0.0	1.0
9985	0.0	1.0
9986	0.0	1.0
9987	0.0	1.0
9988	0.0	1.0
9989	0.0	1.0
9991	0.0	1.0
9992	0.0	1.0
9993	0.0	1.0
9994	0.0	1.0
9995	0.0	1.0
9996	0.0	1.0
9997	0.0	1.0
9998	0.0	1.0
9999	0.0	1.0
10000	0.0	1.0
10001	0.0	1.0
10002	0.0	1.0
10003	0.0	1.0
10004	0.0	1.0
10005	0.0	1.0
10006	0.0	1.0
10007	0.0	1.0
10008	0.0	1.0
10009	0.0	1.0
10010	0.0	1.0
10011	0.0	1.0
10012	0.0	1.0
10013	0.0	1.0
10014	4.0895731245882416e-11	0.9999999999591043
10015	0.0	1.0
10016	0.0	1.0
10017	0.0	1.0
10018	0.0	1.0
10019	0.0	1.0
10021	0.0	1.0
10022	0.0	1.0
10023	0.0	1.0
10024	0.0	1.0
10025	5.996589891310578e-10	0.999999999400341
10026	0.0	1.0
10027	0.0	1.0
10028	2.6330049252010213e-12	0.999999999997367
10029	0.0	1.0
10030	0.0	1.0
10031	0.0	1.0
10032	1.6155965454345278e-11	0.999999999983844
10033	4.351384463863184e-08	0.9999999564861554
10034	0.0	1.0
10035	0.0	1.0
10036	0.0	1.0
10037	0.0	1.0
10038	6.435923966763291e-06	0.9999935640760332
10039	0.0	1.0
10040	1.4758459679908853e-06	0.999998524154032
10041	0.0	1.0
10042	0.0	1.0
10043	0.0	1.0
10044	0.0	1.0
10045	0.0	1.0
10046	0.0	1.0
10047	0.0	1.0
10048	0.0	1.0
10049	0.0	1.0
10051	7.963367631980134e-09	0.9999999920366324
10052	0.0	1.0
10053	0.0	1.0
10054	0.0	1.0
10055	0.0	1.0
10056	0.0	1.0
10057	0.0	1.0
10058	0.0	1.0
10059	0.0	1.0
10060	0.0	1.0
10061	0.0	1.0
10062	3.0668800832245324e-12	0.9999999999969331
10063	0.0	1.0
10064	1.9482719008312444e-05	0.9999805172809917
10065	1.9482719008312444e-05	0.9999805172809917
10066	4.8827608623014385e-12	0.9999999999951172
10067	0.0	1.0
10068	3.9277788527192214e-06	0.9999960722211473
10069	0.0	1.0
10070	0.0	1.0
10071	0.0	1.0
10072	0.0	1.0
10073	0.0	1.0
10074	0.0	1.0
10075	0.0	1.0
10076	0.0	1.0
10077	0.0	1.0
10078	0.0	1.0
10079	0.0	1.0
10081	0.0	1.0
10082	0.0	1.0
10083	0.0	1.0
10084	0.0	1.0
10085	0.0	1.0
10086	0.0	1.0
10087	0.0	1.0
10088	0.0	1.0
10089	0.0	1.0
10090	2.90878432451791e-14	0.9999999999999709
10091	0.0	1.0
10092	0.0	1.0
10093	0.0	1.0
10094	0.0	1.0
10095	0.0	1.0
10096	0.0	1.0
10097	0.0	1.0
10098	0.005330158495358006	0.994669841504642
10099	0.0	1.0
10100	0.0	1.0
10101	0.0	1.0
10102	0.0	1.0
10103	0.0	1.0
10104	0.0	1.0
10105	0.0	1.0
10106	0.0	1.0
10107	1.988342823722178e-11	0.9999999999801166
10108	0.0	1.0
10109	0.0	1.0
10111	0.0	1.0
10112	0.0	1.0
10113	0.0	1.0
10114	0.0	1.0
10115	0.0	1.0
10116	1.6160406346443779e-12	0.999999999998384
10117	0.0	1.0
10118	3.481659405224491e-13	0.9999999999996518
10119	0.0	1.0
10120	0.0	1.0
10121	0.43207283234689886	0.5679271676531011
10122	0.0	1.0
10123	0.0	1.0
10124	0.0	1.0
10125	0.0	1.0
10126	4.440892098500626e-16	0.9999999999999996
10127	0.0	1.0
10128	3.6880114961945765e-08	0.999999963119885
10129	0.0	1.0
10130	0.0	1.0
10131	0.0	1.0
10132	0.0	1.0
10133	0.0	1.0
10134	0.0	1.0
10135	0.0	1.0
10136	0.0	1.0
10137	0.0	1.0
10138	0.0	1.0
10139	0.0	1.0
10141	0.0	1.0
10142	0.0	1.0
10143	6.778577699151356e-12	0.9999999999932214
10144	0.0	1.0
10145	0.0	1.0
10146	0.0	1.0
10147	0.0	1.0
10148	2.504663143554353e-13	0.9999999999997495
10149	1.6804962199579165e-08	0.9999999831950378
10150	4.122258090433206e-12	0.9999999999958777
10151	0.0	1.0
10152	0.0	1.0
10153	2.1082890988566305e-10	0.9999999997891711
10154	0.0	1.0
10155	0.0	1.0
10156	0.0	1.0
10157	0.0	1.0
10158	3.3698155377237526e-11	0.9999999999663018
10159	0.0	1.0
10160	1.823163842118447e-11	0.9999999999817684
10161	0.0	1.0
10162	6.366018823200648e-13	0.9999999999993634
10163	0.0	1.0
10164	1.2718714970105793e-11	0.9999999999872813
10165	0.0	1.0
10166	7.831299819738291e-08	0.9999999216870018
10167	0.0	1.0
10168	0.0	1.0
10169	0.0	1.0
10171	6.796912703110891e-06	0.9999932030872969
10172	0.0	1.0
10173	0.0	1.0
10174	4.099875836605094e-06	0.9999959001241634
10175	0.0	1.0
10176	0.0	1.0
10177	3.3494181485571595e-05	0.9999665058185144
10178	3.3494181485571595e-05	0.9999665058185144
10179	0.0	1.0
10180	0.0	1.0
10181	0.0	1.0
10182	0.0	1.0
10183	0.0	1.0
10184	0.0	1.0
10185	0.0	1.0
10186	2.795103655195419e-07	0.9999997204896345
10187	0.0	1.0
10188	0.0	1.0
10189	0.0	1.0
10190	0.0	1.0
10191	0.0	1.0
10192	2.011257826950441e-11	0.9999999999798874
10193	0.0	1.0
10194	2.0872192862952943e-14	0.9999999999999791
10195	0.0	1.0
10196	0.0	1.0
10197	0.0	1.0
10198	0.0	1.0
10199	0.0	1.0
10201	2.220446049250313e-16	0.9999999999999998
10202	0.0	1.0
10203	0.0	1.0
10204	6.176662670220878e-08	0.9999999382333733
10205	0.0	1.0
10206	0.0	1.0
10207	8.248957072964913e-13	0.9999999999991751
10208	0.0	1.0
10209	0.0	1.0
10210	0.0	1.0
10211	3.2888512802031755e-08	0.9999999671114872
10212	3.2888512802031755e-08	0.9999999671114872
10213	3.064659637175282e-12	0.9999999999969353
10214	0.0	1.0
10215	0.0	1.0
10216	0.0	1.0
10217	2.7879254460572156e-11	0.9999999999721207
10218	0.0	1.0
10219	0.0	1.0
10220	0.0	1.0
10221	0.0	1.0
10222	0.0	1.0
10223	0.0	1.0
10224	0.0	1.0
10225	0.0	1.0
10226	0.0	1.0
10227	0.0	1.0
10228	0.0	1.0
10229	0.0	1.0
10231	0.0	1.0
10232	0.0	1.0
10233	0.0	1.0
10234	0.0	1.0
10235	0.0	1.0
10236	0.0	1.0
10237	0.0	1.0
10238	0.0	1.0
10239	0.0	1.0
10240	2.754751982081416e-11	0.9999999999724525
10241	0.0	1.0
10242	0.0	1.0
10243	0.0	1.0
10244	5.904166044956582e-13	0.9999999999994096
10245	0.0	1.0
10246	0.0	1.0
10247	0.999999998581676	1.4183240160006854e-09
10248	0.0	1.0
10249	2.3802517611359875e-06	0.9999976197482389
10250	2.928697284687587e-10	0.9999999997071303
10251	0.0	1.0
10252	2.220446049250313e-16	0.9999999999999998
10253	0.0	1.0
10254	0.0	1.0
10255	0.0	1.0
10256	0.0	1.0
10257	0.0	1.0
10258	0.0	1.0
10259	0.0	1.0
10261	0.0	1.0
10262	0.0	1.0
10263	8.58424442640171e-13	0.9999999999991416
10264	0.0	1.0
10265	0.0	1.0
10266	6.366018823200648e-13	0.9999999999993634
10267	0.0	1.0
10268	0.0	1.0
10269	0.0	1.0
10270	0.0	1.0
10271	1.687538997430238e-14	0.9999999999999831
10272	5.327072116756426e-12	0.9999999999946729
10273	0.0	1.0
10274	0.0	1.0
10275	0.0	1.0
10276	2.886579864025407e-14	0.9999999999999711
10277	0.0	1.0
10278	0.0	1.0
10279	0.0	1.0
10280	0.0	1.0
10281	0.0	1.0
10282	0.0	1.0
10283	0.002108149940216242	0.9978918500597838
10284	0.0	1.0
10285	1.2846612662542611e-11	0.9999999999871534
10286	0.0	1.0
10287	0.0	1.0
10288	5.232481115058363e-12	0.9999999999947675
10289	0.0	1.0
10291	0.0	1.0
10292	0.0	1.0
10293	0.0	1.0
10294	1.0652876421657353e-05	0.9999893471235783
10295	0.00038607919018252	0.9996139208098175
10296	0.0	1.0
10297	0.0	1.0
10298	1.438849039914203e-13	0.9999999999998561
10299	3.8767373349735124e-05	0.9999612326266503
10300	0.0	1.0
10301	0.0	1.0
10302	0.0	1.0
10303	0.0	1.0
10304	0.0	1.0
10305	0.001280249992742899	0.9987197500072571
10306	0.0	1.0
10307	0.0	1.0
10308	0.0	1.0
10309	4.440892098500626e-16	0.9999999999999996
10310	0.0	1.0
10311	0.0	1.0
10312	0.99798237384281	0.0020176261571899887
10313	1.5858891977416079e-10	0.9999999998414111
10314	0.9999999989384392	1.0615608107179439e-09
10315	0.0	1.0
10316	0.0	1.0
10317	0.0	1.0
10318	0.0	1.0
10319	4.803490938343202e-12	0.9999999999951965
10321	0.0	1.0
10322	0.0	1.0
10323	2.1538326677728037e-14	0.9999999999999785
10324	0.0	1.0
10325	0.0	1.0
10326	0.0	1.0
10327	0.0	1.0
10328	0.0	1.0
10329	0.0	1.0
10330	0.0	1.0
10331	0.0	1.0
10332	0.0	1.0
10333	0.0	1.0
10334	1.5543122344752192e-15	0.9999999999999984
10335	0.0	1.0
10336	0.0	1.0
10337	1.5858891977416079e-10	0.9999999998414111
10338	0.0	1.0
10339	0.0	1.0
10340	0.0	1.0
10341	0.0	1.0
10342	0.0	1.0
10343	4.08765199466643e-09	0.999999995912348
10344	0.0	1.0
10345	0.0	1.0
10346	0.0	1.0
10347	0.0	1.0
10348	2.220446049250313e-16	0.9999999999999998
10349	0.0	1.0
10351	0.0	1.0
10352	0.0	1.0
10353	0.0	1.0
10354	0.0	1.0
10355	0.0	1.0
10356	0.0	1.0
10357	0.0	1.0
10358	0.0	1.0
10359	0.0	1.0
10360	0.0	1.0
10361	0.0	1.0
10362	0.0	1.0
10363	0.0	1.0
10364	0.0	1.0
10365	0.0	1.0
10366	0.0	1.0
10367	0.0	1.0
10368	0.0	1.0
10369	3.7015306686427607e-07	0.9999996298469331
10370	0.0	1.0
10371	0.0	1.0
10372	0.0	1.0
10373	0.0	1.0
10374	0.0	1.0
10375	0.0	1.0
10376	0.0	1.0
10377	0.0	1.0
10378	0.0	1.0
10379	0.0	1.0
10381	0.0	1.0
10382	0.0	1.0
10383	1.256449422282202e-08	0.9999999874355058
10384	0.0	1.0
10385	3.481659405224491e-13	0.9999999999996518
10386	3.481659405224491e-13	0.9999999999996518
10387	0.0	1.0
10388	0.0	1.0
10389	0.0	1.0
10390	1.6176076034213338e-08	0.999999983823924
10391	0.0	1.0
10392	0.0	1.0
10393	0.0	1.0
10394	0.0	1.0
10395	0.0	1.0
10396	7.514211475267984e-12	0.9999999999924858
10397	0.0	1.0
10398	3.9720626354711186e-07	0.9999996027937365
10399	0.0	1.0
10400	0.0	1.0
10401	0.0	1.0
10402	5.129169089457264e-09	0.9999999948708309
10403	0.0	1.0
10404	0.0	1.0
10405	0.0	1.0
10406	0.0	1.0
10407	0.0	1.0
10408	0.0	1.0
10409	0.0	1.0
10411	0.0	1.0
10412	0.0	1.0
10413	0.0	1.0
10414	0.0	1.0
10415	0.0	1.0
10416	0.010088175416228862	0.9899118245837711
10417	0.0	1.0
10418	0.0	1.0
10419	0.0	1.0
10420	0.0	1.0
10421	0.0	1.0
10422	0.0	1.0
10423	0.0	1.0
10424	0.0	1.0
10425	0.0	1.0
10426	0.0	1.0
10427	0.0	1.0
10428	0.0	1.0
10429	0.0	1.0
10430	0.0	1.0
10431	0.0	1.0
10432	1.3367085216486885e-13	0.9999999999998663
10433	0.0	1.0
10434	0.0	1.0
10435	0.0	1.0
10436	0.0	1.0
10437	1.6753770070376817e-05	0.9999832462299296
10438	0.0	1.0
10439	1.5750673509895563e-07	0.9999998424932649
10441	0.0	1.0
10442	0.0	1.0
10443	0.0	1.0
10444	8.504308368628699e-14	0.999999999999915
10445	1.5858891977416079e-10	0.9999999998414111
10446	0.0	1.0
10447	0.0	1.0
10448	2.219113781620763e-12	0.9999999999977809
10449	1.3790770154731291e-06	0.9999986209229845
10450	1.2124590220707887e-10	0.9999999998787541
10451	0.0	1.0
10452	2.220446049250313e-16	0.9999999999999998
10453	0.0	1.0
10454	0.017607897063799727	0.9823921029362003
10455	0.0	1.0
10456	0.0	1.0
10457	0.0	1.0
10458	0.0	1.0
10459	0.0	1.0
10460	0.0	1.0
10461	0.0	1.0
10462	1.2066565420854047e-05	0.9999879334345791
10463	1.2066565420854047e-05	0.9999879334345791
10464	0.0	1.0
10465	0.0	1.0
10466	1.092237411626229e-12	0.9999999999989078
10467	0.0	1.0
10468	0.0	1.0
10469	0.0	1.0
10471	0.0	1.0
10472	5.961457105740919e-09	0.9999999940385429
10473	0.0	1.0
10474	0.0	1.0
10475	0.0	1.0
10476	2.6645352591003757e-15	0.9999999999999973
10477	0.0	1.0
10478	0.0	1.0
10479	0.0	1.0
10480	0.0	1.0
10481	0.0	1.0
10482	0.0	1.0
10483	0.0	1.0
10484	0.0	1.0
10485	8.489395852961934e-10	0.9999999991510604
10486	0.0	1.0
10487	0.0	1.0
10488	0.0	1.0
10489	0.0	1.0
10490	0.0	1.0
10491	0.0	1.0
10492	0.0	1.0
10493	5.451195050909519e-13	0.9999999999994549
10494	2.220446049250313e-16	0.9999999999999998
10495	0.0	1.0
10496	0.0	1.0
10497	0.0	1.0
10498	0.0	1.0
10499	7.250200440012122e-12	0.9999999999927498
10501	4.0022207770107343e-10	0.9999999995997779
10502	0.0	1.0
10503	0.0	1.0
10504	0.0	1.0
10505	0.0	1.0
10506	0.0	1.0
10507	6.439293542825908e-15	0.9999999999999936
10508	0.0	1.0
10509	1.5543122344752192e-15	0.9999999999999984
10510	0.0	1.0
10511	0.0	1.0
10512	0.0	1.0
10513	0.0	1.0
10514	0.0	1.0
10515	2.050803971087589e-12	0.9999999999979492
10516	1.5858891977416079e-10	0.9999999998414111
10517	0.0	1.0
10518	1.2852889863523842e-09	0.999999998714711
10519	6.796674334452746e-11	0.9999999999320333
10520	0.0	1.0
10521	0.0	1.0
10522	0.0	1.0
10523	8.881784197001252e-16	0.9999999999999991
10524	0.0	1.0
10525	0.0	1.0
10526	0.0	1.0
10527	0.0	1.0
10528	0.0	1.0
10529	0.0	1.0
10531	0.0	1.0
10532	0.0	1.0
10533	0.0	1.0
10534	0.0	1.0
10535	0.0	1.0
10536	0.0	1.0
10537	2.042810365310288e-14	0.9999999999999796
10538	0.0	1.0
10539	0.0	1.0
10540	1.5858891977416079e-10	0.9999999998414111
10541	2.3788349068354364e-10	0.9999999997621165
10542	0.0	1.0
10543	0.0	1.0
10544	0.0	1.0
10545	0.0	1.0
10546	0.0	1.0
10547	4.543920795185841e-12	0.9999999999954561
10548	0.0	1.0
10549	0.0	1.0
10550	1.5858891977416079e-10	0.9999999998414111
10551	0.0	1.0
10552	5.848654893725325e-13	0.9999999999994151
10553	0.0	1.0
10554	0.09100652379469953	0.9089934762053005
10555	0.0	1.0
10556	1.5858891977416079e-10	0.9999999998414111
10557	6.936509409083413e-07	0.9999993063490591
10558	0.0	1.0
10559	0.0	1.0
10561	0.0	1.0
10562	0.0005961950732595866	0.9994038049267404
10563	0.0005961950732595866	0.9994038049267404
10564	0.0	1.0
10565	0.0	1.0
10566	1.2225597989523607e-07	0.9999998777440201
10567	0.0	1.0
10568	0.0	1.0
10569	0.0	1.0
10570	4.951594689828198e-14	0.9999999999999505
10571	0.0	1.0
10572	0.0	1.0
10573	0.0	1.0
10574	0.0	1.0
10575	1.3322676295501878e-15	0.9999999999999987
10576	0.02852767987322946	0.9714723201267705
10577	0.0	1.0
10578	0.0	1.0
10579	0.0	1.0
10580	0.0	1.0
10581	0.0	1.0
10582	0.0	1.0
10583	0.0	1.0
10584	0.0	1.0
10585	0.0	1.0
10586	0.0	1.0
10587	3.844879969960857e-11	0.9999999999615512
10588	0.0	1.0
10589	0.0	1.0
10591	0.0	1.0
10592	0.0	1.0
10593	0.0	1.0
10594	1.5858891977416079e-10	0.9999999998414111
10595	0.0	1.0
10596	0.0	1.0
10597	0.0	1.0
10598	0.0	1.0
10599	0.0	1.0
10600	8.90443793144513e-08	0.9999999109556207
10601	0.0	1.0
10602	3.6955555060558254e-08	0.9999999630444449
10603	0.0	1.0
10604	0.0	1.0
10605	0.0	1.0
10606	0.0	1.0
10607	1.3022201761359042e-08	0.9999999869777982
10608	9.054621018078635e-06	0.9999909453789819
10609	0.0	1.0
10610	5.926370505449086e-13	0.9999999999994074
10611	5.384515056050532e-10	0.9999999994615485
10612	0.0	1.0
10613	5.943135650277043e-08	0.9999999405686435
10614	0.0	1.0
10615	0.0	1.0
10616	0.0	1.0
10617	0.0	1.0
10618	0.0	1.0
10619	0.0	1.0
10621	3.861333475185802e-11	0.9999999999613867
10622	0.0	1.0
10623	5.15430101599712e-07	0.9999994845698984
10624	0.009109193061134557	0.9908908069388654
10625	0.0	1.0
10626	0.0	1.0
10627	0.0	1.0
10628	0.0	1.0
10629	5.947087267088591e-11	0.9999999999405291
10630	0.0	1.0
10631	0.0	1.0
10632	0.0	1.0
10633	3.5461069636255615e-09	0.999999996453893
10634	0.0	1.0
10635	0.0	1.0
10636	0.0	1.0
10637	0.0	1.0
10638	0.0	1.0
10639	0.20282572027155932	0.7971742797284407
10640	1.1101228825083354e-09	0.9999999988898771
10641	0.0	1.0
10642	0.0	1.0
10643	0.0	1.0
10644	1.5720758028692217e-13	0.9999999999998428
10645	0.0	1.0
10646	0.0	1.0
10647	6.752221004546755e-11	0.9999999999324778
10648	5.582645457025137e-12	0.9999999999944174
10649	0.0	1.0
10651	0.0	1.0
10652	0.0	1.0
10653	0.0	1.0
10654	0.0	1.0
10655	0.0	1.0
10656	7.192868523020479e-11	0.9999999999280713
10657	0.0	1.0
10658	4.002473317443744e-06	0.9999959975266826
10659	0.0	1.0
10660	1.0	1.401193365432609e-25
10661	1.0693823604412955e-10	0.9999999998930618
10662	0.0	1.0
10663	0.0	1.0
10664	0.0	1.0
10665	0.0	1.0
10666	0.0	1.0
10667	1.5858891977416079e-10	0.9999999998414111
10668	0.0	1.0
10669	7.929457090938286e-11	0.9999999999207054
10670	0.08944595319444071	0.9105540468055593
10671	0.0	1.0
10672	0.0	1.0
10673	0.0	1.0
10674	7.275513524973576e-12	0.9999999999927245
10675	0.0	1.0
10676	2.220446049250313e-16	0.9999999999999998
10677	9.103828801926284e-15	0.9999999999999909
10678	2.731148640577885e-14	0.9999999999999727
10679	1.1375345110309354e-12	0.9999999999988625
10681	1.5858891977416079e-10	0.9999999998414111
10682	0.0	1.0
10683	0.0	1.0
10684	0.0	1.0
10685	0.0	1.0
10686	0.0	1.0
10687	2.924162467721203e-09	0.9999999970758375
10688	8.881784197001252e-16	0.9999999999999991
10689	8.881784197001252e-16	0.9999999999999991
10690	0.0	1.0
10691	0.0	1.0
10692	0.0	1.0
10693	0.0	1.0
10694	0.0	1.0
10695	1.411300873344068e-05	0.9999858869912666
10696	0.0	1.0
10697	0.0	1.0
10698	0.0	1.0
10699	0.0	1.0
10700	0.0	1.0
10701	4.2250567489077184e-09	0.9999999957749433
10702	0.0	1.0
10703	0.0	1.0
10704	1.770037449944084e-10	0.9999999998229963
10705	0.0	1.0
10706	0.0	1.0
10707	0.0	1.0
10708	3.8051783946002615e-12	0.9999999999961948
10709	8.881784197001252e-16	0.9999999999999991
10711	2.9685143232427436e-12	0.9999999999970315
10712	0.0	1.0
10713	0.0	1.0
10714	6.927791673660977e-14	0.9999999999999307
10715	1.5543122344752192e-15	0.9999999999999984
10716	0.0	1.0
10717	0.0	1.0
10718	0.0	1.0
10719	0.0	1.0
10720	0.0	1.0
10721	6.6280314570121845e-12	0.999999999993372
10722	2.8863800238809745e-10	0.999999999711362
10723	0.0	1.0
10724	0.0	1.0
10725	0.0	1.0
10726	1.9637001913430652e-08	0.9999999803629981
10727	6.511280403742603e-11	0.9999999999348872
10728	0.0	1.0
10729	2.220446049250313e-16	0.9999999999999998
10730	2.877299407622047e-07	0.9999997122700592
10731	0.0	1.0
10732	0.0	1.0
10733	0.0	1.0
10734	0.0	1.0
10735	0.0	1.0
10736	0.0	1.0
10737	0.0	1.0
10738	0.0	1.0
10739	0.0	1.0
10741	5.3299586966204515e-12	0.99999999999467
10742	0.0	1.0
10743	0.0	1.0
10744	0.0	1.0
10745	0.0	1.0
10746	0.0	1.0
10747	2.2264212695688457e-10	0.9999999997773579
10748	2.4001245435556484e-11	0.9999999999759988
10749	0.0	1.0
10750	0.0	1.0
10751	0.07778144040498447	0.9222185595950155
10752	0.0	1.0
10753	0.0	1.0
10754	2.660094367001875e-13	0.999999999999734
10755	0.0	1.0
10756	0.0	1.0
10757	0.0	1.0
10758	0.0	1.0
10759	1.192157483842493e-12	0.9999999999988078
10760	1.0777045922338857e-10	0.9999999998922295
10761	1.616555778127804e-10	0.9999999998383444
10762	2.0310420012492614e-12	0.999999999997969
10763	0.0	1.0
10764	4.262745051386574e-07	0.9999995737254949
10765	0.5389707305814206	0.4610292694185793
10766	2.440270208126094e-13	0.999999999999756
10767	0.0	1.0
10768	5.995204332975845e-15	0.999999999999994
10769	0.0	1.0
10771	8.8662410746565e-13	0.9999999999991134
10772	0.0	1.0
10773	0.0	1.0
10774	0.0	1.0
10775	0.0	1.0
10776	0.0	1.0
10777	2.6578027825241435e-06	0.9999973421972175
10778	3.6771972133919917e-09	0.9999999963228028
10779	0.0	1.0
10780	0.0	1.0
10781	3.0495450930034806e-06	0.999996950454907
10782	0.0	1.0
10783	2.221708594873917e-09	0.9999999977782914
10784	3.8413716652030416e-14	0.9999999999999616
10785	0.0	1.0
10786	0.0	1.0
10787	0.0	1.0
10788	7.801834323029055e-08	0.9999999219816568
10789	0.0	1.0
10790	0.0	1.0
10791	4.063416270128073e-14	0.9999999999999594
10792	0.0	1.0
10793	0.0	1.0
10794	0.0	1.0
10795	5.595301999505864e-12	0.9999999999944047
10796	0.0	1.0
10797	0.0	1.0
10798	0.0	1.0
10799	0.0	1.0
10801	0.0	1.0
10802	0.0	1.0
10803	0.0	1.0
10804	0.0	1.0
10805	0.0	1.0
10806	1.1510870034925347e-09	0.999999998848913
10807	0.0	1.0
10808	0.0	1.0
10809	0.0	1.0
10810	4.39781544514517e-11	0.9999999999560218
10811	6.623590564913684e-13	0.9999999999993376
10812	0.0	1.0
10813	3.5367829442911614e-06	0.9999964632170557
10814	6.503686478254167e-12	0.9999999999934963
10815	1.5898393712632242e-11	0.9999999999841016
10816	0.0	1.0
10817	0.0	1.0
10818	0.0	1.0
10819	1.0392939842063242e-09	0.999999998960706
10820	0.0	1.0
10821	0.0	1.0
10822	0.0	1.0
10823	5.832374884162661e-06	0.9999941676251158
10824	2.2446385927743506e-06	0.9999977553614072
10825	8.887401243606874e-06	0.9999911125987564
10826	0.00011429771340953909	0.9998857022865905
10827	6.326126728017911e-07	0.9999993673873272
10828	3.5844660573047804e-12	0.9999999999964155
10829	9.484094878553506e-06	0.9999905159051214
10831	0.0	1.0
10832	0.0	1.0
10833	2.8634872251132037e-12	0.9999999999971365
10834	0.0	1.0
10835	0.0	1.0
10836	0.0	1.0
10837	0.0	1.0
10838	0.0	1.0
10839	0.0	1.0
10840	0.00023571971168845351	0.9997642802883115
10841	0.0	1.0
10842	3.3460071269253433e-07	0.9999996653992873
10843	0.0	1.0
10844	4.2025462665407076e-08	0.9999999579745373
10845	1.0517087534189784e-08	0.9999999894829125
10846	0.0	1.0
10847	1.9984014443252818e-15	0.999999999999998
10848	1.4227318823056834e-06	0.9999985772681177
10849	0.0	1.0
10850	0.0	1.0
10851	0.0006864135537023586	0.9993135864462976
10852	0.0	1.0
10853	0.3015246433363501	0.6984753566636499
10854	7.989804278574208e-05	0.9999201019572143
10855	0.011512951420641682	0.9884870485793583
10856	0.011512951420641682	0.9884870485793583
10857	0.0	1.0
10858	0.003132228292924477	0.9968677717070755
10859	0.0	1.0
10861	0.0	1.0
10862	0.0	1.0
10863	0.0	1.0
10864	0.0	1.0
10865	1.3773122642390945e-09	0.9999999986226877
10866	0.0	1.0
10867	0.0	1.0
10868	0.0	1.0
10869	4.3462291654527974e-08	0.9999999565377083
10870	0.0	1.0
10871	0.0	1.0
10872	1.7517909345343696e-09	0.9999999982482091
10873	1.7517909345343696e-09	0.9999999982482091
10874	0.0	1.0
10875	3.319740283780348e-06	0.9999966802597162
10876	0.0	1.0
10877	3.860740027672449e-08	0.9999999613925997
10878	8.740889090308457e-08	0.9999999125911091
10879	6.640829973081352e-05	0.9999335917002692
10880	0.0	1.0
10881	2.220446049250313e-16	0.9999999999999998
10882	0.011512951420641682	0.9884870485793583
10883	0.00041260779327723096	0.9995873922067228
10884	0.0	1.0
10885	0.12660259369909366	0.8733974063009063
10886	0.0	1.0
10887	0.0	1.0
10888	0.0	1.0
10889	9.850932113364408e-07	0.9999990149067887
10891	1.2044809594158323e-11	0.9999999999879552
10892	0.0	1.0
10893	2.454259018236371e-12	0.9999999999975457
10894	0.0	1.0
10895	2.301119639280813e-08	0.9999999769888036
10896	0.0	1.0
10897	0.0031556635115074227	0.9968443364884926
10898	0.0	1.0
10899	0.00362329048125265	0.9963767095187473
10900	0.0	1.0
10901	0.0	1.0
10902	0.10318445491033279	0.8968155450896672
10903	0.03224556420267077	0.9677544357973292
10904	0.0	1.0
10905	1.8312008855936313e-06	0.9999981687991144
10906	0.0	1.0
10907	3.0845335363682835e-07	0.9999996915466464
10908	0.0	1.0
10909	2.2804083839811362e-05	0.9999771959161602
10910	1.1965539670200087e-11	0.9999999999880345
10911	6.727951529228449e-14	0.9999999999999327
10912	6.388543930091473e-06	0.9999936114560699
10913	0.0001963109054141654	0.9998036890945858
10914	0.0	1.0
10915	2.4720225866303736e-12	0.999999999997528
10916	0.0	1.0
10917	2.4610129635282973e-06	0.9999975389870365
10918	0.0	1.0
10919	0.0	1.0
10921	1.509903313490213e-14	0.9999999999999849
10922	2.3008261962331744e-12	0.9999999999976992
10923	0.0	1.0
10924	1.8652390743056912e-10	0.9999999998134761
10925	7.351765862750881e-10	0.9999999992648234
10926	6.52811138479592e-14	0.9999999999999347
10927	4.3529668758424123e-10	0.9999999995647033
10928	0.0	1.0
10929	0.0	1.0
10930	9.714993287612828e-08	0.9999999028500671
10931	0.0	1.0
10932	0.0	1.0
10933	0.0	1.0
10934	0.0	1.0
10935	1.511463620929021e-09	0.9999999984885364
10936	0.0	1.0
10937	0.0	1.0
10938	0.0	1.0
10939	0.0	1.0
10940	0.0	1.0
10941	0.0	1.0
10942	0.0	1.0
10943	0.0	1.0
10944	1.3822297506571601e-07	0.9999998617770249
10945	0.0	1.0
10946	0.0	1.0
10947	0.0	1.0
10948	0.0	1.0
10949	0.0	1.0
10951	0.0	1.0
10952	9.276224233190078e-11	0.9999999999072378
10953	3.774758283725532e-15	0.9999999999999962
10954	4.5563552930616424e-12	0.9999999999954436
10955	0.0	1.0
10956	0.0	1.0
10957	0.0	1.0
10958	0.0	1.0
10959	0.0	1.0
10960	2.82961432063189e-10	0.9999999997170386
10961	0.0	1.0
10962	0.0	1.0
10963	2.220446049250313e-16	0.9999999999999998
10964	0.0	1.0
10965	5.1736392947532295e-14	0.9999999999999483
10966	0.0	1.0
10967	9.997792262850247e-06	0.9999900022077371
10968	7.869127571780155e-10	0.9999999992130872
10969	7.808653723628822e-10	0.9999999992191346
10970	3.4705127660572543e-10	0.9999999996529487
10971	0.0	1.0
10972	8.084422020715465e-12	0.9999999999919156
10973	0.0	1.0
10974	5.9534623453316726e-08	0.9999999404653765
10975	0.0	1.0
10976	0.0	1.0
10977	0.0	1.0
10978	0.0	1.0
10979	0.0	1.0
10981	5.431196381522341e-09	0.9999999945688036
10982	0.0	1.0
10983	0.0	1.0
10984	0.0	1.0
10985	0.0	1.0
10986	0.0	1.0
10987	0.0	1.0
10988	0.0	1.0
10989	1.625808465632872e-08	0.9999999837419153
10990	0.0	1.0
10991	0.0	1.0
10992	0.0	1.0
10993	0.0	1.0
10994	0.0	1.0
10995	0.0	1.0
10996	0.0	1.0
10997	0.0	1.0
10998	0.0	1.0
10999	0.0	1.0
11000	0.0	1.0
11001	0.0	1.0
11002	0.0	1.0
11003	0.0	1.0
11004	0.0	1.0
11005	0.0	1.0
11006	0.0	1.0
11007	0.0	1.0
11008	2.220446049250313e-16	0.9999999999999998
11009	0.0	1.0
11011	0.0	1.0
11012	0.0	1.0
11013	1.1465348559447364e-08	0.9999999885346514
11014	4.3529668758424123e-10	0.9999999995647033
11015	0.0	1.0
11016	0.0	1.0
11017	0.0	1.0
11018	0.0	1.0
11019	0.0	1.0
11020	0.0	1.0
11021	0.0	1.0
11022	0.0	1.0
11023	0.0	1.0
11024	3.446288236697015e-05	0.999965537117633
11025	0.0	1.0
11026	8.923306538122233e-11	0.9999999999107669
11027	0.0	1.0
11028	3.019806626980426e-14	0.9999999999999698
11029	1.0	1.0847241979244955e-19
11030	0.9999994720303804	5.279696196273626e-07
11031	1.0	0.0
11032	1.0	0.0
11033	1.0	0.0
11034	1.0	0.0
11035	1.0	0.0
11036	1.0	0.0
11037	1.0	0.0
11038	1.0	7.468695684542117e-19
11039	1.0	0.0
11041	1.0	0.0
11042	1.0	0.0
11043	1.0	0.0
11044	1.0	0.0
11045	1.0	0.0
11046	1.0	2.134203608554404e-18
11047	1.0	0.0
11048	1.0	0.0
11049	1.0	0.0
11050	1.0	6.577082523478031e-39
11051	1.0	0.0
11052	1.0	4.3705767266545e-27
11053	1.0	3.779862144158839e-31
11054	1.0	0.0
11055	1.0	0.0
11056	1.0	0.0
11057	1.0	9.747820763263362e-37
11058	0.9999999999999989	1.1092534189680185e-15
11059	1.0	0.0
11060	0.9999999999999818	1.8197117474416012e-14
11061	1.0	0.0
11062	0.9999999999999989	1.129599106726791e-15
11063	1.0	1.2476763006492862e-28
11064	1.0	0.0
11065	1.0	0.0
11066	0.9999999987259275	1.2740725233389662e-09
11067	0.999999999999909	9.104025280644454e-14
11068	1.0	0.0
11069	1.0	0.0
11071	1.0	1.797371646604644e-17
11072	0.9474991927519207	0.05250080724807922
11073	0.9999988007970401	1.1992029599266281e-06
11074	1.0	0.0
11075	1.0	0.0
11076	1.0	0.0
11077	0.9999999999997299	2.70071433949383e-13
11078	0.9999999999688157	3.118431641640783e-11
11079	1.0	9.685052408716728e-39
11080	0.9999999999999998	2.7677397599647636e-16
11081	1.0	0.0
11082	0.9999999999999999	9.269511404564001e-17
11083	1.0	5.8032117790588995e-21
11084	0.9999999847228199	1.5277180060739412e-08
11085	1.0	0.0
11086	1.0	0.0
11087	1.0	2.8616124617898464e-38
11088	0.999999999948321	5.167894952907088e-11
11089	1.0	0.0
11090	1.0	0.0
11091	1.0	0.0
11092	1.0	0.0
11093	1.0	0.0
11094	1.0	0.0
11095	1.0	0.0
11096	1.0	0.0
11097	1.0	0.0
11098	1.0	0.0
11099	1.0	0.0
11101	1.0	0.0
11102	1.0	0.0
11103	0.9999999999393027	6.0697284549526e-11
11104	1.0	0.0
11105	0.9999401441391849	5.985586081518608e-05
11106	0.9999649697760846	3.5030223915384086e-05
11107	0.9999999985048748	1.4951252570003018e-09
11108	1.0	2.930378675120618e-24
11109	1.0	0.0
11110	0.18279271009441111	0.8172072899055889
11111	1.0	0.0
11112	1.0	0.0
11113	1.0	1.0055173676338191e-31
11114	1.0	8.767262369646027e-37
11115	1.0	0.0
11116	0.999999028105516	9.718944839815671e-07
11117	1.0	4.0703804611032425e-37
11118	0.9999981487913476	1.8512086523928645e-06
11119	1.0	4.232813631348954e-25
11120	0.9999996295788748	3.7042112524398684e-07
11121	1.0	0.0
11122	1.0	0.0
11123	0.9999999999999979	2.0935623128532764e-15
11124	0.9980625537177374	0.0019374462822625037
11125	1.0	0.0
11126	1.0	2.1876327372500292e-37
11127	1.0	0.0
11128	0.9999999999989162	1.0838065875700287e-12
11129	1.0	0.0
11131	1.0	0.0
11132	1.0	0.0
11133	0.9999999999999998	1.725052668743742e-16
11134	1.0	0.0
11135	1.0	0.0
11136	1.0	1.433761380618842e-22
11137	1.0	0.0
11138	1.0	0.0
11139	1.0	0.0
11140	1.0	0.0
11141	0.9999996156897075	3.843102924945801e-07
11142	1.0	0.0
11143	1.0	0.0
11144	1.0	0.0
11145	1.0	4.60190716438137e-20
11146	1.0	0.0
11147	1.0	0.0
11148	1.0	0.0
11149	1.0	1.5936619783315182e-38
11150	1.0	0.0
11151	1.0	0.0
11152	1.0	4.577378178652488e-21
11153	1.0	1.37825253096799e-26
11154	1.0	3.1311758018596833e-26
11155	1.0	0.0
11156	1.0	0.0
11157	1.0	0.0
11158	1.0	9.60829317151381e-18
11159	1.0	0.0
11161	1.0	2.458221980665255e-30
11162	1.0	3.982839352718979e-40
11163	0.9999999834250887	1.6574911316666417e-08
11164	1.0	8.047357982510971e-30
11165	1.0	0.0
11166	0.9999999999997602	2.398186606402739e-13
11167	1.0	1.2380696510060355e-19
11168	0.9999999999999867	1.3312255176623038e-14
11169	1.0	0.0
11170	1.0	0.0
11171	1.0	0.0
11172	1.0	8.636012459064154e-26
11173	0.9999999999999992	7.729935736644065e-16
11174	1.0	1.88181420658509e-17
11175	1.0	0.0
11176	1.0	0.0
11177	1.0	0.0
11178	1.0	1.0535324910895457e-39
11179	0.9999999999999971	2.9371141026909944e-15
11180	1.0	0.0
11181	1.0	0.0
11182	1.0	0.0
11183	0.9999999999999994	5.600650093889677e-16
11184	1.0	0.0
11185	1.0	1.8519777896962726e-20
11186	1.0	0.0
11187	1.0	0.0
11188	1.0	5.318629578746313e-30
11189	1.0	1.130205528533032e-30
11191	1.0	0.0
11192	1.0	0.0
11193	1.0	0.0
11194	1.0	0.0
11195	1.0	0.0
11196	1.0	0.0
11197	1.0	0.0
11198	1.0	0.0
11199	1.0	0.0
11200	1.0	0.0
11201	0.9999736897729744	2.631022702563366e-05
11202	1.0	6.427929356315019e-18
11203	1.0	1.1079774458436723e-40
11204	1.0	2.364549972038529e-18
11205	1.0	0.0
11206	1.0	0.0
11207	1.0	0.0
11208	1.0	0.0
11209	1.0	3.420726032985588e-35
11210	1.0	0.0
11211	1.0	0.0
11212	1.0	1.4988457088720963e-36
11213	1.0	6.941970091778693e-40
11214	1.0	0.0
11215	1.0	0.0
11216	1.0	0.0
11217	1.0	6.003851754611518e-27
11218	1.0	0.0
11219	1.0	0.0
11221	1.0	8.124814653675587e-29
11222	1.0	0.0
11223	1.0	1.8343661169746847e-23
11224	1.0	0.0
11225	0.9999999999999998	2.745688888088526e-16
11226	1.0	0.0
11227	1.0	0.0
11228	1.0	0.0
11229	1.0	2.713208618492453e-25
11230	1.0	0.0
11231	0.999985356438559	1.4643561440947517e-05
11232	1.0	1.2071852436392164e-17
11233	0.9999999997752088	2.2479116216136215e-10
11234	1.0	0.0
11235	1.0	0.0
11236	1.0	4.9707565412749925e-27
11237	1.0	2.802037737960712e-20
11238	1.0	0.0
11239	1.0	0.0
11240	1.0	0.0
11241	1.0	0.0
11242	0.999999713525449	2.86474551002422e-07
11243	1.0	0.0
11244	0.9999999999742397	2.576026026470931e-11
11245	1.0	2.0411765672530666e-42
11246	1.0	0.0
11247	1.0	1.24502250359442e-43
11248	1.0	0.0
11249	1.0	0.0
11251	1.0	1.659158584684599e-32
11252	0.9999999989780672	1.0219327975917797e-09
11253	1.0	0.0
11254	1.0	0.0
11255	1.0	0.0
11256	1.0	0.0
11257	1.0	0.0
11258	1.0	4.444595529536822e-27
11259	0.9999999999999987	1.3330318323816923e-15
11260	1.0	0.0
11261	1.0	7.237009519817214e-39
11262	1.0	0.0
11263	1.0	0.0
11264	0.999999978872811	2.1127189029514498e-08
11265	1.0	2.4945101640746614e-34
11266	1.0	0.0
11267	0.9999999545712056	4.54287944412746e-08
11268	1.0	2.0290325188137923e-17
11269	1.0	2.702302720746825e-19
11270	1.0	0.0
11271	1.0	0.0
11272	0.9999999999984983	1.5017084645787234e-12
11273	1.0	0.0
11274	1.0	0.0
11275	0.9999999999902996	9.700353689307663e-12
11276	1.0	0.0
11277	1.0	0.0
11278	1.0	9.93150247332899e-32
11279	1.0	0.0
11281	1.0	0.0
11282	0.9999999999746956	2.5304424156092187e-11
11283	0.9999974794773879	2.520522612108764e-06
11284	1.0	0.0
11285	1.0	0.0
11286	1.0	0.0
11287	1.0	0.0
11288	1.0	0.0
11289	0.9999999988624618	1.1375382218845578e-09
11290	1.0	0.0
11291	1.0	3.0035993589513293e-38
11292	0.9991649240848867	0.0008350759151133145
11293	0.9998946107351678	0.00010538926483212776
11294	1.0	1.7068681368977495e-19
11295	1.0	0.0
11296	1.0	0.0
11297	0.9999999996265097	3.7349032372554326e-10
11298	1.0	0.0
11299	1.0	0.0
11300	0.9999999999999097	9.022731903501436e-14
11301	1.0	0.0
11302	1.0	0.0
11303	1.0	0.0
11304	1.0	2.952967459675345e-35
11305	1.0	0.0
11306	1.0	0.0
11307	1.0	0.0
11308	1.0	0.0
11309	1.0	8.238596494714121e-28
11311	1.0	0.0
11312	1.0	0.0
11313	1.0	0.0
11314	1.0	0.0
11315	1.0	0.0
11316	1.0	0.0
11317	1.0	9.72040766785375e-43
11318	1.0	0.0
11319	1.0	0.0
11320	1.0	0.0
11321	1.0	0.0
11322	0.9268028995486345	0.07319710045136552
11323	1.0	0.0
11324	1.0	0.0
11325	0.9998900858063949	0.00010991419360503176
11326	0.9999999971408228	2.859177196870678e-09
11327	0.9996458330873486	0.00035416691265144416
11328	1.0	1.7922290471471287e-37
11329	1.0	1.5806345309693977e-36
11330	1.0	0.0
11331	1.0	0.0
11332	1.0	0.0
11333	1.0	0.0
11334	1.0	6.405998488012739e-29
11335	0.9999996684829685	3.315170315266352e-07
11336	1.0	3.203955848570543e-37
11337	1.0	0.0
11338	1.0	3.8620565759974183e-17
11339	1.0	0.0
11341	1.0	1.2549388790003687e-17
11342	1.0	0.0
11343	1.0	0.0
11344	1.0	0.0
11345	1.0	0.0
11346	1.0	0.0
11347	1.0	2.1302703197196213e-42
11348	1.0	0.0
11349	1.0	3.949447353777469e-39
11350	0.9868893943589059	0.013110605641094092
11351	1.0	1.246943301821436e-24
11352	1.0	0.0
11353	1.0	1.2113316994693628e-32
11354	1.0	1.0598345657977939e-43
11355	1.0	0.0
11356	0.9999999999447574	5.524257490565053e-11
11357	1.0	0.0
11358	1.0	0.0
11359	1.0	0.0
11360	1.0	0.0
11361	1.0	2.4297808720472866e-24
11362	1.0	1.26838012875959e-34
11363	1.0	0.0
11364	1.0	0.0
11365	1.0	0.0
11366	1.0	0.0
11367	1.0	7.876441087623406e-23
11368	1.0	0.0
11369	1.0	0.0
11371	1.0	0.0
11372	1.0	0.0
11373	1.0	0.0
11374	1.0	0.0
11375	0.9999999999989421	1.0579714673992892e-12
11376	1.0	0.0
11377	0.9999999999999992	8.268385014972901e-16
11378	1.0	1.1891662323224776e-43
11379	0.9994076719701938	0.0005923280298061911
11380	1.0	1.045995288750366e-37
11381	1.0	1.567063678265111e-38
11382	1.0	9.837023320571361e-39
11383	1.0	4.179406095097267e-39
11384	1.0	0.0
11385	1.0	0.0
11386	1.0	0.0
11387	1.0	0.0
11388	1.0	0.0
11389	1.0	1.8441324748497258e-22
11390	1.0	2.051742950848345e-37
11391	1.0	0.0
11392	1.0	0.0
11393	1.0	0.0
11394	1.0	0.0
11395	1.0	0.0
11396	1.0	2.051742950848345e-37
11397	1.0	2.1285489126347195e-31
11398	1.0	0.0
11399	0.9999999999999998	1.6970103709122255e-16
11401	0.9999999999999967	3.283669271610764e-15
11402	1.0	1.533875941630134e-18
11403	1.0	0.0
11404	1.0	0.0
11405	1.0	0.0
11406	1.0	3.104411397198913e-19
11407	1.0	0.0
11408	1.0	0.0
11409	1.0	3.712079506095862e-40
11410	1.0	0.0
11411	1.0	0.0
11412	1.0	0.0
11413	1.0	0.0
11414	1.0	0.0
11415	0.9999832950987199	1.670490128015666e-05
11416	0.9999999903009045	9.699095495212512e-09
11417	1.0	1.8391504050785502e-18
11418	1.0	2.3621653203133524e-27
11419	0.9999991399091134	8.600908866214195e-07
11420	1.0	0.0
11421	0.9999999999999909	9.108040825719072e-15
11422	1.0	1.141130135873193e-42
11423	1.0	0.0
11424	1.0	0.0
11425	1.0	0.0
11426	1.0	0.0
11427	1.0	7.858871521738906e-20
11428	1.0	2.0346452430672344e-18
11429	1.0	0.0
11431	1.0	0.0
11432	1.0	0.0
11433	1.0	0.0
11434	1.0	0.0
11435	0.9991287222845936	0.0008712777154063993
11436	0.9999999999999379	6.204711220384438e-14
11437	1.0	0.0
11438	1.0	0.0
11439	1.0	4.7436331964464875e-18
11440	0.9999999999997589	2.4111180370613997e-13
11441	0.9999999999998966	1.0334695935923853e-13
11442	1.0	1.1961192234411356e-18
11443	1.0	0.0
11444	0.9999919757689475	8.02423105252084e-06
11445	1.0	4.692636942303734e-35
11446	1.0	0.0
11447	1.0	2.1881437119911176e-39
11448	1.0	0.0
11449	1.0	0.0
11450	1.0	1.174740820854218e-32
11451	0.9999999999945329	5.467077231884013e-12
11452	1.0	0.0
11453	1.0	1.1676521262000954e-26
11454	1.0	0.0
11455	1.0	0.0
11456	1.0	0.0
11457	1.0	0.0
11458	1.0	0.0
11459	0.9999999999999928	7.262139209666116e-15
11461	1.0	0.0
11462	0.9999999967328324	3.2671676017961897e-09
11463	1.0	8.947790639161639e-33
11464	1.0	1.3271477126619395e-20
11465	1.0	0.0
11466	1.0	0.0
11467	0.34598101616495525	0.6540189838350448
11468	1.0	0.0
11469	0.9985219271748224	0.0014780728251775942
11470	1.0	1.2852323293474447e-23
11471	1.0	0.0
11472	1.0	0.0
11473	0.9999999999869992	1.3000802551619841e-11
11474	0.9999972991520921	2.70084790793024e-06
11475	1.0	3.0673264905578425e-32
11476	1.0	2.1523585968112016e-36
11477	1.0	0.0
11478	1.0	6.622152956200235e-32
11479	0.9999999999994065	5.935741643656055e-13
11480	1.0	0.0
11481	0.9999999999999998	2.6282355778358435e-16
11482	1.0	3.592179916074415e-22
11483	1.0	6.693899800807938e-22
11484	1.0	0.0
11485	1.0	3.3542651914612794e-23
11486	1.0	0.0
11487	1.0	0.0
11488	1.0	0.0
11489	0.9999999999999983	1.6515187980825352e-15
11491	0.9999999999999999	7.638753488207341e-17
11492	1.0	0.0
11493	1.0	8.99623675965364e-19
11494	1.0	0.0
11495	1.0	0.0
11496	1.0	1.968065968799633e-17
11497	1.0	1.3713312035962128e-19
11498	1.0	0.0
11499	1.0	0.0
11500	1.0	0.0
11501	1.0	0.0
11502	1.0	0.0
11503	1.0	0.0
11504	1.0	5.924439755892172e-26
11505	1.0	1.5920522225566296e-39
11506	1.0	0.0
11507	1.0	0.0
11508	1.0	0.0
11509	1.0	0.0
11510	1.0	0.0
11511	1.0	0.0
11512	1.0	0.0
11513	1.0	2.716747335080671e-27
11514	0.9999999995348214	4.6517860111001994e-10
11515	1.0	0.0
11516	0.9999999998494652	1.505347855253122e-10
11517	1.0	0.0
11518	1.0	0.0
11519	0.9999999999978011	2.1989010927016082e-12
11521	1.0	0.0
11522	1.0	2.0415914269660812e-25
11523	1.0	0.0
11524	0.9999999999999999	1.573415932134978e-16
11525	1.0	0.0
11526	1.0	5.794495008358465e-37
11527	1.0	0.0
11528	1.0	3.594257600702985e-17
11529	1.0	9.089743505375022e-40
11530	1.0	7.416653920274532e-35
11531	1.0	0.0
11532	1.0	0.0
11533	1.0	4.260369497781778e-20
11534	0.9999931269194362	6.873080563776546e-06
11535	1.0	0.0
11536	1.0	0.0
11537	1.0	0.0
11538	1.0	4.639009649005638e-30
11539	0.999999887014204	1.1298579601082237e-07
11540	0.9999999999927071	7.292929647221395e-12
11541	0.9999999998649587	1.3504132593727402e-10
11542	1.0	0.0
11543	1.0	0.0
11544	1.0	1.0908659676397436e-21
11545	1.0	8.505016137582145e-18
11546	0.9999999995688381	4.3116189081249493e-10
11547	1.0	0.0
11548	1.0	0.0
11549	1.0	9.207595869819687e-30
11551	1.0	0.0
11552	0.9999999999790019	2.0998144144347973e-11
11553	1.0	0.0
11554	0.9999999999999968	3.2365903206837984e-15
11555	1.0	0.0
11556	0.9999999999999997	3.4717783897693423e-16
11557	1.0	0.0
11558	0.9999999999940327	5.967384602575466e-12
11559	1.0	6.954410383564714e-40
11560	0.9999999999999998	2.0982152897760473e-16
11561	1.0	4.74274224073275e-21
11562	1.0	0.0
11563	1.0	0.0
11564	1.0	0.0
11565	1.0	0.0
11566	1.0	0.0
11567	1.0	2.638267883308627e-40
11568	1.0	0.0
11569	1.0	0.0
11570	1.0	0.0
11571	1.0	2.1030132108076354e-17
11572	1.0	5.845070245858804e-28
11573	1.0	0.0
11574	1.0	0.0
11575	1.0	0.0
11576	1.0	4.690362665430936e-27
11577	1.0	2.4835386964418236e-28
11578	1.0	0.0
11579	0.9999999997220173	2.779827151046264e-10
11581	1.0	1.4211595041158936e-27
11582	1.0	9.07105404468502e-41
11583	1.0	3.390824596169757e-42
11584	1.0	1.6031582142765637e-41
11585	1.0	5.992719564608565e-43
11586	1.0	1.5982777683954135e-34
11587	1.0	1.5116101133368242e-18
11588	0.9999999999999999	1.414389216647818e-16
11589	1.0	0.0
11590	1.0	0.0
11591	1.0	0.0
11592	1.0	0.0
11593	0.999962986827588	3.70131724120217e-05
11594	0.9999999999213953	7.860465244174225e-11
11595	1.0	0.0
11596	1.0	0.0
11597	1.0	0.0
11598	1.0	2.6322181137608725e-33
11599	1.0	0.0
11600	1.0	0.0
11601	1.0	0.0
11602	1.0	0.0
11603	0.9999159862739169	8.401372608311792e-05
11604	1.0	9.94364279335258e-28
11605	1.0	1.5243778276415445e-35
11606	1.0	1.5622778514525808e-25
11607	1.0	0.0
11608	1.0	0.0
11609	0.9999999999991844	8.156102987915481e-13
11611	1.0	0.0
11612	1.0	0.0
11613	1.0	1.3409009568364697e-24
11614	0.9999999999987652	1.2347592686792905e-12
11615	1.0	0.0
11616	1.0	5.361181504170117e-19
11617	1.0	0.0
11618	1.0	0.0
11619	1.0	0.0
11620	1.0	0.0
11621	1.0	6.612264898090234e-28
11622	0.999999999968219	3.1781023121077e-11
11623	1.0	2.4868870459272074e-41
11624	0.9999999999995278	4.721868254132974e-13
11625	1.0	1.3989843492178824e-30
11626	0.9999999854077541	1.4592245902806455e-08
11627	1.0	0.0
11628	0.9999999999999999	1.1221371483406276e-16
11629	1.0	0.0
11630	1.0	0.0
11631	1.0	1.496385078762041e-22
11632	1.0	0.0
11633	1.0	0.0
11634	1.0	0.0
11635	0.9996117907055607	0.00038820929443932046
11636	1.0	5.143013850868132e-32
11637	0.9992465322506133	0.0007534677493867002
11638	1.0	0.0
11639	1.0	0.0
11641	1.0	0.0
11642	0.9999999999971991	2.8008268665189653e-12
11643	1.0	0.0
11644	1.0	0.0
11645	1.0	0.0
11646	1.0	0.0
11647	1.0	0.0
11648	1.0	0.0
11649	1.0	0.0
11650	1.0	0.0
11651	1.0	0.0
11652	1.0	0.0
11653	1.0	0.0
11654	1.0	2.9995118931052925e-17
11655	1.0	4.1108879810475883e-19
11656	1.0	0.0
11657	1.0	5.754193637687204e-20
11658	1.0	0.0
11659	1.0	0.0
11660	1.0	0.0
11661	1.0	3.142990792496038e-20
11662	1.0	0.0
11663	1.0	0.0
11664	1.0	0.0
11665	1.0	0.0
11666	0.9999999999264646	7.35353661487226e-11
11667	1.0	0.0
11668	1.0	1.3020066505817227e-37
11669	1.0	1.0677852103240669e-21
11671	1.0	0.0
11672	1.0	0.0
11673	1.0	0.0
11674	0.9999999999999988	1.206749170373707e-15
11675	1.0	0.0
11676	1.0	0.0
11677	1.0	5.7848144255490085e-27
11678	1.0	1.1830492631541828e-35
11679	1.0	0.0
11680	1.0	0.0
11681	1.0	0.0
11682	1.0	1.6360056550492207e-23
11683	0.9999999914091136	8.590886407590655e-09
11684	1.0	0.0
11685	1.0	0.0
11686	1.0	5.310401502635325e-38
11687	1.0	0.0
11688	0.9999999834245653	1.657543474666983e-08
11689	1.0	2.018662671690425e-30
11690	1.0	0.0
11691	1.0	0.0
11692	1.0	3.984675409263618e-22
11693	1.0	2.401093445219471e-22
11694	0.9999999996706171	3.293828118274441e-10
11695	1.0	0.0
11696	1.0	0.0
11697	1.0	2.2326172527516334e-29
11698	1.0	0.0
11699	1.0	8.209784220914957e-18
11701	0.9999999999999853	1.4681591612396698e-14
11702	1.0	0.0
11703	0.999999985641517	1.4358482909376101e-08
11704	0.9999999999999983	1.7108151133371e-15
11705	1.0	0.0
11706	1.0	0.0
11707	1.0	0.0
11708	1.0	0.0
11709	1.0	8.512914322998825e-44
11710	1.0	3.013996302354978e-41
11711	1.0	1.1322915987627443e-35
11712	1.0	2.718239420259458e-21
11713	1.0	0.0
11714	1.0	0.0
11715	1.0	5.935131618885982e-42
11716	0.9999999999977018	2.2981661876830605e-12
11717	1.0	0.0
11718	0.999999999999866	1.339587331045573e-13
11719	1.0	0.0
11720	1.0	0.0
11721	1.0	0.0
11722	0.9999999975049951	2.495004917892422e-09
11723	1.0	0.0
11724	1.0	0.0
11725	1.0	0.0
11726	1.0	3.1614502227368187e-19
11727	1.0	0.0
11728	1.0	0.0
11729	1.0	0.0
11731	1.0	0.0
11732	0.9999999999997692	2.308033637828005e-13
11733	0.9988112882380429	0.0011887117619570954
11734	1.0	2.1215077909178033e-18
11735	1.0	2.5251739137822763e-36
11736	1.0	9.806370973194325e-32
11737	1.0	0.0
11738	1.0	0.0
11739	0.9999999665173337	3.348266629678187e-08
11740	0.9999999999999959	4.109407124433448e-15
11741	1.0	0.0
11742	1.0	0.0
11743	0.9999987696022833	1.2303977167612961e-06
11744	1.0	0.0
11745	1.0	0.0
11746	1.0	5.04251936281942e-17
11747	1.0	2.618284746703215e-30
11748	1.0	0.0
11749	1.0	0.0
11750	1.0	3.7007691228531334e-29
11751	1.0	0.0
11752	1.0	0.0
11753	1.0	5.330314114089543e-27
11754	1.0	0.0
11755	1.0	4.725918124029938e-39
11756	0.9999999999487911	5.120891085036217e-11
11757	1.0	0.0
11758	1.0	2.352501402898197e-24
11759	1.0	2.48378957881862e-41
11761	0.9999999999999379	6.204711220384438e-14
11762	1.0	0.0
11763	1.0	0.0
11764	1.0	0.0
11765	1.0	1.2618295884356861e-39
11766	1.0	0.0
11767	1.0	0.0
11768	1.0	0.0
11769	0.9999999999999721	2.7840668639973703e-14
11770	1.0	0.0
11771	1.0	0.0
11772	0.9999999999999991	8.780653269013463e-16
11773	1.0	6.182865184192635e-20
11774	0.9999999999993526	6.473612129713584e-13
11775	0.9999999988861915	1.1138084728178664e-09
11776	0.9999557656036174	4.423439638254535e-05
11777	1.0	0.0
11778	1.0	0.0
11779	1.0	0.0
11780	0.875915887241119	0.12408411275888093
11781	1.0	0.0
11782	1.0	0.0
11783	1.0	0.0
11784	0.9745524031017869	0.025447596898213076
11785	1.0	0.0
11786	1.0	0.0
11787	1.0	0.0
11788	1.0	0.0
11789	0.9999999996410779	3.589221261618862e-10
11791	1.0	0.0
11792	1.0	0.0
11793	1.0	0.0
11794	1.0	0.0
11795	1.0	2.5032432608393555e-36
11796	1.0	5.9024738631931256e-33
11797	1.0	0.0
11798	1.0	0.0
11799	1.0	0.0
11800	1.0	8.000465913125573e-22
11801	1.0	0.0
11802	1.0	0.0
11803	1.0	7.144036327620222e-42
11804	1.0	0.0
11805	1.0	0.0
11806	1.0	3.210926667244364e-18
11807	1.0	2.721460271401074e-35
11808	1.0	0.0
11809	1.0	0.0
11810	0.9999604181781543	3.958182184574443e-05
11811	0.9795724168576537	0.020427583142346283
11812	1.0	0.0
11813	0.9999999997989352	2.0106482088756425e-10
11814	1.0	1.8191657472786098e-39
11815	1.0	0.0
11816	1.0	0.0
11817	1.0	0.0
11818	1.0	0.0
11819	1.0	0.0
11821	1.0	9.540412466475806e-33
11822	1.0	0.0
11823	1.0	0.0
11824	1.0	0.0
11825	1.0	0.0
11826	1.0	0.0
11827	1.0	7.832672375024086e-19
11828	1.0	0.0
11829	1.0	0.0
11830	1.0	0.0
11831	0.9999999999999999	7.626809650302558e-17
11832	1.0	4.397884526414922e-23
11833	1.0	2.9629015295184777e-19
11834	1.0	0.0
11835	1.0	2.4582116936080015e-28
11836	1.0	0.0
11837	1.0	1.1951315251996066e-23
11838	1.0	4.4077084549854985e-29
11839	1.0	0.0
11840	1.0	0.0
11841	1.0	0.0
11842	0.9999999705624805	2.9437519587483034e-08
11843	0.999999999933395	6.660508944188113e-11
11844	0.999879458154211	0.00012054184578897675
11845	1.0	0.0
11846	1.0	1.7654379268354933e-24
11847	0.9999997495520087	2.5044799138242144e-07
11848	1.0	0.0
11849	1.0	0.0
11851	0.9999999999999091	9.090948253344387e-14
11852	1.0	5.538672998684181e-32
11853	1.0	0.0
11854	1.0	2.1831554650635474e-21
11855	1.0	0.0
11856	1.0	0.0
11857	1.0	1.2875368469076295e-18
11858	1.0	0.0
11859	1.0	1.6771796911682777e-20
11860	0.9999999999999939	6.1289833182683594e-15
11861	1.0	0.0
11862	1.0	0.0
11863	1.0	1.250833942862487e-23
11864	1.0	0.0
11865	1.0	2.757493954933575e-21
11866	1.0	1.6366947283773983e-38
11867	1.0	0.0
11868	1.0	0.0
11869	0.9999999999950743	4.925746437132105e-12
11870	0.9999999989468257	1.0531742738393152e-09
11871	0.999860932847637	0.00013906715236300903
11872	1.0	0.0
11873	0.9999966818313721	3.318168627855655e-06
11874	1.0	0.0
11875	1.0	0.0
11876	1.0	1.0616238092661195e-27
11877	1.0	3.0807657292195293e-27
11878	1.0	0.0
11879	0.9999876094265748	1.239057342514962e-05
11881	1.0	0.0
11882	1.0	0.0
11883	1.0	0.0
11884	1.0	6.329756859268023e-25
11885	1.0	0.0
11886	1.0	0.0
11887	1.0	2.2638391423995526e-26
11888	1.0	0.0
11889	0.9999999999699578	3.0042227196801067e-11
11890	1.0	0.0
11891	1.0	4.446064974562106e-43
11892	1.0	2.8455094824632675e-43
11893	1.0	0.0
11894	1.0	5.389839367118672e-43
11895	1.0	0.0
11896	1.0	0.0
11897	1.0	0.0
11898	1.0	0.0
11899	1.0	0.0
11900	0.9999042310298947	9.576897010531502e-05
11901	1.0	0.0
11902	1.0	0.0
11903	0.9999999990027539	9.97246037875222e-10
11904	1.0	0.0
11905	1.0	4.6862611827320444e-18
11906	0.9690825560744869	0.03091744392551305
11907	1.0	2.909394147573572e-31
11908	1.0	1.3683035010974094e-29
11909	1.0	1.443726717459325e-35
11911	1.0	0.0
11912	1.0	4.4190590609700685e-34
11913	1.0	0.0
11914	1.0	0.0
11915	1.0	4.260668803884885e-28
11916	1.0	4.710354642471687e-37
11917	1.0	1.5548421039027628e-30
11918	1.0	0.0
11919	1.0	0.0
11920	0.9995302190631018	0.0004697809368982079
11921	1.0	4.327836656963753e-18
11922	0.9999999999999982	1.8101792991622217e-15
11923	0.9999999999999966	3.4506717922335896e-15
11924	1.0	0.0
11925	1.0	5.604171393620241e-19
11926	1.0	0.0
11927	1.0	0.0
11928	1.0	0.0
11929	1.0	0.0
11930	1.0	0.0
11931	1.0	0.0
11932	1.0	1.4683838115433184e-24
11933	0.9999999995658905	4.3410950340857433e-10
11934	1.0	5.919035899360948e-22
11935	1.0	0.0
11936	1.0	0.0
11937	0.9999999993400651	6.599349213835056e-10
11938	0.999999999999949	5.100230961396834e-14
11939	1.0	0.0
11941	1.0	0.0
11942	1.0	7.472118817840721e-42
11943	1.0	0.0
11944	1.0	0.0
11945	1.0	7.721458851606861e-20
11946	0.9999999999998381	1.6192525214816e-13
11947	0.9999999999594923	4.050774696596454e-11
11948	1.0	5.237130190951716e-22
11949	1.0	1.1376268258939645e-32
11950	1.0	0.0
11951	6.655436219360489e-06	0.9999933445637806
11952	1.0	0.0
11953	1.0	1.0969278273921527e-21
11954	1.0	0.0
11955	0.9999268765678463	7.312343215365697e-05
11956	1.0	0.0
11957	0.999999999999846	1.5400224248141645e-13
11958	1.0	0.0
11959	1.0	0.0
11960	1.0	0.0
11961	1.0	0.0
11962	1.0	1.3654592920628295e-17
11963	1.0	0.0
11964	1.0	0.0
11965	1.0	0.0
11966	1.0	1.2962404676025898e-41
11967	1.0	0.0
11968	1.0	0.0
11969	1.0	1.7515411450579989e-43
11971	0.9999999998837479	1.162520749491573e-10
11972	1.0	0.0
11973	1.0	2.3617347373702036e-34
11974	1.0	0.0
11975	1.0	0.0
11976	1.0	0.0
11977	1.0	0.0
11978	1.0	1.3673688192551469e-40
11979	1.0	0.0
11980	0.9999999999276056	7.239439047920814e-11
11981	1.0	2.543831306675753e-23
11982	1.0	0.0
11983	1.0	0.0
11984	1.0	0.0
11985	1.0	0.0
11986	0.9999999999719651	2.8034887081561652e-11
11987	1.0	0.0
11988	1.0	0.0
11989	0.999999999342673	6.573269446952408e-10
11990	0.9999919575618408	8.04243815917139e-06
11991	1.0	2.199093564791671e-43
11992	1.0	0.0
11993	1.0	6.943928667467189e-25
11994	1.0	0.0
11995	1.0	5.098094740018246e-27
11996	1.0	0.0
11997	1.0	8.777573678860714e-36
11998	1.0	0.0
11999	1.0	0.0
12001	0.9999999999996684	3.316072202232257e-13
12002	0.9999996122266354	3.877733646832247e-07
12003	1.0	5.588732749940269e-39
12004	1.0	0.0
12005	1.0	1.984043160179968e-23
12006	1.0	5.0806006832686374e-43
12007	1.0	0.0
12008	1.0	0.0
12009	1.0	0.0
12010	1.0	0.0
12011	1.0	0.0
12012	1.0	3.090819326356689e-20
12013	1.0	0.0
12014	1.0	0.0
12015	1.0	0.0
12016	1.0	0.0
12017	1.0	0.0
12018	1.0	0.0
12019	1.0	3.455373918353947e-32
12020	1.0	3.6701856973978824e-31
12021	1.0	0.0
12022	1.0	0.0
12023	0.9999243162845347	7.568371546530672e-05
12024	1.0	0.0
12025	1.0	0.0
12026	1.0	0.0
12027	1.0	0.0
12028	1.0	0.0
12029	1.0	0.0
12031	1.0	0.0
12032	1.0	0.0
12033	1.0	3.783852601439204e-39
12034	1.0	0.0
12035	1.0	0.0
12036	1.0	3.0028154987732492e-24
12037	0.9999996720847705	3.279152294892206e-07
12038	1.0	0.0
12039	0.9999999999990867	9.132493682473856e-13
12040	1.0	0.0
12041	1.0	0.0
12042	1.0	2.8181349948245364e-38
12043	1.0	1.2315198118366527e-28
12044	1.0	0.0
12045	1.0	0.0
12046	0.9999786608459602	2.1339154039768598e-05
12047	0.9999979547068153	2.0452931847516236e-06
12048	0.9999964731065213	3.5268934787376237e-06
12049	1.0	0.0
12050	0.9999999988311639	1.1688361061603191e-09
12051	1.0	0.0
12052	0.9999999999999385	6.145784953879265e-14
12053	0.9999999998915511	1.0844888529075571e-10
12054	1.0	0.0
12055	1.0	0.0
12056	1.0	0.0
12057	1.0	3.174463940094498e-32
12058	1.0	0.0
12059	1.0	0.0
12061	1.0	0.0
12062	0.9999922934583331	7.706541666926148e-06
12063	1.0	0.0
12064	1.0	0.0
12065	1.0	0.0
12066	0.9999999999999956	4.467999999169922e-15
12067	1.0	2.0469777234881934e-24
12068	1.0	0.0
12069	1.0	0.0
12070	1.0	0.0
12071	0.9999738727724878	2.6127227512142663e-05
12072	1.0	2.2882414464610215e-17
12073	1.0	0.0
12074	1.0	0.0
12075	1.0	3.7143068507048617e-34
12076	1.0	0.0
12077	1.0	0.0
12078	1.0	1.0542720425656802e-32
12079	0.9999571089396828	4.289106031717524e-05
12080	0.0	1.0
12081	0.9999999999999954	4.522279984397994e-15
12082	0.9999999971562945	2.8437054625734353e-09
12083	1.0	0.0
12084	1.0	1.807716459197346e-36
12085	1.0	2.5170013604322973e-27
12086	0.9999999999805875	1.9412420261803483e-11
12087	0.9999419202411579	5.8079758842118006e-05
12088	1.0	0.0
12089	1.0	1.9821315565876426e-38
12091	1.0	0.0
12092	1.0	0.0
12093	0.9999999999999994	6.011577182491109e-16
12094	1.0	0.0
12095	1.0	0.0
12096	0.9999999988827379	1.1172621102324026e-09
12097	1.0	1.337463052905341e-18
12098	1.0	0.0
12099	0.9999999997948756	2.0512437446624962e-10
12100	1.0	3.124997953455405e-35
12101	0.9999999999997062	2.938005922927448e-13
12102	1.0	0.0
12103	1.0	2.6801294958132745e-32
12104	1.0	0.0
12105	1.0	0.0
12106	0.9999999974407805	2.5592195513243352e-09
12107	1.0	0.0
12108	1.0	1.533970120671168e-17
12109	1.0	0.0
12110	0.9999999999999996	4.966627281215597e-16
12111	1.0	0.0
12112	1.0	5.047498592823721e-31
12113	1.0	7.106349974303694e-27
12114	1.0	0.0
12115	0.9999999910718367	8.928163298466058e-09
12116	1.0	0.0
12117	1.0	0.0
12118	1.0	0.0
12119	1.0	0.0
12121	1.0	0.0
12122	1.0	0.0
12123	1.0	0.0
12124	1.0	0.0
12125	1.0	0.0
12126	1.0	0.0
12127	1.0	0.0
12128	1.0	0.0
12129	0.8590716158215682	0.14092838417843176
12130	1.0	3.903410550311456e-23
12131	1.0	0.0
12132	1.0	0.0
12133	1.0	0.0
12134	1.0	0.0
12135	0.9999999999999558	4.4232031764953616e-14
12136	1.0	0.0
12137	1.0	9.765738625103867e-38
12138	0.9999999999999992	7.865215289822487e-16
12139	1.0	0.0
12140	1.0	9.29564659274101e-21
12141	1.0	4.826768595702516e-39
12142	1.0	0.0
12143	0.8349274924109252	0.1650725075890748
12144	1.0	0.0
12145	1.0	0.0
12146	1.0	0.0
12147	1.0	2.4538862262751885e-33
12148	1.0	0.0
12149	1.0	0.0
12151	1.0	0.0
12152	1.0	0.0
12153	0.9999999999999931	6.93285202935984e-15
12154	1.0	0.0
12155	0.9999999936656735	6.3343264615401254e-09
12156	1.0	3.428727239419238e-30
12157	0.9999992378623255	7.621376745119966e-07
12158	1.0	4.2418836100899903e-17
12159	0.9999999999982659	1.7340471478138982e-12
12160	1.0	3.236044294874209e-36
12161	0.9999999999999866	1.3417845259398824e-14
12162	1.0	2.2131354304343354e-22
12163	0.9999998119381215	1.8806187850051229e-07
12164	1.0	0.0
12165	1.0	8.49909528250215e-25
12166	1.0	0.0
12167	0.9999909824503764	9.017549623575778e-06
12168	0.9999999999999999	7.995008220593286e-17
12169	0.9998397325766778	0.00016026742332219483
12170	0.9998397325766778	0.00016026742332219483
12171	1.0	7.047657553775514e-40
12172	1.0	0.0
12173	0.9999999999753562	2.4643862197939023e-11
12174	1.0	0.0
12175	1.0	2.3807337903711734e-20
12176	1.0	0.0
12177	1.0	7.15094358405142e-22
12178	1.0	0.0
12179	1.0	0.0
12181	1.0	0.0
12182	1.0	0.0
12183	1.0	2.7011232388169112e-24
12184	1.0	5.494018382455786e-39
12185	1.0	1.166860839489024e-30
12186	1.0	4.527152349026534e-17
12187	1.0	3.862562161060673e-37
12188	0.9999887800100773	1.1219989922685211e-05
12189	1.0	0.0
12190	0.9999887800100773	1.1219989922685211e-05
12191	1.0	0.0
12192	1.0	0.0
12193	1.0	5.689582664276751e-28
12194	0.9999996268558271	3.7314417286350415e-07
12195	1.0	0.0
12196	1.0	0.0
12197	1.0	3.586538706683661e-25
12198	1.0	0.0
12199	1.0	4.0966122232346645e-31
12200	1.0	9.519101282041937e-41
12201	0.9999999999752451	2.475484400333086e-11
12202	1.0	0.0
12203	1.0	5.501141747593892e-22
12204	1.0	4.2473932899811234e-35
12205	1.0	8.756065447641681e-42
12206	0.9999945960300043	5.403969995732592e-06
12207	1.0	0.0
12208	1.0	0.0
12209	0.9999917044834186	8.295516581465048e-06
12211	0.9999947674905744	5.232509425596895e-06
12212	1.0	0.0
12213	1.0	0.0
12214	0.9999917044834186	8.295516581465048e-06
12215	1.0	0.0
12216	0.9999947674905744	5.232509425596895e-06
12217	1.0	4.525987301801361e-25
12218	1.0	0.0
12219	1.0	2.8106992646620647e-40
12220	1.0	0.0
12221	1.0	0.0
12222	1.0	0.0
12223	1.0	0.0
12224	0.9999999852236371	1.4776362941607537e-08
12225	1.0	0.0
12226	1.0	0.0
12227	1.0	0.0
12228	0.9999999999999976	2.482561460482467e-15
12229	1.0	0.0
12230	1.0	0.0
12231	1.0	2.9909489301560916e-21
12232	1.0	5.5003639817768496e-18
12233	0.9999999999999976	2.482561460482467e-15
12234	1.0	0.0
12235	1.0	0.0
12236	1.0	0.0
12237	1.0	0.0
12238	1.0	3.1565707907839713e-28
12239	1.0	0.0
12241	1.0	0.0
12242	1.0	0.0
12243	1.0	0.0
12244	1.0	7.781262889640368e-22
12245	1.0	0.0
12246	1.0	0.0
12247	1.0	0.0
12248	1.0	0.0
12249	0.999999056121441	9.438785589781212e-07
12250	1.0	0.0
12251	1.0	0.0
12252	1.0	0.0
12253	1.0	0.0
12254	1.0	0.0
12255	1.0	0.0
12256	1.0	0.0
12257	1.0	0.0
12258	1.0	0.0
12259	1.0	0.0
12260	1.0	0.0
12261	1.0	0.0
12262	1.0	0.0
12263	1.0	0.0
12264	1.0	0.0
12265	1.0	0.0
12266	1.0	1.0609672902966438e-28
12267	1.0	1.347488321941297e-32
12268	1.0	9.44327271187358e-22
12269	1.0	3.6277733853059484e-30
12271	1.0	1.595721603123399e-42
12272	1.0	0.0
12273	1.0	0.0
12274	1.0	8.245111857527841e-25
12275	0.9998684356539713	0.00013156434602865666
12276	0.9999998043309146	1.9566908535575013e-07
12277	1.0	0.0
12278	1.0	0.0
12279	1.0	0.0
12280	1.0	0.0
12281	1.0	0.0
12282	1.0	0.0
12283	1.0	1.3652501878068439e-18
12284	1.0	1.17662838503215e-35
12285	1.0	0.0
12286	1.0	0.0
12287	1.0	0.0
12288	1.0	0.0
12289	1.0	2.7265184382014627e-23
12290	1.0	0.0
12291	1.0	0.0
12292	1.0	4.377597215797649e-22
12293	0.9999999999902578	9.742248699057033e-12
12294	1.0	0.0
12295	1.0	1.7740181693432816e-23
12296	1.0	0.0
12297	1.0	0.0
12298	1.0	4.419670040414012e-19
12299	1.0	0.0
12301	1.0	0.0
12302	1.0	0.0
12303	1.0	7.417850598522489e-33
12304	0.994063785797937	0.005936214202062983
12305	1.0	3.637410275203349e-37
12306	0.9999999999870043	1.2995734915607159e-11
12307	1.0	0.0
12308	1.0	0.0
12309	0.9999886140952761	1.1385904723949819e-05
12310	1.0	1.638005820778203e-30
12311	1.0	0.0
12312	1.0	0.0
12313	1.0	0.0
12314	1.0	0.0
12315	1.0	0.0
12316	1.0	0.0
12317	1.0	0.0
12318	1.0	1.0397457730301105e-21
12319	1.0	1.2779852763945952e-18
12320	1.0	0.0
12321	1.0	0.0
12322	1.0	0.0
12323	1.0	4.0831188615200265e-33
12324	1.0	0.0
12325	1.0	8.269895555592087e-32
12326	1.0	0.0
12327	1.0	2.3898289826597675e-43
12328	1.0	0.0
12329	0.9999993065691875	6.93430812505763e-07
12331	1.0	0.0
12332	1.0	3.482597274000592e-29
12333	1.0	0.0
12334	0.9999999999937174	6.282594626837334e-12
12335	1.0	0.0
12336	1.0	3.1792684567523705e-28
12337	0.999999999958323	4.167703466305154e-11
12338	1.0	3.482597274000592e-29
12339	1.0	0.0
12340	0.9999999999937174	6.282594626837334e-12
12341	1.0	0.0
12342	1.0	0.0
12343	1.0	0.0
12344	1.0	2.874711724800858e-19
12345	1.0	0.0
12346	1.0	0.0
12347	1.0	0.0
12348	1.0	0.0
12349	1.0	3.9906920881408057e-20
12350	1.0	0.0
12351	0.9999999998842344	1.157655986723187e-10
12352	1.0	0.0
12353	1.0	1.9424321708861653e-28
12354	1.0	3.357916484451601e-43
12355	1.0	0.0
12356	1.0	0.0
12357	1.0	1.9424321708861653e-28
12358	1.0	3.357916484451601e-43
12359	1.0	0.0
12361	1.0	0.0
12362	1.0	2.716730916112789e-27
12363	1.0	1.0345510573357949e-17
12364	1.0	0.0
12365	1.0	0.0
12366	0.9999999997205875	2.7941254404974823e-10
12367	1.0	0.0
12368	1.0	5.17590354454246e-26
12369	1.0	0.0
12370	1.0	1.4969504940870018e-26
12371	1.0	5.721308660396853e-23
12372	1.0	2.825108532302039e-39
12373	1.0	0.0
12374	1.0	0.0
12375	1.0	1.0059123395125436e-34
12376	1.0	0.0
12377	1.0	0.0
12378	1.0	5.0455400350808446e-42
12379	1.0	0.0
12380	1.0	5.0455400350808446e-42
12381	1.0	0.0
12382	1.0	3.311027529597407e-42
12383	1.0	0.0
12384	1.0	2.5742682186710465e-30
12385	1.0	2.459790925796105e-26
12386	1.0	1.724685776948968e-20
12387	1.0	1.325520909339914e-21
12388	1.0	5.730836314739288e-21
12389	1.0	2.5742682186710465e-30
12391	1.0	3.182132028037016e-37
12392	1.0	4.721660321580049e-30
12393	1.0	0.0
12394	1.0	0.0
12395	1.0	0.0
12396	0.9999999999999999	9.388317486731032e-17
12397	0.9999999999999999	9.388317486731032e-17
12398	1.0	1.896949764991136e-18
12399	1.0	0.0
12400	1.0	0.0
12401	1.0	5.36204949571778e-23
12402	0.9999999999798036	2.0196361886475922e-11
12403	1.0	0.0
12404	1.0	7.358426569112223e-30
12405	1.0	0.0
12406	0.9999999937451437	6.254856354891169e-09
12407	1.0	3.7369331678246594e-31
12408	1.0	1.3154321754903699e-39
12409	0.9999999999999997	2.809858477401399e-16
12410	1.0	0.0
12411	1.0	0.0
12412	0.9999999999999997	2.809858477401399e-16
12413	1.0	0.0
12414	1.0	6.159180094302174e-33
12415	1.0	0.0
12416	1.0	0.0
12417	1.0	0.0
12418	0.9999999969384719	3.061528187157689e-09
12419	1.0	0.0
12421	1.0	8.259069471042031e-22
12422	1.0	8.259069471042031e-22
12423	1.0	1.5097976076918227e-27
12424	1.0	5.860448472071312e-21
12425	1.0	0.0
12426	1.0	0.0
12427	1.0	0.0
12428	1.0	0.0
12429	1.0	0.0
12430	0.9999999999914803	8.519778241333357e-12
12431	1.0	0.0
12432	1.0	0.0
12433	0.9999999999914803	8.519778241333357e-12
12434	1.0	0.0
12435	1.0	0.0
12436	1.0	0.0
12437	0.9999999999952672	4.7327443332985865e-12
12438	1.0	0.0
12439	1.0	0.0
12440	1.0	8.189323792832704e-20
12441	1.0	2.0244793666929e-20
12442	1.0	9.40294321038665e-33
12443	0.9999999999931402	6.859892684420049e-12
12444	1.0	0.0
12445	1.0	5.849916344339856e-19
12446	1.0	4.727247862819059e-40
12447	1.0	0.0
12448	1.0	0.0
12449	1.0	0.0
12451	1.0	1.8536076711308545e-34
12452	1.0	0.0
12453	1.0	1.8536076711308545e-34
12454	1.0	0.0
12455	1.0	0.0
12456	1.0	0.0
12457	1.0	0.0
12458	0.9999999999999936	6.4740326179807255e-15
12459	1.0	0.0
12460	1.0	0.0
12461	1.0	0.0
12462	1.0	0.0
12463	0.9999999994434609	5.565391218757402e-10
12464	1.0	0.0
12465	1.0	1.3606218236879373e-33
12466	1.0	0.0
12467	1.0	0.0
12468	1.0	0.0
12469	1.0	5.896344408569747e-23
12470	1.0	0.0
12471	1.0	1.1612836958562e-33
12472	1.0	0.0
12473	1.0	2.3494218561411654e-36
12474	1.0	0.0
12475	1.0	5.750082859128774e-33
12476	1.0	0.0
12477	1.0	3.219615482513147e-33
12478	1.0	1.558651347950405e-30
12479	1.0	0.0
12481	1.0	0.0
12482	1.0	0.0
12483	1.0	0.0
12484	1.0	0.0
12485	1.0	0.0
12486	1.0	0.0
12487	1.0	0.0
12488	1.0	0.0
12489	1.0	1.0907422995087932e-24
12490	0.9999967094021535	3.2905978465830216e-06
12491	0.9994147191214683	0.0005852808785317172
12492	1.0	0.0
12493	1.0	0.0
12494	1.0	4.114940342758053e-23
12495	1.0	6.68679492676782e-20
12496	1.0	5.423412737809607e-21
12497	1.0	0.0
12498	1.0	4.114940342758053e-23
12499	0.9999992253439899	7.746560101083165e-07
12500	1.0	5.818072812417835e-41
12501	1.0	1.7188101774599617e-21
12502	1.0	0.0
12503	1.0	1.0348100286018421e-40
12504	0.9999999856693209	1.4330679125370807e-08
12505	1.0	3.1572010230827084e-20
12506	1.0	0.0
12507	0.9999999999999951	4.888232747226371e-15
12508	1.0	8.896224235981891e-19
12509	0.999999999999978	2.199923254246448e-14
12511	0.9999999999999993	6.737610277741216e-16
12512	1.0	0.0
12513	1.0	0.0
12514	1.0	4.376414976301972e-21
12515	1.0	5.259993829804239e-19
12516	1.0	5.695815577272368e-37
12517	1.0	6.775599180846402e-19
12518	0.9999999999999826	1.740367725574179e-14
12519	0.9999994787727516	5.212272483387801e-07
12520	0.9999999999997742	2.2586486337366634e-13
12521	1.0	2.060923281112376e-24
12522	0.9999994787727516	5.212272483387801e-07
12523	0.9999999999997742	2.2586486337366634e-13
12524	1.0	0.0
12525	1.0	0.0
12526	1.0	0.0
12527	1.0	0.0
12528	1.0	0.0
12529	0.999999986864899	1.3135101004858821e-08
12530	0.9999999996517	3.483000549752186e-10
12531	1.0	1.4938789590128378e-30
12532	1.0	0.0
12533	1.0	0.0
12534	1.0	0.0
12535	1.0	0.0
12536	1.0	0.0
12537	1.0	9.466622902206258e-21
12538	1.0	2.2498161626216496e-30
12539	0.999999999999999	9.819788461842171e-16
12541	1.0	9.466622902206258e-21
12542	1.0	2.2498161626216496e-30
12543	0.999999999999999	9.819788461842171e-16
12544	1.0	0.0
12545	1.0	0.0
12546	1.0	0.0
12547	1.0	0.0
12548	1.0	0.0
12549	1.0	2.376496220210989e-38
12550	1.0	6.477347369664104e-36
12551	1.0	0.0
12552	1.0	0.0
12553	1.0	1.2816839287049276e-41
12554	1.0	6.477347369664104e-36
12555	1.0	0.0
12556	1.0	0.0
12557	0.9999999999999626	3.740017134756381e-14
12558	0.9999999999998761	1.238566770503662e-13
12559	1.0	0.0
12560	1.0	0.0
12561	0.9999999948789926	5.121007450089783e-09
12562	1.0	7.053553542465354e-22
12563	1.0	2.920840003379343e-21
12564	1.0	6.053617067743309e-22
12565	1.0	0.0
12566	1.0	0.0
12567	1.0	0.0
12568	1.0	2.9288861197099005e-27
12569	1.0	0.0
12571	0.9999999664365063	3.356349367147235e-08
12572	1.0	0.0
12573	1.0	0.0
12574	1.0	0.0
12575	1.0	0.0
12576	1.0	2.0396354696903636e-21
12577	1.0	0.0
12578	1.0	1.0451785165575362e-29
12579	1.0	1.3967632509827614e-24
12580	1.0	0.0
12581	1.0	1.0451785165575362e-29
12582	1.0	0.0
12583	1.0	0.0
12584	1.0	3.5803225712577723e-19
12585	1.0	0.0
12586	1.0	0.0
12587	1.0	0.0
12588	1.0	0.0
12589	1.0	0.0
12590	1.0	0.0
12591	1.0	0.0
12592	1.0	0.0
12593	1.0	0.0
12594	0.9999999999997737	2.2626652839289903e-13
12595	1.0	0.0
12596	1.0	0.0
12597	0.9999999999999686	3.143995148356356e-14
12598	0.9216872105079006	0.07831278949209938
12599	1.0	4.632747446449387e-17
12601	1.0	0.0
12602	0.9999999999978203	2.1797384922577855e-12
12603	1.0	5.727818416254098e-27
12604	0.9999999999733323	2.6667713529182782e-11
12605	1.0	0.0
12606	0.9999999997881075	2.1189246663753379e-10
12607	0.999999999999967	3.294473991272818e-14
12608	1.0	0.0
12609	1.0	0.0
12610	1.0	0.0
12611	1.0	0.0
12612	1.0	0.0
12613	1.0	0.0
12614	1.0	1.8517802847583228e-22
12615	1.0	4.236852213438983e-21
12616	0.9999999999999921	7.908682795599073e-15
12617	1.0	0.0
12618	1.0	0.0
12619	1.0	1.8270441964056897e-41
12620	0.9999999993518465	6.481535357517435e-10
12621	1.0	0.0
12622	1.0	0.0
12623	1.0	0.0
12624	1.0	0.0
12625	1.0	0.0
12626	1.0	0.0
12627	1.0	0.0
12628	1.0	0.0
12629	1.0	0.0
12631	1.0	0.0
12632	1.0	4.889786085524945e-37
12633	1.0	3.7889433928100666e-26
12634	1.0	5.226937362345798e-28
12635	1.0	0.0
12636	1.0	5.309088952793332e-32
12637	1.0	0.0
12638	1.0	4.889786085524945e-37
12639	1.0	3.7889433928100666e-26
12640	1.0	5.226937362345798e-28
12641	0.9999999999772791	2.2720892682677124e-11
12642	1.0	3.831495178422762e-26
12643	1.0	0.0
12644	1.0	0.0
12645	1.0	1.43880222066861e-23
12646	1.0	1.5745905325892041e-25
12647	1.0	0.0
12648	0.9999999999939845	6.015574171014804e-12
12649	1.0	0.0
12650	1.0	0.0
12651	0.9999999999918519	8.148102338943858e-12
12652	0.999999975390877	2.460912292034525e-08
12653	1.0	0.0
12654	1.0	0.0
12655	0.9999999999999872	1.2803759585230954e-14
12656	1.0	0.0
12657	0.9999999999999915	8.536851339969188e-15
12658	1.0	0.0
12659	0.9999999819489739	1.8051026084611047e-08
12661	1.0	2.9945894343120297e-24
12662	1.0	5.2376690167267885e-31
12663	1.0	4.765567460639736e-32
12664	1.0	4.765567460639736e-32
12665	0.9999999999999559	4.405353009291541e-14
12666	1.0	0.0
12667	1.0	0.0
12668	0.9999997105496639	2.8945033619369244e-07
12669	1.0	0.0
12670	1.0	0.0
12671	1.0	0.0
12672	0.9999999999999655	3.454796419821707e-14
12673	1.0	6.1350199582619575e-43
12674	0.9999999994526954	5.473046063419697e-10
12675	0.9999999999998122	1.878757735483323e-13
12676	0.9999247622752366	7.523772476333871e-05
12677	1.0	0.0
12678	1.0	5.546124125212965e-28
12679	1.0	0.0
12680	1.0	2.0086898707479957e-29
12681	0.9999999999987783	1.2217401839079449e-12
12682	1.0	0.0
12683	1.0	0.0
12684	1.0	5.098839396629643e-28
12685	1.0	4.109681906787696e-39
12686	1.0	0.0
12687	0.0	1.0
12688	1.0	0.0
12689	1.0	0.0
12691	1.0	1.8381610357594972e-28
12692	1.0	0.0
12693	1.0	0.0
12694	1.0	1.8381610357594972e-28
12695	1.0	0.0
12696	1.0	0.0
12697	1.0	0.0
12698	0.9999999999999991	8.33789384654655e-16
12699	0.999999987304543	1.2695457052142843e-08
12700	1.0	1.7466493956319367e-33
12701	1.0	0.0
12702	1.0	5.629315187702902e-36
12703	1.0	0.0
12704	1.0	0.0
12705	1.0	5.603741424023651e-34
12706	1.0	1.4821851154881614e-34
12707	0.9999999988740056	1.1259943564860188e-09
12708	0.9999999999999515	4.854938865732051e-14
12709	1.0	0.0
12710	1.0	0.0
12711	1.0	0.0
12712	1.0	1.5049933468520437e-43
12713	0.9999999999966623	3.337709664695642e-12
12714	0.9999999999930526	6.947462769059961e-12
12715	1.0	0.0
12716	1.0	5.527755576475068e-28
12717	1.0	0.0
12718	1.0	1.5049933468520437e-43
12719	0.9999999999966623	3.337709664695642e-12
12721	1.0	0.0
12722	1.0	5.527755576475068e-28
12723	1.0	3.5355502525762536e-41
12724	1.0	1.6724051673672522e-39
12725	1.0	0.0
12726	0.9999999999999621	3.79053064165647e-14
12727	1.0	2.3572008594769797e-22
12728	1.0	5.6063737450202106e-18
12729	0.999968049583701	3.195041629904761e-05
12730	1.0	2.4724593622538236e-23
12731	1.0	1.813533328767829e-19
12732	0.9999997407312841	2.5926871596270193e-07
12733	1.0	0.0
12734	1.0	0.0
12735	1.0	6.071450463151654e-34
12736	0.9999999999985969	1.4030683011766857e-12
12737	0.9999999999985969	1.4030683011766857e-12
12738	1.0	0.0
12739	1.0	0.0
12740	1.0	0.0
12741	0.9999999999996603	3.397684798439634e-13
12742	1.0	0.0
12743	0.9999999999999997	3.1170527211661543e-16
12744	1.0	0.0
12745	1.0	0.0
12746	1.0	6.7007215817289744e-21
12747	1.0	9.961001846662241e-29
12748	1.0	0.0
12749	1.0	4.008452844052091e-32
12751	1.0	0.0
12752	1.0	0.0
12753	1.0	8.381538450751147e-41
12754	0.9999992311456868	7.688543132565177e-07
12755	1.0	5.297947683762339e-40
12756	1.0	0.0
12757	1.0	8.381538450751147e-41
12758	0.9999992311456868	7.688543132565177e-07
12759	0.0	1.0
12760	0.0	1.0
12761	1.0	0.0
12762	0.9999999996289254	3.7107458590180776e-10
12763	1.0	0.0
12764	1.0	0.0
12765	0.9999999995133724	4.866276689351514e-10
12766	1.0	0.0
12767	1.0	0.0
12768	0.99999999999992	8.009894667804692e-14
12769	1.0	3.5097928625961146e-31
12770	1.0	0.0
12771	0.9977531519332216	0.0022468480667784097
12772	0.9999999999806862	1.931378731283372e-11
12773	1.0	5.721552669560089e-41
12774	1.0	0.0
12775	1.0	0.0
12776	0.9999999995133724	4.866276689351514e-10
12777	1.0	0.0
12778	1.0	0.0
12779	0.99999999999992	8.009894667804692e-14
12781	1.0	0.0
12782	0.9977531519332216	0.0022468480667784097
12783	0.9999999999806862	1.931378731283372e-11
12784	1.0	5.721552669560089e-41
12785	1.0	0.0
12786	1.0	0.0
12787	1.0	1.998582841319316e-21
12788	1.0	4.3282108486700805e-17
12789	1.0	0.0
12790	1.0	0.0
12791	1.0	0.0
12792	1.0	0.0
12793	1.0	0.0
12794	1.0	0.0
12795	0.9999999999955511	4.448901083614456e-12
12796	1.0	0.0
12797	0.7826667228178503	0.21733327718214973
12798	1.0	0.0
12799	1.0	0.0
12800	1.0	6.324999373589746e-21
12801	1.0	8.304901828377485e-24
12802	1.0	0.0
12803	1.0	6.324999373589746e-21
12804	1.0	8.304901828377485e-24
12805	1.0	0.0
12806	0.7826667228178503	0.21733327718214973
12807	1.0	0.0
12808	1.0	0.0
12809	1.0	0.0
12811	1.0	3.1664075346527067e-24
12812	1.0	0.0
12813	1.0	1.0076295974982376e-18
12814	1.0	0.0
12815	1.0	0.0
12816	1.0	1.656343338158532e-38
12817	1.0	3.52277442053652e-19
12818	1.0	0.0
12819	0.9999989532881091	1.0467118909863254e-06
12820	1.0	0.0
12821	1.0	0.0
12822	1.0	0.0
12823	1.0	1.98973267056362e-19
12824	1.0	0.0
12825	0.9999999842056598	1.5794340186900038e-08
12826	1.0	0.0
12827	1.0	0.0
12828	1.0	0.0
12829	0.9999999842056598	1.5794340186900038e-08
12830	1.0	0.0
12831	1.0	0.0
12832	1.0	3.077448573878287e-33
12833	1.0	1.3248254375761423e-20
12834	1.0	0.0
12835	1.0	0.0
12836	1.0	6.078458229605974e-42
12837	1.0	6.994900382357383e-23
12838	1.0	9.424386572919465e-24
12839	1.0	6.751056634817707e-32
12841	1.0	0.0
12842	1.0	0.0
12843	1.0	0.0
12844	1.0	0.0
12845	0.9999999999999999	1.471414408325113e-16
12846	1.0	0.0
12847	0.9999999879736452	1.2026354760639221e-08
12848	1.0	4.256209912564521e-42
12849	0.9999729077112212	2.7092288778857775e-05
12850	1.0	0.0
12851	1.0	1.5312037668574372e-41
12852	1.0	1.5312037668574372e-41
12853	0.9999999999999828	1.723567762304745e-14
12854	1.0	0.0
12855	1.0	0.0
12856	1.0	0.0
12857	0.9999298198528317	7.018014716826336e-05
12858	1.0	0.0
12859	1.0	0.0
12860	1.0	0.0
12861	1.0	6.851027224237652e-26
12862	1.0	1.5847167788946982e-37
12863	1.0	1.5847167788946982e-37
12864	1.0	0.0
12865	1.0	1.33864991247418e-38
12866	1.0	0.0
12867	1.0	0.0
12868	1.0	0.0
12869	1.0	0.0
12871	0.9999999999999999	1.1166128334331207e-16
12872	0.9999999999999201	7.991224430228767e-14
12873	1.0	4.6320897442230886e-18
12874	1.0	3.3243032975415017e-25
12875	1.0	0.0
12876	1.0	0.0
12877	1.0	0.0
12878	1.0	0.0
12879	1.0	0.0
12880	0.9999999999999721	2.788480542253246e-14
12881	1.0	0.0
12882	0.9999999999999721	2.788480542253246e-14
12883	1.0	0.0
12884	1.0	0.0
12885	1.0	0.0
12886	1.0	0.0
12887	1.0	4.3550799284471565e-30
12888	1.0	4.729160885718991e-30
12889	1.0	8.547632904395482e-29
12890	1.0	4.375136003104337e-26
12891	1.0	0.0
12892	1.0	0.0
12893	1.0	0.0
12894	1.0	0.0
12895	1.0	0.0
12896	1.0	0.0
12897	1.0	0.0
12898	1.0	0.0
12899	1.0	3.9453608832477807e-32
12901	1.0	0.0
12902	1.0	0.0
12903	1.0	0.0
12904	1.0	7.308622139648474e-44
12905	1.0	3.928673059887111e-28
12906	0.9997771626607799	0.0002228373392201717
12907	1.0	0.0
12908	1.0	1.1570822958077873e-35
12909	1.0	0.0
12910	1.0	0.0
12911	1.0	0.0
12912	1.0	0.0
12913	1.0	0.0
12914	1.0	0.0
12915	1.0	0.0
12916	1.0	3.7286772029816006e-43
12917	1.0	0.0
12918	1.0	1.1235492012261453e-35
12919	1.0	0.0
12920	1.0	4.8143184878789556e-31
12921	1.0	0.0
12922	1.0	3.1353701843922793e-32
12923	1.0	0.0
12924	1.0	0.0
12925	1.0	0.0
12926	1.0	0.0
12927	1.0	0.0
12928	1.0	0.0
12929	1.0	0.0
12931	1.0	2.3455241780814862e-20
12932	1.0	0.0
12933	0.997148498762987	0.002851501237013105
12934	1.0	0.0
12935	1.0	4.486735763113917e-31
12936	1.0	1.5411354023667776e-43
12937	1.0	0.0
12938	1.0	2.4148597362540057e-36
12939	1.0	5.221800945815836e-42
12940	1.0	0.0
12941	1.0	1.0680380716150973e-22
12942	1.0	3.623409071816111e-24
12943	1.0	0.0
12944	1.0	0.0
12945	1.0	0.0
12946	1.0	0.0
12947	1.0	0.0
12948	1.0	0.0
12949	1.0	0.0
12950	1.0	0.0
12951	1.0	2.2979179599047043e-31
12952	1.0	2.237401198547276e-27
12953	1.0	0.0
12954	1.0	7.755929100031088e-18
12955	1.0	0.0
12956	1.0	0.0
12957	1.0	7.755929100031088e-18
12958	1.0	0.0
12959	1.0	0.0
12961	1.0	0.0
12962	0.9999981936743981	1.8063256018819893e-06
12963	1.0	0.0
12964	1.0	3.0312993262843774e-18
12965	1.0	1.0370697634155841e-23
12966	1.0	1.8483502925349077e-33
12967	1.0	0.0
12968	1.0	3.3262247772796087e-31
12969	1.0	2.665957012208217e-28
12970	0.9862500184102931	0.013749981589706903
12971	0.9862500184102931	0.013749981589706903
12972	1.0	0.0
12973	1.0	0.0
12974	1.0	0.0
12975	1.0	0.0
12976	1.0	0.0
12977	1.0	0.0
12978	1.0	0.0
12979	1.0	0.0
12980	1.0	0.0
12981	1.0	5.1451112887433564e-18
12982	1.0	7.264645999854924e-31
12983	1.0	1.0235810782026512e-24
12984	1.0	0.0
12985	1.0	0.0
12986	1.0	0.0
12987	1.0	0.0
12988	0.9999999999999988	1.2538206368477822e-15
12989	1.0	0.0
12991	0.9999950039177213	4.996082278652096e-06
12992	1.0	9.650763232578302e-30
12993	1.0	0.0
12994	1.0	0.0
12995	1.0	0.0
12996	1.0	0.0
12997	1.0	0.0
12998	1.0	0.0
12999	1.0	0.0
13000	1.0	0.0
13001	0.9999950039177213	4.996082278652096e-06
13002	1.0	0.0
13003	1.0	0.0
13004	0.9999999999999943	5.6926787970741286e-15
13005	1.0	2.5627734176505207e-20
13006	1.0	0.0
13007	1.0	0.0
13008	1.0	3.3080278874425573e-38
13009	1.0	9.273941472773094e-33
13010	1.0	0.0
13011	1.0	0.0
13012	1.0	1.5075516417484173e-18
13013	0.9999999999999999	1.5897027349870752e-16
13014	1.0	0.0
13015	1.0	0.0
13016	1.0	2.6139801801218465e-17
13017	1.0	0.0
13018	1.0	0.0
13019	1.0	2.6139801801218465e-17
13021	1.0	0.0
13022	1.0	0.0
13023	0.9999999998640092	1.3599081026578877e-10
13024	1.0	0.0
13025	0.9999999999999998	1.9468120192483848e-16
13026	0.9999999999413831	5.861688380735284e-11
13027	1.0	1.1073567569633015e-29
13028	0.9999313015140229	6.869848597714027e-05
13029	0.9999999999998498	1.502592735735362e-13
13030	1.0	3.1289524327793476e-24
13031	1.0	0.0
13032	1.0	2.3425906893001307e-31
13033	0.9999999999276699	7.233009256736163e-11
13034	1.0	0.0
13035	1.0	0.0
13036	0.9999999999276699	7.233009256736163e-11
13037	1.0	0.0
13038	1.0	0.0
13039	1.0	0.0
13040	1.0	0.0
13041	1.0	0.0
13042	1.0	0.0
13043	1.0	0.0
13044	1.0	3.545386825654998e-21
13045	1.0	3.8025840063723776e-23
13046	1.0	0.0
13047	1.0	0.0
13048	1.0	6.199060217717976e-18
13049	0.9999999994949922	5.050078408931132e-10
13051	1.0	0.0
13052	0.9999999999705965	2.940347732674382e-11
13053	0.9999999927107802	7.289219832449e-09
13054	0.9999999997814645	2.185355538110147e-10
13055	1.0	2.38022034211474e-38
13056	0.9999999999999818	1.818485495543227e-14
13057	1.0	0.0
13058	1.0	0.0
13059	0.9999999997814645	2.185355538110147e-10
13060	1.0	2.38022034211474e-38
13061	0.9999999999999818	1.818485495543227e-14
13062	1.0	0.0
13063	1.0	0.0
13064	1.0	6.503564285096936e-28
13065	1.0	0.0
13066	0.9999999999998755	1.2445357535134626e-13
13067	1.0	0.0
13068	1.0	0.0
13069	1.0	0.0
13070	1.0	0.0
13071	1.0	1.3049147104022438e-19
13072	1.0	1.3049147104022438e-19
13073	1.0	5.950987475835251e-21
13074	1.0	0.0
13075	1.0	1.6725775718621542e-29
13076	0.9999986814040287	1.3185959713422996e-06
13077	0.9999999738369914	2.6163008604995817e-08
13078	0.9999926569409315	7.3430590685047285e-06
13079	1.0	8.364019355457794e-42
13081	1.0	0.0
13082	0.9999999999999903	9.620609996858082e-15
13083	0.9999999999999982	1.7789814303365988e-15
13084	0.9999999999999991	8.962175210422206e-16
13085	0.9999999999999998	1.9898838644583107e-16
13086	1.0	0.0
13087	1.0	3.3553232011909676e-42
13088	1.0	5.845833932137129e-41
13089	1.0	7.882529880374445e-24
13090	1.0	4.5269997966767955e-34
13091	1.0	0.0
13092	0.9999999964560506	3.54394937341682e-09
13093	0.999999849254117	1.507458829848462e-07
13094	1.0	0.0
13095	1.0	0.0
13096	0.08692985219199689	0.9130701478080031
13097	0.9999999964560506	3.54394937341682e-09
13098	0.999999849254117	1.507458829848462e-07
13099	1.0	0.0
13100	1.0	0.0
13101	0.08692985219199689	0.9130701478080031
13102	1.0	0.0
13103	1.0	0.0
13104	1.0	4.196000827087175e-38
13105	1.0	0.0
13106	1.0	0.0
13107	0.9999996264392667	3.735607333967942e-07
13108	1.0	0.0
13109	1.0	0.0
13111	1.0	4.37004117595291e-36
13112	1.0	0.0
13113	1.0	0.0
13114	1.0	8.747453013287789e-41
13115	1.0	0.0
13116	1.0	2.6578420050729887e-21
13117	1.0	0.0
13118	1.0	0.0
13119	1.0	7.766191345473605e-43
13120	1.0	0.0
13121	1.0	7.715581955354806e-37
13122	1.0	0.0
13123	1.0	7.715581955354806e-37
13124	1.0	0.0
13125	1.0	0.0
13126	1.0	0.0
13127	1.0	0.0
13128	1.0	0.0
13129	1.0	0.0
13130	1.0	0.0
13131	1.0	0.0
13132	1.0	0.0
13133	1.0	0.0
13134	1.0	0.0
13135	1.0	0.0
13136	1.0	0.0
13137	1.0	0.0
13138	1.0	0.0
13139	1.0	0.0
13141	1.0	0.0
13142	1.0	0.0
13143	1.0	0.0
13144	1.0	0.0
13145	1.0	0.0
13146	1.0	0.0
13147	1.0	6.087796653064925e-27
13148	0.9999808321115102	1.9167888489747403e-05
13149	0.8270183056793924	0.17298169432060762
13150	1.0	0.0
13151	1.0	0.0
13152	1.0	9.683531027829245e-21
13153	0.9999942759471916	5.7240528083924565e-06
13154	1.0	6.954920239903243e-23
13155	1.0	0.0
13156	1.0	0.0
13157	1.0	0.0
13158	1.0	0.0
13159	0.9991077066627472	0.0008922933372528504
13160	1.0	0.0
13161	1.0	0.0
13162	1.0	0.0
13163	1.0	0.0
13164	1.0	0.0
13165	1.0	0.0
13166	1.0	0.0
13167	1.0	7.293057326911468e-18
13168	1.0	5.467859086914599e-20
13169	0.9983569256397403	0.001643074360259721
13171	1.0	4.2412720744034284e-17
13172	1.0	0.0
13173	0.9999999999999817	1.826954644064343e-14
13174	1.0	8.926587215645506e-27
13175	1.0	2.5886816686695508e-30
13176	0.9999999999999999	1.5108376890638223e-16
13177	1.0	0.0
13178	1.0	0.0
13179	1.0	2.538495550517388e-22
13180	1.0	0.0
13181	1.0	6.0203147080166905e-24
13182	0.9999948679696917	5.132030308248476e-06
13183	1.0	0.0
13184	1.0	0.0
13185	1.0	0.0
13186	0.9999999999995234	4.766062107080239e-13
13187	1.0	0.0
13188	0.9999999999999993	7.023317843858066e-16
13189	1.0	0.0
13190	1.0	0.0
13191	1.0	0.0
13192	1.0	0.0
13193	1.0	0.0
13194	1.0	0.0
13195	1.0	0.0
13196	0.9997031874018506	0.0002968125981494412
13197	1.0	0.0
13198	1.0	4.199373098561981e-32
13199	1.0	0.0
13201	0.99999999959304	4.069600553659277e-10
13202	1.0	5.39734824105805e-29
13203	1.0	0.0
13204	1.0	3.861825233470243e-42
13205	1.0	6.86737239094716e-35
13206	1.0	0.0
13207	1.0	0.0
13208	1.0	0.0
13209	1.0	0.0
13210	0.9999979155998956	2.0844001043719168e-06
13211	0.9999999999484666	5.153346409248913e-11
13212	1.0	0.0
13213	1.0	1.2294252108619249e-30
13214	1.0	5.7853527858782354e-24
13215	1.0	0.0
13216	1.0	0.0
13217	1.0	7.845751729791699e-44
13218	1.0	5.7853527858782354e-24
13219	1.0	0.0
13220	1.0	0.0
13221	1.0	7.845751729791699e-44
13222	0.25565139155355276	0.7443486084464472
13223	0.9999999999999533	4.6771089213187254e-14
13224	1.0	0.0
13225	1.0	0.0
13226	1.0	2.461737765796973e-22
13227	1.0	0.0
13228	1.0	0.0
13229	0.9999999999999877	1.2323301420538847e-14
13231	1.0	3.98157615188552e-30
13232	0.9999999792732287	2.072677126830478e-08
13233	1.0	0.0
13234	1.0	0.0
13235	0.9999991985648675	8.014351324906695e-07
13236	1.0	0.0
13237	1.0	1.4479375893779436e-28
13238	0.9999999999464156	5.3584394275584e-11
13239	0.9999999999994015	5.985349239770232e-13
13240	1.0	4.420955495308971e-37
13241	1.0	0.0
13242	1.0	0.0
13243	0.9999999999999919	8.076984143643967e-15
13244	0.9999999999604403	3.9559699499502627e-11
13245	1.0	0.0
13246	1.0	0.0
13247	1.0	1.0657067114947628e-22
13248	1.0	5.2510397820533374e-24
13249	0.9999999886324168	1.1367583187843344e-08
13250	0.6681857339073409	0.3318142660926591
13251	1.0	0.0
13252	0.9999999991440186	8.559813420683823e-10
13253	1.0	0.0
13254	1.0	0.0
13255	1.0	0.0
13256	1.0	2.2488749977753467e-19
13257	0.034446735744349866	0.9655532642556501
13258	1.0	0.0
13259	0.006216424797985343	0.9937835752020147
13261	1.0	0.0
13262	0.9992327939962553	0.0007672060037446884
13263	1.0	0.0
13264	0.006216424797985343	0.9937835752020147
13265	1.0	0.0
13266	1.0	0.0
13267	0.9992327939962553	0.0007672060037446884
13268	1.0	0.0
13269	1.0	0.0
13270	1.0	1.451532207189892e-30
13271	0.9999999960756699	3.924330090932443e-09
13272	0.9999999960756699	3.924330090932443e-09
13273	1.0	2.3245661022553533e-24
13274	1.0	1.2159503831395769e-40
13275	1.0	1.3358454287101384e-27
13276	1.0	4.0197611975013077e-35
13277	1.0	0.0
13278	0.9999999932453669	6.75463310692383e-09
13279	1.0	0.0
13280	1.0	9.409321006847391e-35
13281	1.0	2.9775134409693733e-38
13282	1.0	0.0
13283	1.0	0.0
13284	1.0	0.0
13285	1.0	0.0
13286	1.0	0.0
13287	1.0	0.0
13288	0.9999999994292714	5.707285625680871e-10
13289	1.0	0.0
13291	1.0	0.0
13292	1.0	0.0
13293	1.0	0.0
13294	0.9999996424365577	3.575634423100319e-07
13295	1.0	0.0
13296	1.0	0.0
13297	0.996988259990562	0.003011740009438074
13298	1.0	0.0
13299	1.0	1.762297380832362e-41
13300	0.9999999999967345	3.265530391997486e-12
13301	1.0	0.0
13302	1.0	2.7862705420404054e-37
13303	1.0	0.0
13304	0.9999999878199601	1.2180039917149047e-08
13305	1.0	2.5627339453412054e-17
13306	1.0	1.2992018227886364e-17
13307	1.0	0.0
13308	0.9999999998988588	1.0114115545076405e-10
13309	1.0	0.0
13310	1.0	0.0
13311	1.0	0.0
13312	1.0	0.0
13313	0.9999999999982565	1.743533296645742e-12
13314	1.0	6.663872776581297e-38
13315	1.0	0.0
13316	0.9999999999759277	2.4072294259348287e-11
13317	1.0	0.0
13318	1.0	0.0
13319	1.0	1.656184945761957e-33
13321	1.0	2.0742089051383656e-20
13322	1.0	1.4925187479779863e-34
13323	1.0	0.0
13324	1.0	0.0
13325	1.0	0.0
13326	1.0	0.0
13327	1.0	1.811111754472239e-36
13328	1.0	8.902705479268061e-35
13329	1.0	2.9227688792623114e-36
13330	1.0	0.0
13331	1.0	8.902705479268061e-35
13332	1.0	2.9227688792623114e-36
13333	1.0	0.0
13334	1.0	0.0
13335	0.9999999999967454	3.2545659827384746e-12
13336	1.0	1.1439806334189888e-34
13337	1.0	0.0
13338	1.0	0.0
13339	1.0	0.0
13340	1.0	0.0
13341	1.0	0.0
13342	1.0	0.0
13343	1.0	0.0
13344	1.0	0.0
13345	1.0	5.513784057862908e-36
13346	1.0	0.0
13347	1.0	0.0
13348	1.0	3.4617789475313733e-32
13349	1.0	8.358951944164211e-43
13351	1.0	2.279237710578094e-35
13352	1.0	0.0
13353	1.0	0.0
13354	1.0	0.0
13355	1.0	0.0
13356	1.0	9.872090355657621e-23
13357	1.0	6.696467443284094e-25
13358	1.0	0.0
13359	1.0	9.890146161737339e-23
13360	1.0	0.0
13361	1.0	0.0
13362	0.9999758309339689	2.4169066031122487e-05
13363	1.0	0.0
13364	1.0	5.973288944067896e-26
13365	1.0	1.9744485577086858e-17
13366	1.0	0.0
13367	1.0	0.0
13368	1.0	1.9744485577086858e-17
13369	1.0	0.0
13370	1.0	0.0
13371	1.0	0.0
13372	1.0	0.0
13373	1.0	0.0
13374	0.9999999999999974	2.5089885349109436e-15
13375	1.0	2.375089032946139e-19
13376	1.0	1.1367322663534203e-32
13377	0.9999625207647846	3.747923521539596e-05
13378	1.0	1.396307066760573e-38
13379	1.0	0.0
13381	1.0	1.396307066760573e-38
13382	1.0	0.0
13383	1.0	0.0
13384	1.0	0.0
13385	0.9999988374988058	1.1625011941630805e-06
13386	0.9999999336721067	6.632789329931567e-08
13387	1.0	0.0
13388	0.9999999999958488	4.151237113003579e-12
13389	1.0	0.0
13390	1.0	0.0
13391	1.0	0.0
13392	1.0	0.0
13393	1.0	0.0
13394	1.0	3.6975328383721845e-36
13395	0.9999999999999911	8.9296726247438e-15
13396	1.0	0.0
13397	1.0	0.0
13398	1.0	0.0
13399	1.0	0.0
13400	1.0	3.6975328383721845e-36
13401	0.9999999999999911	8.9296726247438e-15
13402	1.0	0.0
13403	1.0	0.0
13404	1.0	0.0
13405	1.0	0.0
13406	0.9999999999961591	3.840972953832721e-12
13407	1.0	0.0
13408	0.9999999999715009	2.8499090573779848e-11
13409	1.0	0.0
13411	1.0	0.0
13412	1.0	1.4671704023160537e-41
13413	1.0	0.0
13414	1.0	0.0
13415	1.0	0.0
13416	1.0	3.2990937248727487e-18
13417	1.0	0.0
13418	1.0	0.0
13419	1.0	0.0
13420	1.0	0.0
13421	1.0	0.0
13422	0.9999999999999906	9.430134990400391e-15
13423	0.9999999966175364	3.3824636778279773e-09
13424	1.0	0.0
13425	1.0	0.0
13426	1.0	0.0
13427	1.0	0.0
13428	1.0	0.0
13429	1.0	0.0
13430	1.0	0.0
13431	1.0	0.0
13432	1.0	0.0
13433	1.0	0.0
13434	1.0	0.0
13435	1.0	0.0
13436	1.0	0.0
13437	1.0	0.0
13438	1.0	0.0
13439	1.0	0.0
13441	0.9999999999999956	4.433084695736655e-15
13442	1.0	0.0
13443	1.0	1.614275509126439e-36
13444	1.0	0.0
13445	1.0	0.0
13446	0.9999999988671069	1.1328930618709022e-09
13447	1.0	0.0
13448	0.9998120127175023	0.00018798728249763778
13449	1.0	1.0291014384280076e-23
13450	1.0	4.2290036753343085e-30
13451	1.0	0.0
13452	1.0	1.3355760381629427e-41
13453	1.0	9.661854942921003e-39
13454	0.9999999999994348	5.652588994565947e-13
13455	1.0	3.0331940273997634e-17
13456	1.0	0.0
13457	0.9999999999999428	5.720014217518276e-14
13458	0.9999999999999999	1.1946883323071393e-16
13459	1.0	0.0
13460	1.0	0.0
13461	0.9999999999999999	1.5530672783404823e-16
13462	1.0	1.7567655217470348e-19
13463	1.0	0.0
13464	0.9999999999999428	5.720014217518276e-14
13465	0.9999999999999999	1.1946883323071393e-16
13466	1.0	0.0
13467	1.0	0.0
13468	0.9999999999999999	1.5530672783404823e-16
13469	1.0	1.7567655217470348e-19
13471	1.0	0.0
13472	1.0	0.0
13473	1.0	5.97047024189843e-27
13474	1.0	0.0
13475	1.0	0.0
13476	1.0	0.0
13477	1.0	0.0
13478	1.0	0.0
13479	1.0	0.0
13480	0.9999999999999963	3.709352897414231e-15
13481	1.0	0.0
13482	0.9999999432013061	5.679869383135779e-08
13483	0.9999999121214401	8.787855985391802e-08
13484	1.0	4.955908563279714e-21
13485	0.9999999999606644	3.9335687598795465e-11
13486	0.9988936712193281	0.001106328780671895
13487	1.0	0.0
13488	1.0	0.0
13489	1.0	7.626678143419983e-39
13490	1.0	0.0
13491	0.9980800477920158	0.001919952207984264
13492	1.0	0.0
13493	0.7799516288459772	0.2200483711540228
13494	1.0	3.501411014266205e-24
13495	1.0	0.0
13496	1.0	0.0
13497	1.0	0.0
13498	0.9999999999999999	9.919887231375994e-17
13499	1.0	0.0
13501	0.9364855141160507	0.06351448588394927
13502	1.0	0.0
13503	1.0	4.287325575297429e-24
13504	1.0	3.3271776927403934e-17
13505	1.0	4.408283157194331e-30
13506	0.9757930026886726	0.024206997311327392
13507	1.0	1.5150295217600524e-24
13508	1.0	4.408283157194331e-30
13509	0.9757930026886726	0.024206997311327392
13510	1.0	1.5150295217600524e-24
13511	1.0	0.0
13512	1.0	0.0
13513	1.0	3.3271776927403934e-17
13514	1.0	0.0
13515	1.0	1.3229245373578744e-40
13516	0.9999999999999974	2.539348686389361e-15
13517	0.9999999999999959	4.116953997398203e-15
13518	1.0	0.0
13519	1.0	0.0
13520	1.0	0.0
13521	1.0	1.7158787582473024e-18
13522	1.0	3.011107147160181e-41
13523	0.9999999999999969	3.053892313444065e-15
13524	1.0	3.330350363609067e-27
13525	1.0	2.88711293483829e-24
13526	1.0	0.0
13527	1.0	1.2272888419705038e-29
13528	0.9999995506462737	4.493537262852591e-07
13529	1.0	1.9691645631059473e-19
13531	0.9999999999830844	1.6915609275139898e-11
13532	0.9999999999999964	3.518729460389877e-15
13533	1.0	1.0016773604918692e-37
13534	1.0	2.180116711314938e-32
13535	1.0	0.0
13536	1.0	0.0
13537	1.0	0.0
13538	1.0	0.0
13539	1.0	0.0
13540	0.9999998242622358	1.7573776417801678e-07
13541	1.0	1.7271005764207764e-20
13542	0.9999999999998932	1.0682717023230019e-13
13543	0.9987074085018923	0.0012925914981076433
13544	1.0	0.0
13545	1.0	0.0
13546	1.0	0.0
13547	0.9999998519074583	1.4809254163383703e-07
13548	1.0	2.570420239274443e-28
13549	1.0	0.0
13550	1.0	0.0
13551	1.0	1.2987882983768846e-19
13552	1.0	3.611542564978246e-27
13553	1.0	0.0
13554	1.0	0.0
13555	1.0	0.0
13556	1.0	3.611542564978246e-27
13557	1.0	0.0
13558	1.0	5.365059892722911e-33
13559	1.0	0.0
13561	1.0	0.0
13562	1.0	5.823387904667278e-38
13563	1.0	0.0
13564	1.0	0.0
13565	1.0	0.0
13566	1.0	0.0
13567	1.0	4.818929294946107e-26
13568	1.0	2.7738592942991485e-19
13569	1.0	1.737042825724858e-27
13570	0.9999999999998517	1.483027713625325e-13
13571	0.9999999999999993	6.440687763278075e-16
13572	1.0	7.297411460367956e-38
13573	1.0	8.69616109427535e-39
13574	1.0	0.0
13575	1.0	0.0
13576	1.0	6.533621250083718e-32
13577	1.0	0.0
13578	0.9999999999999999	1.1827232689834099e-16
13579	1.0	4.105584144915812e-22
13580	0.9999999999999999	1.1827232689834099e-16
13581	1.0	4.105584144915812e-22
13582	1.0	6.533621250083718e-32
13583	0.9999999581485599	4.185144010182705e-08
13584	1.0	0.0
13585	1.0	1.0279535805782664e-27
13586	1.0	0.0
13587	1.0	0.0
13588	1.0	0.0
13589	0.9999999999999996	4.491766692976439e-16
13591	1.0	0.0
13592	0.9999999999999845	1.5595234048998714e-14
13593	0.999997807446035	2.192553965049391e-06
13594	1.0	6.096609736565244e-31
13595	1.0	5.205958745710733e-31
13596	1.0	7.877839107467451e-18
13597	1.0	0.0
13598	1.0	5.542077298546576e-18
13599	1.0	5.205958745710733e-31
13600	1.0	0.0
13601	1.0	0.0
13602	1.0	0.0
13603	1.0	7.877839107467451e-18
13604	1.0	0.0
13605	1.0	5.542077298546576e-18
13606	1.0	0.0
13607	1.0	1.0412594799771455e-40
13608	1.0	0.0
13609	1.0	0.0
13610	1.0	0.0
13611	1.0	0.0
13612	0.9999999999999986	1.4246328270749903e-15
13613	0.9999999999999986	1.4258165040681e-15
13614	1.0	2.057463528388759e-21
13615	1.0	0.0
13616	1.0	0.0
13617	1.0	5.629996201870051e-23
13618	0.9999999999999999	1.0691160241070699e-16
13619	0.9999999999999879	1.204609629412439e-14
13621	1.0	0.0
13622	1.0	3.878110063971785e-25
13623	1.0	3.768980736590093e-23
13624	1.0	0.0
13625	1.0	0.0
13626	1.0	0.0
13627	1.0	0.0
13628	1.0	0.0
13629	1.0	0.0
13630	1.0	0.0
13631	1.0	0.0
13632	1.0	0.0
13633	0.9999999999999983	1.6493766751712457e-15
13634	1.0	1.2441947542837555e-21
13635	1.0	0.0
13636	1.0	0.0
13637	0.9999999999999909	9.053575095959216e-15
13638	1.0	0.0
13639	1.0	0.0
13640	0.9999999790326602	2.0967339783825027e-08
13641	0.9999999564071019	4.359289802215857e-08
13642	1.0	8.261461163024619e-43
13643	1.0	1.2639034531507791e-17
13644	1.0	0.0
13645	1.0	7.691835355079639e-26
13646	1.0	0.0
13647	1.0	5.26182215538401e-29
13648	1.0	0.0
13649	1.0	1.0573238354149135e-42
13651	1.0	4.3073141726103696e-19
13652	1.0	0.0
13653	1.0	0.0
13654	0.9999999999961225	3.877424957806888e-12
13655	0.9999999997362847	2.637152929265535e-10
13656	1.0	0.0
13657	1.0	8.625895017120171e-29
13658	1.0	0.0
13659	1.0	0.0
13660	1.0	0.0
13661	1.0	0.0
13662	1.0	0.0
13663	1.0	1.193418767219998e-19
13664	1.0	0.0
13665	1.0	8.138512107056262e-29
13666	1.0	3.7768962832934535e-32
13667	1.0	0.0
13668	1.0	4.1985950322683656e-18
13669	1.0	0.0
13670	1.0	0.0
13671	1.0	0.0
13672	1.0	0.0
13673	1.0	7.137571673199718e-28
13674	1.0	0.0
13675	1.0	0.0
13676	1.0	0.0
13677	1.0	0.0
13678	1.0	0.0
13679	1.0	2.7329179341862754e-21
13681	1.0	1.1135861156113119e-18
13682	1.0	1.1879496251699248e-17
13683	1.0	8.828757422350988e-39
13684	0.9999999999997916	2.083580108748447e-13
13685	0.9999999999999963	3.685529093867927e-15
13686	1.0	0.0
13687	1.0	7.53035722534031e-23
13688	1.0	0.0
13689	1.0	7.191386477430976e-23
13690	1.0	1.8237485278037562e-24
13691	1.0	0.0
13692	1.0	0.0
13693	1.0	0.0
13694	0.9999737908195843	2.6209180415760367e-05
13695	0.9999789355331601	2.1064466839921538e-05
13696	1.0	9.14236107995602e-22
13697	0.9999999999999934	6.508713712636784e-15
13698	1.0	9.020718288059633e-20
13699	1.0	0.0
13700	1.0	0.0
13701	1.0	1.6287315934652776e-38
13702	0.9999953923110683	4.6076889317498e-06
13703	1.0	0.0
13704	1.0	4.3736796934900895e-31
13705	1.0	0.0
13706	1.0	0.0
13707	1.0	0.0
13708	1.0	0.0
13709	1.0	1.3446400119436496e-33
13711	1.0	1.1882383241700294e-20
13712	1.0	0.0
13713	1.0	0.0
13714	0.999999996814394	3.1856059800422975e-09
13715	1.0	0.0
13716	0.9999996713396606	3.286603393633553e-07
13717	1.0	0.0
13718	1.0	1.3398171683428185e-25
13719	1.0	5.33101396884077e-33
13720	1.0	0.0
13721	1.0	0.0
13722	1.0	6.36045082145504e-25
13723	1.0	4.337132007697869e-19
13724	1.0	0.0
13725	1.0	1.1187343922596107e-20
13726	0.9999999999902106	9.78943211305588e-12
13727	1.0	0.0
13728	1.0	4.980477121007508e-21
13729	1.0	0.0
13730	1.0	0.0
13731	1.0	0.0
13732	0.9999999999999927	7.298242632469135e-15
13733	1.0	0.0
13734	1.0	0.0
13735	0.9999999999999982	1.7973123357503112e-15
13736	1.0	0.0
13737	1.0	1.386953289077118e-43
13738	1.0	0.0
13739	1.0	2.5707413164749287e-28
13741	1.0	0.0
13742	0.9999999997052285	2.9477157907736224e-10
13743	1.0	1.0363155256110269e-32
13744	1.0	0.0
13745	1.0	2.3679129186163182e-18
13746	1.0	9.636944108970103e-30
13747	0.9999999999999928	7.178706561245365e-15
13748	1.0	0.0
13749	0.9999999999471012	5.28988199330808e-11
13750	1.0	0.0
13751	0.9999999999999999	1.3375756094103693e-16
13752	1.0	0.0
13753	1.0	4.167106085505657e-35
13754	1.0	3.3630669983772744e-25
13755	1.0	0.0
13756	1.0	7.504579930827007e-30
13757	1.0	0.0
13758	1.0	0.0
13759	1.0	0.0
13760	0.44025508216566445	0.5597449178343356
13761	1.0	8.933518268759456e-31
13762	1.0	0.0
13763	1.0	0.0
13764	1.0	9.251437991882801e-33
13765	1.0	0.0
13766	1.0	0.0
13767	1.0	0.0
13768	1.0	0.0
13769	0.9999999999993994	6.006576497265885e-13
13771	1.0	4.0791450911868045e-23
13772	1.0	1.9242890811192053e-36
13773	0.9999999999999993	6.131885808114218e-16
13774	1.0	0.0
13775	1.0	0.0
13776	1.0	0.0
13777	1.0	0.0
13778	1.0	0.0
13779	0.9999999999980222	1.977754703767946e-12
13780	1.0	0.0
13781	1.0	0.0
13782	0.9999999999999903	9.645033693652227e-15
13783	1.0	2.728616601622992e-30
13784	1.0	0.0
13785	1.0	0.0
13786	1.0	0.0
13787	1.0	1.607965197035822e-17
13788	1.0	0.0
13789	1.0	0.0
13790	0.9999999999999969	3.0551271605001525e-15
13791	1.0	1.1378854900611452e-22
13792	1.0	0.0
13793	1.0	7.24639858176815e-26
13794	1.0	3.806014426088302e-36
13795	0.9999999999999863	1.3662991433173764e-14
13796	1.0	0.0
13797	1.0	0.0
13798	1.0	1.92905093898749e-21
13799	1.0	1.8659488591200411e-37
13801	1.0	0.0
13802	1.0	0.0
13803	0.9999999999411548	5.884518320166318e-11
13804	1.0	0.0
13805	1.0	6.80515889014353e-20
13806	1.0	0.0
13807	1.0	0.0
13808	1.0	0.0
13809	1.0	0.0
13810	0.999999999999916	8.407649043825555e-14
13811	1.0	0.0
13812	1.0	0.0
13813	0.9999999999931817	6.8183309196368265e-12
13814	1.0	0.0
13815	1.0	0.0
13816	1.0	0.0
13817	1.0	0.0
13818	1.0	4.004656085651584e-25
13819	1.0	0.0
13820	1.0	6.701186217258526e-25
13821	1.0	0.0
13822	1.0	0.0
13823	0.9999999992288605	7.711395093519879e-10
13824	0.9999999999999999	9.040348821143633e-17
13825	1.0	0.0
13826	1.0	0.0
13827	1.0	0.0
13828	1.0	5.402799468907627e-26
13829	0.9999999993958444	6.041556660672929e-10
13831	1.0	5.823748459734478e-27
13832	1.0	2.2303073677378514e-21
13833	0.9998677746815271	0.00013222531847286652
13834	0.9999972813029709	2.7186970290898817e-06
13835	1.0	2.3084049417741076e-22
13836	1.0	0.0
13837	1.0	0.0
13838	0.9999999822562297	1.7743770392950985e-08
13839	1.0	0.0
13840	1.0	1.0204759525425788e-22
13841	1.0	1.6311412241357803e-24
13842	1.0	0.0
13843	0.9999248411915953	7.515880840467938e-05
13844	1.0	0.0
13845	1.0	0.0
13846	1.0	0.0
13847	1.0	0.0
13848	1.0	3.482636383735425e-22
13849	1.0	6.994209092921699e-19
13850	0.998653899521466	0.0013461004785340518
13851	1.0	1.3646043539977506e-34
13852	1.0	2.5564327783438222e-42
13853	1.0	2.231433449083179e-21
13854	0.9999995249993167	4.7500068333190154e-07
13855	0.9999999999999953	4.629825375219883e-15
13856	0.09527188083138871	0.9047281191686113
13857	1.0	3.3494858392985626e-24
13858	1.0	1.098278589674275e-19
13859	1.0	0.0
13861	0.9999999998348921	1.6510791415216123e-10
13862	1.0	0.0
13863	0.09527188083138871	0.9047281191686113
13864	1.0	0.0
13865	1.0	6.669474620451356e-31
13866	1.0	0.0
13867	1.0	0.0
13868	1.0	3.3329982225652135e-19
13869	1.0	0.0
13870	1.0	0.0
13871	1.0	0.0
13872	0.9995746546901366	0.00042534530986338104
13873	1.0	0.0
13874	1.0	0.0
13875	1.0	5.3249897415444e-26
13876	1.0	4.862522119842898e-27
13877	1.0	0.0
13878	1.0	0.0
13879	1.0	3.7153052002253227e-28
13880	0.9999999531399101	4.686008987571716e-08
13881	0.9999999868965171	1.31034828518158e-08
13882	1.0	3.830337005865155e-24
13883	1.0	0.0
13884	1.0	0.0
13885	1.0	0.0
13886	1.0	0.0
13887	0.9999999992646043	7.353957643299949e-10
13888	0.9999999999999989	1.109749658968724e-15
13889	0.9999993699556662	6.30044333808506e-07
13891	0.9999999999705231	2.9476912589442797e-11
13892	1.0	1.7230498951993224e-26
13893	0.9999999999999788	2.125391575786931e-14
13894	0.999999999999978	2.1996912906177382e-14
13895	1.0	4.3696599200319895e-34
13896	1.0	0.0
13897	1.0	0.0
13898	1.0	0.0
13899	1.0	0.0
13900	1.0	0.0
13901	1.0	0.0
13902	1.0	1.617164960537562e-27
13903	0.9999999999915926	8.40740919511098e-12
13904	1.0	0.0
13905	1.0	3.9767598909506146e-19
13906	0.797577132860995	0.20242286713900506
13907	1.0	0.0
13908	0.9999757016402577	2.429835974224997e-05
13909	1.0	4.075842746212312e-34
13910	1.0	0.0
13911	1.0	6.275386083077507e-31
13912	1.0	0.0
13913	0.9999996507029226	3.4929707741417457e-07
13914	1.0	0.0
13915	0.9979335121425738	0.002066487857426236
13916	1.0	0.0
13917	1.0	0.0
13918	1.0	0.0
13919	1.0	0.0
13921	1.0	0.0
13922	0.9999999998480685	1.51931428066397e-10
13923	1.0	0.0
13924	1.0	0.0
13925	0.9999914764867982	8.523513201834944e-06
13926	1.0	0.0
13927	1.0	0.0
13928	1.0	0.0
13929	1.0	0.0
13930	1.0	5.232234836674063e-38
13931	1.0	0.0
13932	1.0	7.290398940469202e-18
13933	1.0	0.0
13934	1.0	0.0
13935	1.0	0.0
13936	0.9999999999939342	6.0658528440396775e-12
13937	1.0	0.0
13938	1.0	0.0
13939	1.0	0.0
13940	0.9999999999122003	8.779970716164928e-11
13941	1.0	0.0
13942	0.9999999999999416	5.838262989104891e-14
13943	1.0	0.0
13944	1.0	0.0
13945	0.9999999999999968	3.2076423507872463e-15
13946	1.0	0.0
13947	1.0	0.0
13948	1.0	0.0
13949	1.0	8.61809404083988e-18
13951	1.0	9.31659732170734e-22
13952	0.9999999999999999	7.391579949290504e-17
13953	0.9999994666808995	5.333191005967932e-07
13954	1.0	0.0
13955	1.0	0.0
13956	1.0	0.0
13957	0.9999999999994519	5.481283660469176e-13
13958	1.0	0.0
13959	1.0	0.0
13960	1.0	8.082828784960914e-18
13961	1.0	0.0
13962	1.0	5.392822237787583e-43
13963	1.0	0.0
13964	1.0	0.0
13965	1.0	0.0
13966	1.0	2.267289082041466e-18
13967	1.0	0.0
13968	0.9999999998664232	1.3357676549540426e-10
13969	1.0	2.75270726874265e-23
13970	1.0	3.8420396691879393e-25
13971	1.0	0.0
13972	1.0	0.0
13973	1.0	0.0
13974	0.9999999999787694	2.1230551110163793e-11
13975	0.9999999984841461	1.5158538951263597e-09
13976	1.0	8.064112455775215e-43
13977	1.0	0.0
13978	1.0	0.0
13979	1.0	0.0
13981	1.0	1.6289037709589283e-17
13982	0.9999999988314416	1.1685583228920328e-09
13983	1.0	0.0
13984	1.0	2.3595018460934555e-26
13985	1.0	0.0
13986	0.9999999999999999	1.150648343743857e-16
13987	1.0	0.0
13988	0.9999999989481336	1.0518664026990468e-09
13989	1.0	1.0835390158813136e-35
13990	1.0	0.0
13991	1.0	0.0
13992	1.0	0.0
13993	0.2944085743742849	0.7055914256257151
13994	1.0	5.750663031209064e-25
13995	1.0	7.904439650007005e-25
13996	0.9999999988314416	1.1685583228920328e-09
13997	1.0	1.6289037709589283e-17
13998	1.0	0.0
13999	1.0	0.0
14000	1.0	0.0
14001	1.0	1.752142824008688e-18
14002	1.0	2.048994499770186e-25
14003	1.0	5.7034874934141905e-21
14004	1.0	5.51507862948327e-38
14005	1.0	1.1011695860329742e-17
14006	1.0	2.1952918003167194e-30
14007	1.0	0.0
14008	1.0	6.750691001690124e-39
14009	1.0	1.4176895822488323e-24
14011	1.0	0.0
14012	1.0	0.0
14013	1.0	0.0
14014	1.0	4.876802444300834e-19
14015	1.0	0.0
14016	1.0	0.0
14017	1.0	8.648679135989661e-37
14018	1.0	0.0
14019	1.0	2.087713212448985e-32
14020	1.0	0.0
14021	1.0	0.0
14022	1.0	7.219474767988399e-23
14023	1.0	0.0
14024	1.0	0.0
14025	1.0	0.0
14026	1.0	0.0
14027	1.0	0.0
14028	1.0	0.0
14029	0.9999999999999984	1.5005437375360023e-15
14030	1.0	0.0
14031	1.0	0.0
14032	1.0	3.2303926744461194e-33
14033	1.0	0.0
14034	1.0	0.0
14035	1.0	0.0
14036	1.0	2.704924472976718e-41
14037	1.0	4.113571614411756e-29
14038	1.0	0.0
14039	1.0	0.0
14041	0.9998846705370104	0.00011532946298969394
14042	1.0	0.0
14043	1.0	3.641571808496446e-39
14044	1.0	2.1018681788353612e-36
14045	1.0	2.009482606500428e-23
14046	1.0	0.0
14047	1.0	0.0
14048	1.0	0.0
14049	0.9999999999999983	1.6612025660849289e-15
14050	1.0	2.1018681788353612e-36
14051	0.9999999999972734	2.726627986802005e-12
14052	1.0	0.0
14053	1.0	0.0
14054	0.9999999999999103	8.972528680086668e-14
14055	0.9999974526473442	2.5473526557970633e-06
14056	0.999999999999998	1.978277491847706e-15
14057	1.0	0.0
14058	1.0	0.0
14059	1.0	3.107220629544407e-34
14060	0.9999999999999536	4.641501989416282e-14
14061	0.9999999999999835	1.6550809946589427e-14
14062	1.0	3.951658883550209e-18
14063	1.0	0.0
14064	1.0	0.0
14065	1.0	0.0
14066	0.9991994552115474	0.000800544788452601
14067	0.9935420643156089	0.006457935684391162
14068	1.0	0.0
14069	1.0	0.0
14071	1.0	0.0
14072	1.0	0.0
14073	1.0	4.538085998695046e-33
14074	1.0	4.203838696803819e-23
14075	1.0	0.0
14076	1.0	1.5028249705051733e-20
14077	1.0	0.0
14078	1.0	0.0
14079	0.9999999999857453	1.4254658340528131e-11
14080	1.0	1.0451794627479042e-22
14081	1.0	0.0
14082	1.0	0.0
14083	1.0	0.0
14084	1.0	0.0
14085	1.0	4.077620909319113e-40
14086	0.9922151476338741	0.007784852366125872
14087	1.0	8.795460509453054e-27
14088	1.0	1.091838004724481e-19
14089	0.9999999998221664	1.7783359156607971e-10
14090	1.0	1.676327794881917e-29
14091	1.0	3.561086039563978e-19
14092	1.0	5.366628165193288e-33
14093	1.0	0.0
14094	0.999999999376957	6.230428983286087e-10
14095	1.0	0.0
14096	1.0	0.0
14097	0.9999999999765569	2.3443132871112637e-11
14098	1.0	0.0
14099	1.0	0.0
14101	1.0	0.0
14102	0.9999999999999913	8.683306879855758e-15
14103	0.999999999717937	2.820630101600239e-10
14104	1.0	0.0
14105	1.0	0.0
14106	1.0	5.705199529738225e-22
14107	0.9999999998845417	1.1545832021224836e-10
14108	1.0	0.0
14109	1.0	5.507788668303849e-41
14110	1.0	0.0
14111	1.0	0.0
14112	1.0	0.0
14113	1.0	0.0
14114	1.0	2.575360243768198e-30
14115	0.9999999999971771	2.822883979260551e-12
14116	1.0	7.867862224941172e-20
14117	0.9999213229747004	7.867702529964207e-05
14118	1.0	0.0
14119	1.0	0.0
14120	1.0	0.0
14121	1.0	0.0
14122	1.0	0.0
14123	1.0	0.0
14124	1.0	0.0
14125	1.0	0.0
14126	0.9999983933821269	1.6066178730496492e-06
14127	1.0	0.0
14128	1.0	6.963574755742893e-32
14129	1.0	0.0
14131	1.0	0.0
14132	1.0	0.0
14133	1.0	0.0
14134	1.0	0.0
14135	1.0	0.0
14136	0.9676389653977584	0.03236103460224164
14137	1.0	2.208174634441552e-23
14138	1.0	0.0
14139	1.0	0.0
14140	0.9999996735462349	3.2645376515369266e-07
14141	1.0	2.8572251696295447e-31
14142	1.0	3.7384930274180595e-19
14143	1.0	0.0
14144	1.0	1.2907749704920597e-25
14145	1.0	0.0
14146	1.0	0.0
14147	0.9999999999999987	1.3407511702074652e-15
14148	1.0	8.079847695305617e-19
14149	1.0	0.0
14150	1.0	0.0
14151	1.0	0.0
14152	1.0	4.968220828210135e-22
14153	1.0	0.0
14154	1.0	8.116364188464634e-32
14155	1.0	1.3069004322928012e-34
14156	1.0	0.0
14157	0.9999999949072271	5.092772831550773e-09
14158	1.0	6.024054358890684e-41
14159	0.9999998339671712	1.6603282878453176e-07
14161	1.0	0.0
14162	0.9988383682818738	0.001161631718126209
14163	1.0	0.0
14164	1.0	0.0
14165	1.0	0.0
14166	1.0	0.0
14167	1.0	0.0
14168	1.0	2.7357871062070885e-36
14169	1.0	0.0
14170	1.0	1.0016132283939666e-32
14171	1.0	0.0
14172	1.0	8.602271055094073e-40
14173	0.9543506215672095	0.045649378432790474
14174	0.9252948657133205	0.0747051342866795
14175	1.0	0.0
14176	1.0	0.0
14177	1.0	0.0
14178	1.0	0.0
14179	0.999999995793783	4.206217063818714e-09
14180	0.9999999953808468	4.619153173101048e-09
14181	1.0	0.0
14182	1.0	2.6840051315084484e-38
14183	1.0	0.0
14184	0.9999999657527064	3.424729359875745e-08
14185	0.999997868084122	2.131915877932726e-06
14186	1.0	1.5192320172439347e-23
14187	1.0	8.949177624715174e-26
14188	1.0	0.0
14189	1.0	0.0
14191	1.0	0.0
14192	1.0	0.0
14193	1.0	0.0
14194	1.0	0.0
14195	1.0	0.0
14196	1.0	8.372081705310476e-19
14197	0.9999985939690937	1.406030906263825e-06
14198	1.0	4.950087227624921e-21
14199	1.0	0.0
14200	0.9999372579158543	6.274208414569474e-05
14201	1.0	1.778615395756276e-29
14202	1.0	0.0
14203	1.0	0.0
14204	1.0	0.0
14205	0.9996057718475262	0.0003942281524738084
14206	0.9999999999999998	1.8598622364239003e-16
14207	0.9999999999999959	4.160801601143998e-15
14208	0.9887802818475886	0.011219718152411424
14209	1.0	0.0
14210	1.0	8.274073584048669e-23
14211	1.0	0.0
14212	1.0	0.0
14213	1.0	0.0
14214	1.0	8.617767947756055e-37
14215	1.0	0.0
14216	1.0	0.0
14217	0.9999999999996324	3.6761808401090745e-13
14218	1.0	0.0
14219	1.0	1.0381144896469366e-25
14221	1.0	0.0
14222	0.9999907971249302	9.20287506974938e-06
14223	0.9999999999995381	4.619026889882702e-13
14224	1.0	2.2595018203564915e-19
14225	0.9998614330009716	0.00013856699902839648
14226	1.0	0.0
14227	1.0	0.0
14228	1.0	0.0
14229	1.0	2.021817927531489e-36
14230	0.9999999999999999	1.5962860021234706e-16
14231	1.0	0.0
14232	1.0	0.0
14233	1.0	1.250147778194363e-39
14234	1.0	0.0
14235	0.9878289235959636	0.012171076404036325
14236	0.9999999999999948	5.220823480006915e-15
14237	1.0	1.2906330728225762e-19
14238	0.9999999999983767	1.6232818142246542e-12
14239	1.0	0.0
14240	1.0	0.0
14241	1.0	0.0
14242	1.0	0.0
14243	1.0	0.0
14244	1.0	0.0
14245	1.0	0.0
14246	0.9876746103911618	0.012325389608838186
14247	1.0	2.5129399141581234e-32
14248	1.0	1.3075593683169909e-24
14249	1.0	6.215839683637281e-24
14251	1.0	7.79086767659893e-27
14252	1.0	4.1936817286055296e-20
14253	0.9999999999999999	1.4059344740595282e-16
14254	1.0	0.0
14255	1.0	0.0
14256	1.0	0.0
14257	1.0	6.963268745075818e-19
14258	0.9993492175553947	0.000650782444605262
14259	1.0	0.0
14260	0.999999999998321	1.678996470397218e-12
14261	1.0	0.0
14262	1.0	0.0
14263	1.0	0.0
14264	1.0	1.6530080230683855e-32
14265	1.0	1.1715021030817068e-18
14266	0.999999841254659	1.5874534101103202e-07
14267	0.9999999999999828	1.7184613813131345e-14
14268	1.0	4.875584089487022e-27
14269	1.0	0.0
14270	1.0	0.0
14271	1.0	0.0
14272	1.0	0.0
14273	1.0	0.0
14274	1.0	0.0
14275	1.0	0.0
14276	1.0	0.0
14277	1.0	0.0
14278	1.0	8.728121237995362e-29
14279	1.0	0.0
14281	1.0	0.0
14282	1.0	0.0
14283	1.0	1.4668073150613516e-20
14284	1.0	4.022850615413721e-20
14285	0.9999999999666995	3.330048538723933e-11
14286	0.9999999999999991	8.684136001036663e-16
14287	1.0	1.6369356824649792e-22
14288	1.0	0.0
14289	1.0	0.0
14290	1.0	0.0
14291	0.9999090565590574	9.094344094265005e-05
14292	1.0	0.0
14293	1.0	0.0
14294	1.0	2.2619611520268263e-19
14295	1.0	3.0978701347171575e-19
14296	1.0	0.0
14297	0.99999999999072	9.280008807292813e-12
14298	0.9999999999999994	5.336732801539107e-16
14299	1.0	0.0
14300	1.0	0.0
14301	1.0	2.123553502765544e-37
14302	1.0	0.0
14303	1.0	2.0534743623915402e-43
14304	1.0	1.881706887077748e-20
14305	1.0	0.0
14306	1.0	0.0
14307	1.0	0.0
14308	1.0	0.0
14309	1.0	8.829825892507806e-27
14311	1.0	9.426304770056698e-22
14312	0.9999999998834479	1.1655214454281458e-10
14313	1.0	0.0
14314	1.0	0.0
14315	0.9999999999980033	1.9967189609889117e-12
14316	1.0	7.943612083631082e-28
14317	1.0	5.171096288238073e-41
14318	1.0	0.0
14319	1.0	0.0
14320	1.0	4.171891795536282e-35
14321	1.0	4.168433898880009e-36
14322	1.0	2.5423552202830874e-41
14323	0.0018557156336656	0.9981442843663344
14324	0.9999999999999999	1.0358895681669803e-16
14325	1.0	0.0
14326	0.9999985905782833	1.4094217167171817e-06
14327	1.0	0.0
14328	0.461454460227804	0.538545539772196
14329	1.0	3.265292819652986e-23
14330	1.0	0.0
14331	1.0	4.797181815464997e-43
14332	1.0	1.6571696725735813e-17
14333	1.0	1.408281095359708e-21
14334	1.0	0.0
14335	1.0	0.0
14336	1.0	0.0
14337	1.0	5.401418690521639e-27
14338	1.0	4.6496869364500686e-35
14339	1.0	3.5984863672751164e-41
14341	0.9999999999999999	6.275085066024418e-17
14342	0.9999383521469192	6.164785308077466e-05
14343	0.9999999999999836	1.6388865725542766e-14
14344	1.0	0.0
14345	1.0	1.7518167102708344e-18
14346	1.0	1.5230326893005175e-34
14347	0.999992856926722	7.143073277983171e-06
14348	1.0	0.0
14349	1.0	1.4734295187124073e-31
14350	0.9999999949471763	5.0528237420138995e-09
14351	1.0	7.936912999256958e-21
14352	1.0	4.60204865948865e-21
14353	1.0	3.4993823700159195e-20
14354	1.0	3.3865454856457363e-26
14355	1.0	3.64241617447896e-18
14356	1.0	5.4054672311856086e-43
14357	0.04786729973781345	0.9521327002621865
14358	1.0	0.0
14359	0.9999999999997699	2.3014776387693023e-13
14360	0.999999991987842	8.012158045342635e-09
14361	1.0	2.103814896126386e-26
14362	0.9999999998786403	1.2135968712049875e-10
14363	1.0	0.0
14364	0.999999953502937	4.6497062931192906e-08
14365	1.0	0.0
14366	1.0	0.0
14367	1.0	0.0
14368	1.0	0.0
14369	1.0	0.0
14371	1.0	0.0
14372	7.085443343157749e-13	0.9999999999992915
14373	1.0	1.483249328990736e-23
14374	1.0	9.37631337785723e-34
14375	1.0	0.0
14376	1.0	0.0
14377	1.0	1.0661764544554343e-37
14378	1.0	0.0
14379	1.0	0.0
14380	1.0	0.0
14381	1.0	0.0
14382	0.9999909765432572	9.023456742779953e-06
14383	1.0	2.6482474792558807e-27
14384	1.0	0.0
14385	1.0	4.543157529754805e-34
14386	1.0	0.0
14387	0.9999999999999986	1.4700661391911055e-15
14388	1.0	1.98507821921584e-43
14389	1.0	1.6079349411294378e-30
14390	1.0	1.2425546341557354e-18
14391	1.0	0.0
14392	1.0	0.0
14393	0.9999940397251542	5.9602748458394135e-06
14394	1.0	7.438393839234904e-43
14395	0.9999999999562599	4.374009063199854e-11
14396	1.0	0.0
14397	1.0	0.0
14398	1.0	0.0
14399	1.0	1.928123607767813e-36
14401	1.0	3.534009420785519e-27
14402	1.0	2.8272075366285916e-26
14403	1.0	5.521889719977153e-26
14404	1.0	0.0
14405	1.0	0.0
14406	1.0	0.0
14407	1.0	3.762807057604763e-44
14408	0.9999999999993429	6.571718562103438e-13
14409	0.0	1.0
14410	0.9999999619020127	3.809798731387211e-08
14411	0.9999999997871198	2.1288017615503804e-10
14412	1.0	0.0
14413	1.0	0.0
14414	1.0	5.317639143728434e-42
14415	0.9999983008093231	1.699190676981388e-06
14416	1.0	4.707929342314318e-18
14417	1.0	8.119520992123856e-27
14418	1.0	4.412815981076762e-27
14419	1.0	0.0
14420	1.0	6.110839620022782e-34
14421	1.0	0.0
14422	0.0	1.0
14423	0.0	1.0
14424	0.0	1.0
14425	0.9999814132290935	1.858677090653245e-05
14426	0.9991078883510333	0.0008921116489667424
14427	1.0	5.0944832221416595e-20
14428	1.0	6.5351099585599454e-18
14429	1.0	4.525193761894224e-33
14431	1.0	0.0
14432	1.0	0.0
14433	1.0	0.0
14434	1.0	4.0464373163639035e-31
14435	1.0	0.0
14436	1.0	0.0
14437	1.0	0.0
14438	1.0	0.0
14439	0.9999999999998697	1.3037641648475978e-13
14440	0.9999999999999871	1.287046581380442e-14
14441	1.0	0.0
14442	1.0	2.737405024604061e-35
14443	0.9999999999834132	1.65868889300335e-11
14444	1.0	1.08308464421478e-28
14445	1.0	0.0
14446	1.0	0.0
14447	1.0	0.0
14448	0.9999985263161637	1.4736838362989933e-06
14449	0.9999864805049549	1.3519495045185411e-05
14450	0.9987091296366502	0.001290870363349865
14451	1.0	1.983873993832588e-42
14452	0.999568340450182	0.00043165954981807245
14453	1.0	6.630654973153127e-27
14454	1.0	0.0
14455	1.0	1.2088666540799878e-35
14456	1.0	2.487048921739181e-32
14457	1.0	8.622832628477407e-28
14458	1.0	9.115619434092101e-35
14459	1.0	0.0
14461	1.0	0.0
14462	1.0	0.0
14463	1.0	0.0
14464	1.0	1.2698163255975071e-36
14465	1.0	0.0
14466	1.0	9.633617179197737e-18
14467	0.9999999999899551	1.0044843286878247e-11
14468	1.0	0.0
14469	1.0	6.675969593214769e-28
14470	1.0	2.301455960251814e-17
14471	0.9999999999999996	4.55498170758766e-16
14472	0.999999985318585	1.4681414981285493e-08
14473	1.0	0.0
14474	1.0	0.0
14475	0.9999966504628053	3.3495371947624227e-06
14476	1.0	0.0
14477	1.0	0.0
14478	1.0	0.0
14479	1.0	0.0
14480	1.0	0.0
14481	1.0	0.0
14482	1.0	0.0
14483	1.0	2.0160867497350743e-22
14484	0.9999800044979106	1.9995502089427825e-05
14485	1.0	1.148859709337698e-19
14486	1.0	0.0
14487	1.0	0.0
14488	1.0	0.0
14489	1.0	0.0
14491	1.0	0.0
14492	0.9999686362678769	3.136373212304944e-05
14493	1.0	3.802081979284922e-29
14494	1.0	4.119579752300825e-33
14495	0.9964226144197638	0.0035773855802361918
14496	0.9999999987331174	1.2668826232049083e-09
14497	1.0	0.0
14498	1.0	3.642468172463938e-25
14499	1.0	0.0
14500	1.0	0.0
14501	1.0	0.0
14502	0.9999999999998891	1.1094386288288365e-13
14503	1.0	0.0
14504	1.0	0.0
14505	1.0	0.0
14506	1.0	0.0
14507	1.0	0.0
14508	1.0	0.0
14509	1.0	2.530753147601078e-35
14510	1.0	0.0
14511	1.0	2.7800094682287618e-42
14512	1.0	0.0
14513	1.0	0.0
14514	1.0	0.0
14515	0.9999999999997685	2.314863345501418e-13
14516	1.0	4.0251033264455814e-38
14517	1.0	0.0
14518	1.0	2.318363546010437e-21
14519	1.0	0.0
14521	1.0	0.0
14522	1.0	0.0
14523	1.0	0.0
14524	1.0	0.0
14525	1.0	0.0
14526	0.9999999999999994	5.807884500977889e-16
14527	1.0	0.0
14528	1.0	2.9512605179186224e-31
14529	1.0	6.552538302790407e-25
14530	1.0	0.0
14531	1.0	0.0
14532	1.0	0.0
14533	0.9999795690476453	2.043095235473644e-05
14534	1.0	1.7884687582073125e-30
14535	1.0	3.650117138405646e-20
14536	1.0	7.775473641154693e-22
14537	1.0	5.9537340574791115e-28
14538	0.9999999999989987	1.0013487854950958e-12
14539	1.0	0.0
14540	0.9996959436076756	0.000304056392324446
14541	1.0	1.770944363339216e-35
14542	1.0	0.0
14543	1.0	0.0
14544	1.0	0.0
14545	1.0	2.3577847124793004e-30
14546	1.0	0.0
14547	1.0	5.188969298067892e-37
14548	1.0	3.490634951043236e-30
14549	1.0	0.0
14551	1.0	0.0
14552	1.0	0.0
14553	1.0	0.0
14554	1.0	0.0
14555	1.0	0.0
14556	1.0	3.662543505393945e-18
14557	1.0	0.0
14558	1.0	2.3047947525966224e-34
14559	1.0	4.3911445672728585e-23
14560	0.9995549876831388	0.0004450123168612689
14561	1.0	0.0
14562	1.0	0.0
14563	1.0	0.0
14564	0.9999999999959345	4.065567581390692e-12
14565	1.0	0.0
14566	1.0	0.0
14567	1.0	0.0
14568	1.0	5.069765765120119e-25
14569	1.0	0.0
14570	1.0	0.0
14571	1.0	0.0
14572	1.0	0.0
14573	1.0	7.231380613761415e-38
14574	1.0	3.9994098576155405e-22
14575	1.0	0.0
14576	1.0	0.0
14577	1.0	0.0
14578	1.0	9.124532496455273e-29
14579	0.9999999931978195	6.802180462025587e-09
14581	0.9999998089370159	1.9106298411453425e-07
14582	1.0	0.0
14583	0.999999999714863	2.851370555235768e-10
14584	1.0	0.0
14585	1.0	2.596047145722128e-34
14586	1.0	2.7791388456730776e-18
14587	0.9999999999999999	6.423856757795222e-17
14588	1.0	0.0
14589	1.0	0.0
14590	1.0	0.0
14591	1.0	3.1325636681468302e-40
14592	1.0	0.0
14593	1.0	0.0
14594	1.0	0.0
14595	1.0	0.0
14596	1.0	0.0
14597	1.0	0.0
14598	0.9372785214695725	0.06272147853042748
14599	1.0	2.123412978086903e-24
14600	1.0	3.547468338135401e-26
14601	1.0	0.0
14602	1.0	0.0
14603	1.0	0.0
14604	0.9990212931277782	0.000978706872221839
14605	1.0	0.0
14606	1.0	0.0
14607	1.0	0.0
14608	1.0	0.0
14609	1.0	0.0
14611	1.0	0.0
14612	1.0	2.2364095179165075e-19
14613	0.9999997645176126	2.354823874085931e-07
14614	1.0	0.0
14615	1.0	0.0
14616	1.0	0.0
14617	1.0	0.0
14618	1.0	3.579616371067803e-41
14619	1.0	0.0
14620	1.0	2.552842519177772e-32
14621	1.0	0.0
14622	1.0	0.0
14623	1.0	0.0
14624	1.0	0.0
14625	1.0	1.969693646164917e-40
14626	1.0	0.0
14627	1.0	0.0
14628	0.9999999998960821	1.0391781995455893e-10
14629	0.9999999999730009	2.6999049220480515e-11
14630	1.0	4.826110277577711e-32
14631	0.9999999990708749	9.291250694984773e-10
14632	1.0	0.0
14633	1.0	0.0
14634	1.0	6.468519301882661e-21
14635	0.9987568038786828	0.0012431961213171482
14636	0.9999987276170373	1.2723829626686752e-06
14637	1.0	2.3918440245234706e-21
14638	0.999999999999831	1.6898300157506593e-13
14639	1.0	0.0
14641	1.0	0.0
14642	1.0	0.0
14643	1.0	0.0
14644	1.0	0.0
14645	0.9999999999999811	1.892101760673641e-14
14646	1.0	7.517726373265273e-23
14647	1.0	0.0
14648	1.0	0.0
14649	1.0	1.7716268192960555e-19
14650	1.0	1.6310717397794297e-22
14651	0.9999999999277602	7.223976074088182e-11
14652	1.0	0.0
14653	1.0	0.0
14654	0.9999999977668883	2.2331117331709547e-09
14655	0.9999999874474607	1.2552539353068148e-08
14656	1.0	0.0
14657	1.0	8.78159626789396e-25
14658	1.0	0.0
14659	0.9999998807247752	1.1927522478431607e-07
14660	1.0	0.0
14661	1.0	4.799234991596443e-25
14662	1.0	0.0
14663	1.0	7.961533910873153e-39
14664	1.0	0.0
14665	1.0	0.0
14666	1.0	0.0
14667	1.0	0.0
14668	0.9999999985106093	1.4893907014539771e-09
14669	1.0	0.0
14671	0.9999999999999997	3.4760933816194607e-16
14672	1.0	0.0
14673	1.0	0.0
14674	1.0	9.403920521625381e-18
14675	1.0	0.0
14676	0.999994216042658	5.783957341952903e-06
14677	1.0	0.0
14678	0.9997349370625129	0.0002650629374870867
14679	1.0	7.223870249787105e-19
14680	1.0	0.0
14681	0.9997390753774006	0.00026092462259945067
14682	1.0	0.0
14683	0.9999999999512508	4.874918960345342e-11
14684	1.0	0.0
14685	1.0	0.0
14686	1.0	0.0
14687	0.9999996988533867	3.0114661333924963e-07
14688	1.0	9.548133117374516e-40
14689	1.0	2.4320219383090437e-37
14690	1.0	1.5958187982602894e-40
14691	0.9999999972929524	2.7070475825584523e-09
14692	1.0	0.0
14693	1.0	7.564338726623554e-39
14694	0.9492266684699355	0.050773331530064504
14695	1.0	0.0
14696	1.0	0.0
14697	1.0	0.0
14698	1.0	0.0
14699	1.0	2.6675455419678674e-20
14701	0.9999908416082035	9.158391796451696e-06
14702	1.0	0.0
14703	1.0	0.0
14704	1.0	0.0
14705	1.0	0.0
14706	1.0	6.245965789410913e-30
14707	1.0	0.0
14708	1.0	1.8102166000122756e-37
14709	1.0	2.010377359815961e-34
14710	1.0	3.438206224043829e-29
14711	1.0	0.0
14712	0.9999999999976139	2.3860924096457824e-12
14713	1.0	0.0
14714	1.0	4.776032725798695e-44
14715	1.0	2.1986261835475057e-36
14716	1.0	1.0497696689531788e-42
14717	0.9999999989810007	1.018999364046104e-09
14718	1.0	4.26086543484343e-41
14719	1.0	0.0
14720	0.9999947473566178	5.252643382251871e-06
14721	1.0	5.698466397865702e-26
14722	1.0	3.797230260880325e-27
14723	0.9999999997683476	2.3165234973513482e-10
14724	1.0	0.0
14725	1.0	0.0
14726	1.0	0.0
14727	1.0	0.0
14728	1.0	0.0
14729	1.0	1.8088843221772458e-39
14731	0.9999999670499571	3.295004294048015e-08
14732	1.0	0.0
14733	1.0	0.0
14734	1.0	0.0
14735	1.0	5.874961034189038e-39
14736	1.0	0.0
14737	1.0	3.343710954067717e-20
14738	1.0	0.0
14739	0.9999999677465358	3.225346419990769e-08
14740	0.999999999990174	9.825984270941796e-12
14741	1.0	0.0
14742	0.9999999944830263	5.5169736063077945e-09
14743	0.9999999999964793	3.520704980333504e-12
14744	0.9999938296344937	6.1703655063353025e-06
14745	1.0	0.0
14746	1.0	0.0
14747	1.0	1.3508527486569764e-21
14748	1.0	0.0
14749	1.0	3.3081332867804593e-40
14750	1.0	1.4656260753865604e-26
14751	1.0	0.0
14752	1.0	0.0
14753	1.0	0.0
14754	0.999999999336394	6.636059546443099e-10
14755	1.0	1.8791491197151346e-34
14756	1.0	7.246143212926565e-42
14757	1.0	1.8791491197151346e-34
14758	0.999999999999946	5.3972124269343264e-14
14759	1.0	2.0499868821078462e-31
14761	1.0	0.0
14762	1.0	0.0
14763	1.0	2.0008724389502866e-33
14764	1.0	0.0
14765	1.0	0.0
14766	1.0	0.0
14767	1.0	1.9323340858288877e-35
14768	1.0	1.180235975326748e-22
14769	1.0	0.0
14770	1.0	0.0
14771	0.9999981990371923	1.8009628076909092e-06
14772	1.0	0.0
14773	1.0	0.0
14774	1.0	0.0
14775	1.0	0.0
14776	1.0	1.0816093043106209e-43
14777	0.9999999987230542	1.2769457708863863e-09
14778	0.9999999999999816	1.8439910477478228e-14
14779	1.0	3.724537099560131e-28
14780	1.0	0.0
14781	1.0	1.5947905894042637e-36
14782	1.0	4.1446971343689606e-20
14783	1.0	1.7054733790202054e-23
14784	0.9999933142484242	6.685751575807924e-06
14785	0.9999999998639003	1.3609971883336767e-10
14786	1.0	7.381586105904721e-27
14787	0.9306024293466997	0.06939757065330038
14788	1.0	1.1792529949656353e-42
14789	1.0	0.0
14791	0.999996624550062	3.3754499379669653e-06
14792	1.0	5.315242604970181e-41
14793	1.0	6.085239281775149e-21
14794	0.9999997974169812	2.0258301879694616e-07
14795	1.0	0.0
14796	1.0	2.2286303118441312e-35
14797	0.9999999999999974	2.5008149761381287e-15
14798	1.0	0.0
14799	0.9999999999998347	1.653513504626401e-13
14800	0.9999999981959945	1.8040055475108924e-09
14801	1.0	0.0
14802	0.9999999999999992	7.431212303525311e-16
14803	0.9989795472572263	0.0010204527427737464
14804	1.0	0.0
14805	1.0	0.0
14806	0.9888930460675251	0.01110695393247484
14807	1.0	5.775994686757422e-28
14808	0.9999999977003565	2.2996434953359128e-09
14809	0.9999999864289747	1.3571025289352344e-08
14810	1.0	0.0
14811	1.0	0.0
14812	0.9999999999999618	3.817868743832868e-14
14813	1.0	0.0
14814	1.0	3.1447470867012092e-30
14815	0.9997616277547976	0.00023837224520241096
14816	1.0	0.0
14817	0.9999999812736965	1.8726303467397835e-08
14818	1.0	2.6601301423891755e-42
14819	1.0	0.0
14821	1.0	1.0609804779428621e-30
14822	0.9999940153511692	5.9846488308652464e-06
14823	1.0	0.0
14824	1.0	0.0
14825	1.0	0.0
14826	1.0	0.0
14827	1.0	2.6934541825392607e-34
14828	1.0	7.30980978934205e-34
14829	1.0	5.136103468224987e-44
14830	1.0	9.45789209615705e-22
14831	1.0	1.768891045963185e-18
14832	1.0	6.218705117802275e-27
14833	1.0	1.3018560997653797e-37
14834	0.9999996704388857	3.2956111430960247e-07
14835	1.0	1.3506733802524601e-24
14836	0.9999999999999529	4.7107894648439216e-14
14837	0.9999996542841545	3.457158455255896e-07
14838	1.0	1.5343167354016151e-43
14839	1.0	5.2513552046014437e-42
14840	1.0	0.0
14841	1.0	0.0
14842	1.0	1.3719125685760966e-40
14843	0.9999999999272845	7.271546840003126e-11
14844	1.0	0.0
14845	1.0	1.214041211544106e-38
14846	1.0	0.0
14847	1.0	5.127906881451555e-33
14848	1.0	1.3412418551727024e-27
14849	1.0	2.0842168952248478e-23
14851	1.0	1.1358172333474862e-31
14852	0.9999999999999998	2.550473780280223e-16
14853	1.0	0.0
14854	1.0	0.0
14855	1.0	0.0
14856	1.0	0.0
14857	1.0	8.389727648463226e-33
14858	1.0	0.0
14859	1.0	8.652543746768375e-18
14860	1.0	0.0
14861	1.0	3.325766012633246e-25
14862	1.0	1.079858010274052e-30
14863	1.0	2.9551028509469145e-27
14864	0.9999999999999999	7.74922205006202e-17
14865	1.0	0.0
14866	1.0	4.867618616167504e-26
14867	1.0	0.0
14868	1.0	2.3348438042785866e-30
14869	0.9633745928034113	0.036625407196588654
14870	1.0	2.1205083581531013e-22
14871	0.9999999980350455	1.9649545136441144e-09
14872	1.0	0.0
14873	1.0	0.0
14874	0.9999893204803115	1.0679519688442747e-05
14875	1.0	5.236842246429051e-30
14876	1.0	0.0
14877	1.0	0.0
14878	1.0	1.5865380035428122e-23
14879	1.0	5.688790995089402e-20
14881	1.0	0.0
14882	1.0	3.576795026824834e-23
14883	1.0	0.0
14884	1.0	0.0
14885	0.9999999999998818	1.1825842465690795e-13
14886	1.0	0.0
14887	1.0	0.0
14888	1.0	7.625019766341885e-33
14889	1.0	9.861058302025568e-19
14890	1.0	8.017785989443973e-43
14891	1.0	0.0
14892	1.0	1.3151125265298612e-40
14893	1.0	0.0
14894	1.0	2.6729878070648563e-43
14895	0.9999999999999991	8.977497870330913e-16
14896	1.0	0.0
14897	1.0	1.338425794175936e-40
14898	1.0	0.0
14899	0.9999999999794166	2.0583435263146998e-11
14900	1.0	2.2858299538521148e-38
14901	1.0	0.0
14902	1.0	0.0
14903	1.0	0.0
14904	0.999999999958381	4.1618995356873784e-11
14905	1.0	0.0
14906	0.9999996554264119	3.4457358813207564e-07
14907	0.9999999991454481	8.545518282489011e-10
14908	1.0	6.114024812856093e-23
14909	1.0	1.1511565927822493e-18
14911	0.9999999972798935	2.7201064987693535e-09
14912	1.0	0.0
14913	1.0	0.0
14914	1.0	0.0
14915	1.0	0.0
14916	1.0	0.0
14917	1.0	0.0
14918	0.9999999999999112	8.885845919024233e-14
14919	1.0	1.984533446321994e-30
14920	0.9999999999979978	2.0021821846450502e-12
14921	1.0	0.0
14922	1.0	0.0
14923	0.9999999999921892	7.810741812276617e-12
14924	1.0	8.796929931228713e-41
14925	1.0	0.0
14926	1.0	0.0
14927	0.9994562509532391	0.0005437490467608987
14928	0.9999999912193209	8.780679101509849e-09
14929	1.0	0.0
14930	1.0	0.0
14931	1.0	0.0
14932	1.0	0.0
14933	0.9999999996002139	3.997861114638515e-10
14934	1.0	1.0587750768309305e-17
14935	0.9999999999929625	7.037462037970259e-12
14936	1.0	0.0
14937	1.0	0.0
14938	0.9999999999832183	1.678172683659992e-11
14939	1.0	0.0
14941	1.0	1.6734085853680525e-17
14942	1.0	0.0
14943	1.0	9.213729216520881e-28
14944	1.0	0.0
14945	1.0	0.0
14946	1.0	0.0
14947	1.0	8.897827803681512e-40
14948	1.0	0.0
14949	1.0	1.3257955511083014e-19
14950	0.9997842963900168	0.00021570360998328513
14951	1.0	0.0
14952	0.999999999997729	2.2709582440619455e-12
14953	1.0	0.0
14954	1.0	0.0
14955	0.9999999999999607	3.930272736671473e-14
14956	1.0	7.948553878181169e-38
14957	1.0	0.0
14958	1.0	0.0
14959	1.0	0.0
14960	1.0	0.0
14961	1.0	0.0
14962	1.0	0.0
14963	1.0	0.0
14964	1.0	0.0
14965	1.0	0.0
14966	0.999999999998848	1.1519571159630169e-12
14967	1.0	0.0
14968	1.0	0.0
14969	1.0	0.0
14971	1.0	0.0
14972	1.0	0.0
14973	1.0	3.1041575570243284e-20
14974	1.0	0.0
14975	1.0	0.0
14976	1.0	1.0515790280916073e-40
14977	1.0	0.0
14978	1.0	0.0
14979	1.0	4.6679048002710307e-42
14980	1.0	0.0
14981	0.9974118957170222	0.002588104282977868
14982	0.9999302511298263	6.974887017375781e-05
14983	1.0	0.0
14984	0.9999999999998439	1.561265733926467e-13
14985	1.0	0.0
14986	0.9999999999436233	5.637665576769722e-11
14987	1.0	0.0
14988	1.0	0.0
14989	1.0	0.0
14990	0.9999993039141696	6.960858304300884e-07
14991	0.9999999999063754	9.362451170707039e-11
14992	1.0	0.0
14993	1.0	0.0
14994	0.9999999990187048	9.812951859055254e-10
14995	1.0	8.303321166835934e-41
14996	1.0	0.0
14997	1.0	0.0
14998	1.0	0.0
14999	1.0	0.0
15001	1.0	1.5266016163680155e-28
15002	1.0	6.81352347012571e-24
15003	1.0	3.0753416831442873e-28
15004	1.0	1.2015975716583253e-20
15005	1.0	1.07841812479389e-33
15006	1.0	0.0
15007	0.9999999999995427	4.572523139331345e-13
15008	1.0	0.0
15009	1.0	0.0
15010	0.9999999999998167	1.833175326161653e-13
15011	1.0	0.0
15012	0.9999999999998381	1.6189233597273186e-13
15013	1.0	0.0
15014	1.0	3.568275652825017e-18
15015	1.0	0.0
15016	1.0	5.2242659838542304e-20
15017	1.0	0.0
15018	0.9999899415782243	1.0058421775673795e-05
15019	1.0	0.0
15020	1.0	0.0
15021	1.0	0.0
15022	1.0	9.281930997008374e-25
15023	1.0	0.0
15024	1.0	0.0
15025	1.0	0.0
15026	1.0	1.595142073463289e-25
15027	0.9999996568669679	3.4313303212520996e-07
15028	1.0	0.0
15029	0.9999999999014032	9.859674242303201e-11
15031	1.0	0.0
15032	1.0	0.0
15033	1.0	0.0
15034	1.0	0.0
15035	1.0	2.165098988849204e-37
15036	1.0	0.0
15037	1.0	0.0
15038	1.0	0.0
15039	0.9999913600929641	8.639907035942172e-06
15040	1.0	0.0
15041	2.220446049250313e-16	0.9999999999999998
15042	0.0	1.0
15043	0.0	1.0
15044	0.0	1.0
15045	0.0	1.0
15046	0.0	1.0
15047	0.0	1.0
15048	0.0	1.0
15049	0.0	1.0
15050	0.0	1.0
15051	0.0	1.0
15052	3.2788347302803444e-06	0.9999967211652697
15053	0.0	1.0
15054	0.0	1.0
15055	0.0	1.0
15056	0.0	1.0
15057	0.0	1.0
15058	0.0	1.0
15059	0.0	1.0
15061	0.0	1.0
15062	0.0	1.0
15063	0.0	1.0
15064	0.0	1.0
15065	0.0	1.0
15066	0.0	1.0
15067	0.0	1.0
15068	0.0	1.0
15069	0.0	1.0
15070	0.0	1.0
15071	0.0	1.0
15072	0.0	1.0
15073	0.0	1.0
15074	0.0	1.0
15075	0.0	1.0
15076	0.0	1.0
15077	0.0	1.0
15078	0.0	1.0
15079	0.0	1.0
15080	0.0	1.0
15081	0.0	1.0
15082	0.0	1.0
15083	0.0	1.0
15084	0.0	1.0
15085	0.0	1.0
15086	0.0	1.0
15087	0.0	1.0
15088	0.0	1.0
15089	0.0	1.0
15091	0.0	1.0
15092	0.0	1.0
15093	0.04894547637394853	0.9510545236260515
15094	0.0	1.0
15095	0.0	1.0
15096	0.0	1.0
15097	0.0	1.0
15098	0.0	1.0
15099	6.750822123535727e-11	0.9999999999324918
15100	0.0	1.0
15101	0.0	1.0
15102	0.002041886415478422	0.9979581135845216
15103	0.0073476188013473775	0.9926523811986526
15104	8.659739592076221e-15	0.9999999999999913
15105	0.0	1.0
15106	0.0	1.0
15107	0.0	1.0
15108	0.0	1.0
15109	0.0	1.0
15110	0.0	1.0
15111	0.0	1.0
15112	3.967544071059592e-10	0.9999999996032456
15113	4.688069932257122e-10	0.999999999531193
15114	0.0	1.0
15115	1.5297473732189815e-08	0.9999999847025263
15116	6.275460716853587e-06	0.9999937245392831
15117	0.0	1.0
15118	6.661338147750939e-16	0.9999999999999993
15119	0.0	1.0
15121	0.0	1.0
15122	2.2089974294203785e-10	0.9999999997791003
15123	0.0	1.0
15124	5.281997061956645e-11	0.99999999994718
15125	1.2656542480726785e-14	0.9999999999999873
15126	0.0	1.0
15127	1.466685570272741e-05	0.9999853331442973
15128	0.0	1.0
15129	6.999536653873317e-05	0.9999300046334613
15130	1.0123013538532177e-12	0.9999999999989877
15131	0.0	1.0
15132	9.401372014217202e-09	0.999999990598628
15133	0.0	1.0
15134	0.0	1.0
15135	3.707601559099771e-08	0.9999999629239844
15136	0.0	1.0
15137	1.6320818607695742e-07	0.9999998367918139
15138	0.0	1.0
15139	0.0	1.0
15140	0.0	1.0
15141	0.0	1.0
15142	0.0	1.0
15143	0.0	1.0
15144	0.0	1.0
15145	3.0355817859373246e-09	0.9999999969644182
15146	0.0	1.0
15147	0.0	1.0
15148	0.0	1.0
15149	0.0	1.0
15151	0.0	1.0
15152	0.0	1.0
15153	0.0	1.0
15154	0.0	1.0
15155	0.0	1.0
15156	0.0	1.0
15157	0.0	1.0
15158	0.0	1.0
15159	0.0	1.0
15160	0.0	1.0
15161	0.0	1.0
15162	0.0	1.0
15163	0.0	1.0
15164	0.0	1.0
15165	2.755386436248397e-05	0.9999724461356375
15166	0.0073855573077337144	0.9926144426922663
15167	0.0	1.0
15168	0.0	1.0
15169	0.0	1.0
15170	1.9984014443252818e-15	0.999999999999998
15171	0.0	1.0
15172	0.0	1.0
15173	0.0	1.0
15174	0.0	1.0
15175	0.0	1.0
15176	0.0	1.0
15177	0.0	1.0
15178	1.1646239528317892e-12	0.9999999999988354
15179	0.0	1.0
15181	0.0	1.0
15182	0.0	1.0
15183	0.0	1.0
15184	1.8297141579637355e-11	0.9999999999817029
15185	0.0	1.0
15186	3.679243443244218e-08	0.9999999632075656
15187	0.0	1.0
15188	0.0	1.0
15189	0.0	1.0
15190	0.0	1.0
15191	0.0	1.0
15192	0.0	1.0
15193	0.0	1.0
15194	0.0	1.0
15195	0.0	1.0
15196	0.0	1.0
15197	1.5622547699933875e-10	0.9999999998437745
15198	0.0	1.0
15199	0.0	1.0
15200	0.0	1.0
15201	0.0	1.0
15202	1.0012435325279512e-11	0.9999999999899876
15203	0.0	1.0
15204	0.0	1.0
15205	0.0	1.0
15206	2.7605029373489742e-11	0.999999999972395
15207	0.0	1.0
15208	0.0	1.0
15209	0.0	1.0
15211	0.0	1.0
15212	2.886579864025407e-15	0.9999999999999971
15213	3.6415315207705135e-14	0.9999999999999636
15214	0.0	1.0
15215	0.0	1.0
15216	0.0	1.0
15217	5.340460940139735e-08	0.9999999465953906
15218	0.0	1.0
15219	0.0001242396264273804	0.9998757603735726
15220	0.4064065501282642	0.5935934498717358
15221	3.752553823233029e-14	0.9999999999999625
15222	0.0	1.0
15223	0.10071808209474142	0.8992819179052586
15224	0.0	1.0
15225	0.0	1.0
15226	0.0	1.0
15227	0.0	1.0
15228	0.0	1.0
15229	0.0	1.0
15230	0.0	1.0
15231	0.0	1.0
15232	0.0	1.0
15233	0.0	1.0
15234	0.0	1.0
15235	0.0	1.0
15236	0.0	1.0
15237	0.0	1.0
15238	0.0	1.0
15239	0.04349986059718769	0.9565001394028123
15241	0.0	1.0
15242	0.0	1.0
15243	0.0	1.0
15244	0.0	1.0
15245	0.0	1.0
15246	0.0	1.0
15247	0.0	1.0
15248	0.0	1.0
15249	0.0	1.0
15250	0.0	1.0
15251	0.0	1.0
15252	3.7969627442180354e-14	0.999999999999962
15253	2.3434587603787804e-12	0.9999999999976565
15254	9.681144774731365e-14	0.9999999999999032
15255	0.0	1.0
15256	0.0003043245966618535	0.9996956754033381
15257	8.881784197001252e-16	0.9999999999999991
15258	0.0	1.0
15259	0.0	1.0
15260	0.0	1.0
15261	0.0	1.0
15262	0.0	1.0
15263	0.0	1.0
15264	0.0	1.0
15265	0.0	1.0
15266	0.0	1.0
15267	6.661338147750939e-16	0.9999999999999993
15268	0.0	1.0
15269	0.0	1.0
15271	0.0	1.0
15272	0.0	1.0
15273	0.0	1.0
15274	0.0	1.0
15275	0.0	1.0
15276	0.0	1.0
15277	0.0	1.0
15278	0.0	1.0
15279	1.1136455646543197e-08	0.9999999888635444
15280	0.0	1.0
15281	0.0	1.0
15282	0.0	1.0
15283	0.0	1.0
15284	0.0	1.0
15285	0.0	1.0
15286	2.5219042065316444e-05	0.9999747809579347
15287	0.0	1.0
15288	0.0	1.0
15289	0.0	1.0
15290	2.609024107869118e-13	0.9999999999997391
15291	4.831008549655014e-05	0.9999516899145034
15292	2.105426943899147e-12	0.9999999999978946
15293	0.0	1.0
15294	0.0	1.0
15295	0.0	1.0
15296	0.0	1.0
15297	0.0	1.0
15298	0.977173019035836	0.022826980964164068
15299	0.0	1.0
15301	0.0	1.0
15302	0.0	1.0
15303	0.0	1.0
15304	8.02634925189949e-09	0.9999999919736507
15305	0.0	1.0
15306	0.0	1.0
15307	2.220446049250313e-15	0.9999999999999978
15308	0.0	1.0
15309	0.0	1.0
15310	0.0	1.0
15311	0.0	1.0
15312	0.0	1.0
15313	0.0	1.0
15314	3.0243707027644007e-07	0.9999996975629297
15315	0.0	1.0
15316	2.7148818748656822e-09	0.9999999972851181
15317	0.0	1.0
15318	0.0	1.0
15319	0.0	1.0
15320	0.0	1.0
15321	0.0	1.0
15322	3.8892056775097217e-07	0.9999996110794322
15323	2.0339285811132868e-12	0.9999999999979661
15324	3.142456585947251e-06	0.999996857543414
15325	0.0	1.0
15326	0.0	1.0
15327	1.63202784619898e-13	0.9999999999998368
15328	0.0	1.0
15329	0.0	1.0
15331	0.0	1.0
15332	0.0	1.0
15333	0.0	1.0
15334	0.0	1.0
15335	0.0	1.0
15336	0.0	1.0
15337	0.0	1.0
15338	0.0	1.0
15339	0.0	1.0
15340	0.0	1.0
15341	8.761880110341735e-13	0.9999999999991238
15342	0.0	1.0
15343	0.0	1.0
15344	0.0	1.0
15345	0.0	1.0
15346	0.0	1.0
15347	0.0	1.0
15348	0.00011496795460674836	0.9998850320453933
15349	0.0	1.0
15350	0.0	1.0
15351	0.0	1.0
15352	0.0	1.0
15353	0.0	1.0
15354	0.0	1.0
15355	4.367617378875366e-13	0.9999999999995632
15356	0.0	1.0
15357	5.6070703635668906e-12	0.9999999999943929
15358	0.0	1.0
15359	0.0	1.0
15361	0.0	1.0
15362	0.0	1.0
15363	0.0	1.0
15364	0.0	1.0
15365	4.440892098500626e-16	0.9999999999999996
15366	0.0	1.0
15367	0.0	1.0
15368	0.0	1.0
15369	0.0	1.0
15370	6.369668070771439e-08	0.9999999363033193
15371	0.0	1.0
15372	0.0	1.0
15373	0.0	1.0
15374	1.7608187102835515e-06	0.9999982391812897
15375	0.0	1.0
15376	0.0	1.0
15377	0.0	1.0
15378	0.0	1.0
15379	0.0	1.0
15380	1.354472090042691e-14	0.9999999999999865
15381	3.352873534367973e-14	0.9999999999999665
15382	0.0	1.0
15383	0.0	1.0
15384	0.0	1.0
15385	0.0	1.0
15386	0.0	1.0
15387	0.0280926811819181	0.9719073188180819
15388	0.0	1.0
15389	0.0	1.0
15391	0.0	1.0
15392	0.0	1.0
15393	0.0	1.0
15394	0.0	1.0
15395	8.881784197001252e-16	0.9999999999999991
15396	0.0	1.0
15397	0.1402929724757772	0.8597070275242228
15398	3.3077984795681914e-12	0.9999999999966922
15399	0.0	1.0
15400	0.0	1.0
15401	5.901773253436104e-07	0.9999994098226747
15402	0.00013178467445351671	0.9998682153255465
15403	0.0	1.0
15404	0.0	1.0
15405	2.220446049250313e-16	0.9999999999999998
15406	0.0	1.0
15407	0.0	1.0
15408	0.0	1.0
15409	0.0	1.0
15410	0.0	1.0
15411	1.6986412276764895e-13	0.9999999999998301
15412	0.0	1.0
15413	0.0	1.0
15414	0.0	1.0
15415	0.0	1.0
15416	0.0	1.0
15417	0.0	1.0
15418	0.0	1.0
15419	0.0	1.0
15421	0.0	1.0
15422	0.0	1.0
15423	0.0	1.0
15424	0.0	1.0
15425	4.4378900554420397e-10	0.999999999556211
15426	0.0	1.0
15427	0.0	1.0
15428	0.0	1.0
15429	1.8139356683377628e-10	0.9999999998186064
15430	0.0	1.0
15431	0.0	1.0
15432	0.0012701421372400823	0.9987298578627599
15433	0.0	1.0
15434	0.0	1.0
15435	1.1324274851176597e-14	0.9999999999999887
15436	0.0	1.0
15437	1.3322676295501878e-15	0.9999999999999987
15438	0.0	1.0
15439	0.0	1.0
15440	0.0	1.0
15441	0.0	1.0
15442	0.0	1.0
15443	5.711164818844594e-08	0.9999999428883518
15444	0.0	1.0
15445	0.0003296465392307324	0.9996703534607693
15446	0.0	1.0
15447	0.0	1.0
15448	0.0	1.0
15449	0.0	1.0
15451	0.0	1.0
15452	0.0	1.0
15453	0.0	1.0
15454	0.0	1.0
15455	0.0	1.0
15456	0.0	1.0
15457	0.0	1.0
15458	0.0	1.0
15459	0.0	1.0
15460	0.0	1.0
15461	0.0	1.0
15462	0.0	1.0
15463	0.0	1.0
15464	2.6258444529858593e-08	0.9999999737415555
15465	0.0	1.0
15466	0.0	1.0
15467	0.0	1.0
15468	0.0	1.0
15469	0.0	1.0
15470	1.5765166949677223e-14	0.9999999999999842
15471	0.0	1.0
15472	0.0	1.0
15473	0.0	1.0
15474	0.0	1.0
15475	0.0	1.0
15476	0.0	1.0
15477	0.0	1.0
15478	0.0	1.0
15479	2.6228534011352167e-08	0.999999973771466
15481	1.9539925233402755e-14	0.9999999999999805
15482	0.0	1.0
15483	0.0	1.0
15484	0.0	1.0
15485	0.0	1.0
15486	0.0	1.0
15487	0.0	1.0
15488	0.0	1.0
15489	0.0	1.0
15490	0.0	1.0
15491	0.0	1.0
15492	0.0	1.0
15493	0.0	1.0
15494	2.2870594307278225e-14	0.9999999999999771
15495	0.0	1.0
15496	0.0	1.0
15497	0.0	1.0
15498	2.220446049250313e-16	0.9999999999999998
15499	0.0	1.0
15500	0.0	1.0
15501	0.0	1.0
15502	0.0	1.0
15503	0.0	1.0
15504	0.0	1.0
15505	0.0	1.0
15506	0.0	1.0
15507	0.0	1.0
15508	0.0	1.0
15509	0.0	1.0
15511	0.0	1.0
15512	0.0	1.0
15513	0.0	1.0
15514	0.0	1.0
15515	0.0	1.0
15516	3.698574779775754e-11	0.9999999999630143
15517	0.0	1.0
15518	0.0	1.0
15519	0.0	1.0
15520	0.0	1.0
15521	0.0	1.0
15522	0.0	1.0
15523	2.075369609499944e-08	0.9999999792463039
15524	0.0	1.0
15525	0.0	1.0
15526	0.0	1.0
15527	0.0	1.0
15528	0.0	1.0
15529	0.0	1.0
15530	0.688946829707678	0.31105317029232205
15531	4.929390229335695e-14	0.9999999999999507
15532	0.0	1.0
15533	0.0	1.0
15534	0.0	1.0
15535	0.0	1.0
15536	0.0	1.0
15537	6.972200594645983e-14	0.9999999999999303
15538	0.0	1.0
15539	0.0	1.0
15541	0.0	1.0
15542	0.0	1.0
15543	0.00016512749336095034	0.999834872506639
15544	0.0	1.0
15545	0.0	1.0
15546	0.0	1.0
15547	0.0	1.0
15548	0.0	1.0
15549	0.0	1.0
15550	0.0	1.0
15551	0.0	1.0
15552	0.0	1.0
15553	9.409197865295482e-10	0.9999999990590802
15554	4.440892098500626e-16	0.9999999999999996
15555	9.947598300641403e-14	0.9999999999999005
15556	1.3322676295501878e-15	0.9999999999999987
15557	0.0	1.0
15558	0.0	1.0
15559	0.0	1.0
15560	0.0	1.0
15561	0.0	1.0
15562	0.0	1.0
15563	0.0	1.0
15564	0.0	1.0
15565	0.0	1.0
15566	0.0	1.0
15567	0.0	1.0
15568	0.0	1.0
15569	1.0198508704206688e-12	0.9999999999989801
15571	0.0	1.0
15572	0.0	1.0
15573	0.0	1.0
15574	0.0	1.0
15575	0.0	1.0
15576	0.0	1.0
15577	1.6404726137508874e-06	0.9999983595273862
15578	0.0	1.0
15579	0.0	1.0
15580	5.755396159656812e-13	0.9999999999994245
15581	0.0	1.0
15582	2.220446049250313e-16	0.9999999999999998
15583	0.0	1.0
15584	0.0	1.0
15585	0.0	1.0
15586	0.0	1.0
15587	0.0	1.0
15588	0.0	1.0
15589	0.0	1.0
15590	3.6084180088380435e-10	0.9999999996391582
15591	0.0	1.0
15592	0.0	1.0
15593	1.2845458030597e-10	0.9999999998715454
15594	0.0	1.0
15595	1.3788969965844444e-12	0.9999999999986211
15596	0.0	1.0
15597	0.0	1.0
15598	0.0	1.0
15599	0.0	1.0
15601	0.0	1.0
15602	2.129893227342805e-07	0.9999997870106773
15603	0.0	1.0
15604	1.312415196397243e-05	0.999986875848036
15605	0.0	1.0
15606	0.0	1.0
15607	0.0	1.0
15608	0.0	1.0
15609	0.0	1.0
15610	0.0	1.0
15611	0.0	1.0
15612	0.0	1.0
15613	0.0	1.0
15614	0.0	1.0
15615	0.0	1.0
15616	0.0	1.0
15617	0.0	1.0
15618	0.0	1.0
15619	0.0	1.0
15620	0.0	1.0
15621	0.0	1.0
15622	0.0	1.0
15623	0.0	1.0
15624	0.0	1.0
15625	0.0	1.0
15626	0.0	1.0
15627	0.0	1.0
15628	0.0	1.0
15629	0.0	1.0
15631	0.0	1.0
15632	0.0	1.0
15633	0.0	1.0
15634	0.0	1.0
15635	0.0	1.0
15636	4.691752831131879e-06	0.9999953082471689
15637	0.0	1.0
15638	0.0	1.0
15639	0.0	1.0
15640	2.3026025530725747e-13	0.9999999999997697
15641	0.0	1.0
15642	0.0	1.0
15643	0.0	1.0
15644	0.0	1.0
15645	0.0	1.0
15646	0.0	1.0
15647	0.0	1.0
15648	0.0	1.0
15649	0.0	1.0
15650	0.0	1.0
15651	0.0	1.0
15652	0.0	1.0
15653	0.0	1.0
15654	0.0	1.0
15655	0.0	1.0
15656	0.0	1.0
15657	0.0	1.0
15658	0.0	1.0
15659	0.0	1.0
15661	0.0	1.0
15662	0.0	1.0
15663	0.0	1.0
15664	0.0	1.0
15665	0.0	1.0
15666	0.0	1.0
15667	0.0	1.0
15668	0.0	1.0
15669	0.0	1.0
15670	0.0	1.0
15671	0.0	1.0
15672	0.0	1.0
15673	0.0	1.0
15674	0.04495890137553482	0.9550410986244652
15675	0.0	1.0
15676	0.0	1.0
15677	2.6645352591003757e-15	0.9999999999999973
15678	7.118750033896504e-13	0.9999999999992881
15679	1.245070713196128e-11	0.9999999999875493
15680	0.0	1.0
15681	0.0	1.0
15682	2.9909408283401717e-13	0.9999999999997009
15683	0.0	1.0
15684	0.0	1.0
15685	0.0	1.0
15686	0.0	1.0
15687	0.0	1.0
15688	0.0	1.0
15689	0.0	1.0
15691	0.0	1.0
15692	0.0	1.0
15693	0.0	1.0
15694	0.014429159002744996	0.985570840997255
15695	0.0	1.0
15696	0.0	1.0
15697	0.0	1.0
15698	0.0	1.0
15699	8.415490526658687e-14	0.9999999999999158
15700	0.0	1.0
15701	0.0	1.0
15702	0.0	1.0
15703	0.0	1.0
15704	5.622131449278811e-08	0.9999999437786855
15705	0.0	1.0
15706	0.0	1.0
15707	0.0	1.0
15708	2.348304061206008e-07	0.9999997651695939
15709	0.0	1.0
15710	0.0	1.0
15711	0.0	1.0
15712	0.0	1.0
15713	0.0	1.0
15714	0.0	1.0
15715	0.0	1.0
15716	0.0	1.0
15717	0.0	1.0
15718	0.0	1.0
15719	0.0	1.0
15721	0.0	1.0
15722	0.0	1.0
15723	0.0	1.0
15724	0.0	1.0
15725	0.0	1.0
15726	0.0	1.0
15727	0.0	1.0
15728	0.0	1.0
15729	0.0	1.0
15730	0.0	1.0
15731	0.0	1.0
15732	0.0	1.0
15733	0.0	1.0
15734	0.0	1.0
15735	0.0	1.0
15736	0.0	1.0
15737	0.0	1.0
15738	9.85878045867139e-13	0.9999999999990141
15739	0.0	1.0
15740	0.0	1.0
15741	0.0	1.0
15742	0.0	1.0
15743	0.0	1.0
15744	0.0	1.0
15745	0.0	1.0
15746	0.0	1.0
15747	0.0	1.0
15748	0.0	1.0
15749	0.0	1.0
15751	0.00011914558497805317	0.999880854415022
15752	0.0	1.0
15753	0.0	1.0
15754	0.0	1.0
15755	0.0	1.0
15756	0.0	1.0
15757	0.0	1.0
15758	0.0	1.0
15759	0.0	1.0
15760	0.0	1.0
15761	1.0298206731818027e-11	0.9999999999897018
15762	0.0	1.0
15763	1.9984014443252818e-14	0.99999999999998
15764	0.0	1.0
15765	0.0	1.0
15766	0.0	1.0
15767	0.0	1.0
15768	0.0	1.0
15769	1.1102230246251565e-15	0.9999999999999989
15770	0.0	1.0
15771	0.0	1.0
15772	0.0	1.0
15773	0.0	1.0
15774	0.0	1.0
15775	0.0	1.0
15776	0.0	1.0
15777	0.0	1.0
15778	0.0	1.0
15779	0.0	1.0
15781	0.0	1.0
15782	0.0	1.0
15783	0.0	1.0
15784	4.0412095891895206e-09	0.9999999959587904
15785	1.6030444893733176e-07	0.9999998396955511
15786	0.0	1.0
15787	0.0	1.0
15788	0.0	1.0
15789	0.0	1.0
15790	0.0	1.0
15791	0.0	1.0
15792	0.0	1.0
15793	2.220446049250313e-16	0.9999999999999998
15794	0.0	1.0
15795	0.0	1.0
15796	0.0	1.0
15797	0.0	1.0
15798	0.0	1.0
15799	0.0	1.0
15800	0.0	1.0
15801	0.0	1.0
15802	0.0	1.0
15803	6.01201310956867e-11	0.9999999999398799
15804	3.2076563627470023e-12	0.9999999999967923
15805	0.0	1.0
15806	0.0	1.0
15807	0.0	1.0
15808	0.0	1.0
15809	0.0	1.0
15811	0.0	1.0
15812	0.0	1.0
15813	0.0	1.0
15814	0.0	1.0
15815	0.0	1.0
15816	0.0	1.0
15817	0.0	1.0
15818	0.01235556259255699	0.987644437407443
15819	0.011567146778594162	0.9884328532214058
15820	0.9865881928054042	0.013411807194595747
15821	0.0	1.0
15822	1.2296830220748234e-12	0.9999999999987703
15823	0.0	1.0
15824	0.0	1.0
15825	0.0	1.0
15826	0.0	1.0
15827	2.333466753157154e-12	0.9999999999976665
15828	1.5508705430988812e-11	0.9999999999844913
15829	4.440892098500626e-15	0.9999999999999956
15830	1.2247980407664727e-12	0.9999999999987752
15831	0.2941684119170531	0.7058315880829469
15832	1.210456179734365e-10	0.9999999998789544
15833	0.0	1.0
15834	2.330495796343257e-10	0.9999999997669504
15835	0.0	1.0
15836	0.0	1.0
15837	0.0	1.0
15838	0.0	1.0
15839	1.1109055847557947e-05	0.9999888909441524
15841	0.0	1.0
15842	0.0	1.0
15843	0.0	1.0
15844	2.9976021664879227e-14	0.99999999999997
15845	0.0	1.0
15846	0.0	1.0
15847	0.0	1.0
15848	0.0	1.0
15849	0.0	1.0
15850	0.0	1.0
15851	0.0	1.0
15852	0.0	1.0
15853	0.0	1.0
15854	0.0	1.0
15855	0.0	1.0
15856	0.0	1.0
15857	0.0	1.0
15858	0.0	1.0
15859	0.0	1.0
15860	7.220195552548603e-10	0.9999999992779804
15861	8.469281896239522e-06	0.9999915307181038
15862	0.0	1.0
15863	0.0	1.0
15864	2.3068302823503473e-10	0.999999999769317
15865	0.0	1.0
15866	0.0	1.0
15867	0.0	1.0
15868	0.0	1.0
15869	0.0	1.0
15871	0.0	1.0
15872	0.0	1.0
15873	0.0	1.0
15874	2.69340105774063e-13	0.9999999999997307
15875	0.0	1.0
15876	0.0	1.0
15877	0.0	1.0
15878	6.394884621840902e-14	0.999999999999936
15879	0.0	1.0
15880	4.423017507804161e-11	0.9999999999557698
15881	0.0	1.0
15882	0.0	1.0
15883	0.0	1.0
15884	0.0	1.0
15885	0.0	1.0
15886	5.10702591327572e-15	0.9999999999999949
15887	0.0	1.0
15888	0.0	1.0
15889	0.0	1.0
15890	0.0	1.0
15891	0.0	1.0
15892	0.0	1.0
15893	0.0	1.0
15894	0.0	1.0
15895	0.0	1.0
15896	0.0	1.0
15897	0.0	1.0
15898	0.0	1.0
15899	0.0	1.0
15901	0.0	1.0
15902	0.0	1.0
15903	0.0	1.0
15904	0.0	1.0
15905	0.0	1.0
15906	2.6645352591003757e-13	0.9999999999997335
15907	0.0	1.0
15908	0.0	1.0
15909	8.881784197001252e-14	0.9999999999999112
15910	0.0	1.0
15911	2.3081536681957004e-12	0.9999999999976918
15912	4.2232883856740955e-13	0.9999999999995777
15913	2.4491519923230953e-13	0.9999999999997551
15914	0.0	1.0
15915	0.0	1.0
15916	9.976464099281657e-13	0.9999999999990024
15917	4.638308239046651e-05	0.9999536169176095
15918	0.0	1.0
15919	2.4202861936828413e-14	0.9999999999999758
15920	0.005134783144430943	0.9948652168555691
15921	0.025884244438299064	0.9741157555617009
15922	0.0	1.0
15923	0.0	1.0
15924	2.4187984948298435e-11	0.999999999975812
15925	0.0	1.0
15926	0.0	1.0
15927	0.0	1.0
15928	1.4876988529977098e-14	0.9999999999999851
15929	3.936850845320805e-13	0.9999999999996063
15931	0.0	1.0
15932	3.2862601528904634e-14	0.9999999999999671
15933	4.739748593607374e-10	0.9999999995260251
15934	0.0	1.0
15935	0.0	1.0
15936	0.0	1.0
15937	1.3665957254715977e-11	0.999999999986334
15938	8.088129244132602e-08	0.9999999191187076
15939	0.0	1.0
15940	0.0	1.0
15941	5.10702591327572e-15	0.9999999999999949
15942	0.0	1.0
15943	0.0	1.0
15944	0.0	1.0
15945	0.0	1.0
15946	0.0	1.0
15947	0.0	1.0
15948	0.0	1.0
15949	0.0	1.0
15950	0.0	1.0
15951	0.0	1.0
15952	1.5543122344752192e-15	0.9999999999999984
15953	0.0	1.0
15954	0.0	1.0
15955	0.0	1.0
15956	0.0	1.0
15957	0.0	1.0
15958	0.0	1.0
15959	3.8259793833206324e-05	0.9999617402061668
15961	0.0	1.0
15962	0.0	1.0
15963	0.0	1.0
15964	0.0	1.0
15965	1.311743446086311e-07	0.9999998688256554
15966	0.0	1.0
15967	0.0	1.0
15968	0.0	1.0
15969	8.881784197001252e-16	0.9999999999999991
15970	0.0006098222734673975	0.9993901777265326
15971	0.019631393121178786	0.9803686068788212
15972	0.0	1.0
15973	0.0	1.0
15974	0.0	1.0
15975	0.0	1.0
15976	0.0	1.0
15977	0.0	1.0
15978	0.0	1.0
15979	5.555537523349585e-07	0.9999994444462477
15980	0.0	1.0
15981	2.220446049250313e-16	0.9999999999999998
15982	0.0	1.0
15983	0.0	1.0
15984	0.0	1.0
15985	0.0	1.0
15986	0.0	1.0
15987	1.4074963416987885e-11	0.999999999985925
15988	0.0	1.0
15989	0.0	1.0
15991	0.0	1.0
15992	5.551115123125783e-15	0.9999999999999944
15993	0.0	1.0
15994	3.1885605267234496e-11	0.9999999999681144
15995	0.0	1.0
15996	0.0	1.0
15997	1.7763568394002505e-15	0.9999999999999982
15998	0.0	1.0
15999	0.0	1.0
16000	0.0	1.0
16001	0.0	1.0
16002	0.0	1.0
16003	0.0	1.0
16004	0.0	1.0
16005	0.0	1.0
16006	0.0	1.0
16007	0.0	1.0
16008	0.0	1.0
16009	0.0	1.0
16010	0.0	1.0
16011	0.0	1.0
16012	0.0	1.0
16013	0.0	1.0
16014	2.220446049250313e-16	0.9999999999999998
16015	0.0	1.0
16016	0.0	1.0
16017	0.0	1.0
16018	0.0	1.0
16019	0.0	1.0
16021	2.4070604953685404e-08	0.999999975929395
16022	0.0	1.0
16023	0.0	1.0
16024	0.0	1.0
16025	0.0	1.0
16026	0.0	1.0
16027	0.0	1.0
16028	0.0	1.0
16029	2.1009860518006462e-12	0.999999999997899
16030	0.0	1.0
16031	0.0	1.0
16032	0.0	1.0
16033	0.0	1.0
16034	0.0	1.0
16035	0.0	1.0
16036	0.0	1.0
16037	0.0	1.0
16038	0.0	1.0
16039	2.348121697082206e-12	0.9999999999976519
16040	0.0	1.0
16041	0.0	1.0
16042	8.415490526658687e-14	0.9999999999999158
16043	0.0	1.0
16044	3.774758283725532e-15	0.9999999999999962
16045	6.205850088147891e-06	0.9999937941499119
16046	0.0	1.0
16047	0.0	1.0
16048	0.0	1.0
16049	0.0	1.0
16051	0.0	1.0
16052	0.0	1.0
16053	0.0	1.0
16054	0.0	1.0
16055	8.306000331970154e-11	0.99999999991694
16056	0.0	1.0
16057	0.0	1.0
16058	0.0	1.0
16059	0.0	1.0
16060	3.791591707269504e-09	0.9999999962084083
16061	6.43875397443594e-09	0.999999993561246
16062	0.0	1.0
16063	1.7425971776674487e-10	0.9999999998257403
16064	0.0	1.0
16065	0.0	1.0
16066	0.0	1.0
16067	0.0	1.0
16068	0.0	1.0
16069	0.0	1.0
16070	0.0	1.0
16071	0.0	1.0
16072	0.0	1.0
16073	0.0	1.0
16074	2.220446049250313e-16	0.9999999999999998
16075	1.624721246429317e-09	0.9999999983752788
16076	0.0	1.0
16077	0.0	1.0
16078	0.0	1.0
16079	1.5543122344752192e-15	0.9999999999999984
16081	0.0	1.0
16082	0.0	1.0
16083	0.0	1.0
16084	0.0	1.0
16085	0.0	1.0
16086	0.0	1.0
16087	0.0	1.0
16088	0.0	1.0
16089	0.0	1.0
16090	5.939693181744587e-13	0.999999999999406
16091	1.090914303336632e-08	0.999999989090857
16092	0.0	1.0
16093	0.0	1.0
16094	6.439293542825908e-15	0.9999999999999936
16095	0.0	1.0
16096	0.0	1.0
16097	0.0	1.0
16098	0.0	1.0
16099	0.0	1.0
16100	0.0	1.0
16101	0.0	1.0
16102	0.0	1.0
16103	0.0	1.0
16104	0.0	1.0
16105	2.3097745938116532e-11	0.9999999999769023
16106	0.0	1.0
16107	0.0	1.0
16108	0.0	1.0
16109	0.0	1.0
16111	0.0	1.0
16112	0.0	1.0
16113	0.0	1.0
16114	2.116746333769015e-09	0.9999999978832537
16115	0.0	1.0
16116	0.0	1.0
16117	0.0	1.0
16118	0.0	1.0
16119	0.0	1.0
16120	0.0	1.0
16121	0.0	1.0
16122	0.0	1.0
16123	0.002762330027011317	0.9972376699729887
16124	0.0	1.0
16125	0.0	1.0
16126	0.0	1.0
16127	0.0	1.0
16128	0.0	1.0
16129	0.0	1.0
16130	1.4427126160398984e-11	0.9999999999855729
16131	0.0	1.0
16132	0.0	1.0
16133	0.0	1.0
16134	0.0	1.0
16135	0.0	1.0
16136	0.0	1.0
16137	0.0	1.0
16138	0.0	1.0
16139	0.0	1.0
16141	0.0	1.0
16142	0.0	1.0
16143	0.0	1.0
16144	0.0	1.0
16145	0.0	1.0
16146	0.0	1.0
16147	0.0	1.0
16148	0.0	1.0
16149	7.76778641409237e-12	0.9999999999922322
16150	3.774758283725532e-15	0.9999999999999962
16151	0.0	1.0
16152	0.0	1.0
16153	0.0	1.0
16154	0.0	1.0
16155	2.4202861936828413e-14	0.9999999999999758
16156	0.0	1.0
16157	0.0	1.0
16158	0.0	1.0
16159	0.0	1.0
16160	0.0	1.0
16161	0.0	1.0
16162	0.0	1.0
16163	0.0	1.0
16164	0.0	1.0
16165	0.0	1.0
16166	0.0	1.0
16167	4.912146245317217e-10	0.9999999995087854
16168	0.0	1.0
16169	0.0	1.0
16171	0.0	1.0
16172	0.0	1.0
16173	9.986056426214418e-11	0.9999999999001394
16174	2.220446049250313e-16	0.9999999999999998
16175	0.0	1.0
16176	0.0	1.0
16177	1.2605472221594027e-12	0.9999999999987395
16178	0.0	1.0
16179	0.0	1.0
16180	0.0	1.0
16181	0.0	1.0
16182	0.0	1.0
16183	0.0	1.0
16184	0.0	1.0
16185	0.0	1.0
16186	0.0	1.0
16187	0.0	1.0
16188	0.0	1.0
16189	0.0	1.0
16190	0.0	1.0
16191	0.0	1.0
16192	0.0	1.0
16193	0.0	1.0
16194	6.388445328298076e-11	0.9999999999361155
16195	0.0	1.0
16196	5.393468338610319e-09	0.9999999946065317
16197	0.0	1.0
16198	0.0	1.0
16199	6.0531579748612785e-12	0.9999999999939468
16201	0.0	1.0
16202	0.0	1.0
16203	0.0	1.0
16204	0.0	1.0
16205	8.979792703867062e-07	0.9999991020207296
16206	0.0	1.0
16207	0.0	1.0
16208	0.0	1.0
16209	0.0	1.0
16210	0.0	1.0
16211	9.436474309731935e-07	0.999999056352569
16212	0.0	1.0
16213	0.0	1.0
16214	0.0	1.0
16215	0.0	1.0
16216	0.0	1.0
16217	0.0	1.0
16218	0.0	1.0
16219	0.0	1.0
16220	1.8825385694754004e-11	0.9999999999811746
16221	0.0	1.0
16222	0.0	1.0
16223	0.0	1.0
16224	0.0	1.0
16225	0.0	1.0
16226	0.0	1.0
16227	0.0	1.0
16228	0.0	1.0
16229	0.0	1.0
16231	5.773159728050814e-15	0.9999999999999942
16232	0.0	1.0
16233	0.0	1.0
16234	0.0	1.0
16235	0.0	1.0
16236	0.0	1.0
16237	0.0	1.0
16238	0.0	1.0
16239	0.0	1.0
16240	0.0	1.0
16241	0.0	1.0
16242	0.0	1.0
16243	0.00023271417474723943	0.9997672858252528
16244	2.220954684273302e-06	0.9999977790453157
16245	0.0	1.0
16246	0.0	1.0
16247	0.0	1.0
16248	3.086420008457935e-14	0.9999999999999691
16249	0.0	1.0
16250	0.0	1.0
16251	0.0	1.0
16252	0.0	1.0
16253	0.0	1.0
16254	0.0	1.0
16255	0.0	1.0
16256	0.0	1.0
16257	0.0	1.0
16258	0.0	1.0
16259	0.0	1.0
16261	0.0	1.0
16262	0.0	1.0
16263	0.0	1.0
16264	0.0	1.0
16265	0.0	1.0
16266	0.0	1.0
16267	0.0	1.0
16268	3.243450616974286e-07	0.9999996756549383
16269	0.0	1.0
16270	0.0	1.0
16271	0.0	1.0
16272	0.0	1.0
16273	0.0	1.0
16274	0.0	1.0
16275	0.0	1.0
16276	0.0	1.0
16277	4.276578469131209e-08	0.9999999572342153
16278	0.0	1.0
16279	0.0	1.0
16280	0.0	1.0
16281	0.0	1.0
16282	0.0	1.0
16283	0.0	1.0
16284	3.6193270602780103e-14	0.9999999999999638
16285	8.382183835919932e-13	0.9999999999991618
16286	0.0	1.0
16287	0.0	1.0
16288	0.0	1.0
16289	0.0	1.0
16291	0.0	1.0
16292	0.0	1.0
16293	5.736056074567841e-10	0.9999999994263944
16294	0.0	1.0
16295	0.0	1.0
16296	2.9376709849149307e-06	0.9999970623290151
16297	0.0	1.0
16298	0.0	1.0
16299	0.0	1.0
16300	0.0	1.0
16301	0.0	1.0
16302	0.0	1.0
16303	0.0	1.0
16304	0.0	1.0
16305	0.0	1.0
16306	1.1102230246251565e-15	0.9999999999999989
16307	0.0	1.0
16308	0.0	1.0
16309	2.1904504765579702e-07	0.9999997809549523
16310	0.0	1.0
16311	0.0	1.0
16312	0.0	1.0
16313	0.0	1.0
16314	0.0	1.0
16315	0.0	1.0
16316	0.0	1.0
16317	0.0	1.0
16318	0.0	1.0
16319	0.0	1.0
16321	0.0	1.0
16322	0.0	1.0
16323	0.0	1.0
16324	0.0	1.0
16325	0.0	1.0
16326	0.0	1.0
16327	0.005272457144323228	0.9947275428556768
16328	0.0	1.0
16329	0.0	1.0
16330	2.220446049250313e-16	0.9999999999999998
16331	0.0	1.0
16332	0.0	1.0
16333	0.0	1.0
16334	0.0	1.0
16335	0.0	1.0
16336	9.547918011776346e-15	0.9999999999999905
16337	0.0	1.0
16338	0.0	1.0
16339	0.0	1.0
16340	0.0	1.0
16341	0.0	1.0
16342	0.0	1.0
16343	0.0	1.0
16344	3.440350726524599e-07	0.9999996559649273
16345	0.0	1.0
16346	0.0	1.0
16347	0.0	1.0
16348	0.0	1.0
16349	0.0	1.0
16351	3.006483950684924e-13	0.9999999999996994
16352	0.0	1.0
16353	0.0	1.0
16354	0.0	1.0
16355	0.0	1.0
16356	0.0	1.0
16357	0.0	1.0
16358	4.440892098500626e-16	0.9999999999999996
16359	1.7500467741626835e-10	0.9999999998249953
16360	5.726772463698904e-05	0.999942732275363
16361	0.0	1.0
16362	0.0	1.0
16363	0.0	1.0
16364	0.0	1.0
16365	0.0	1.0
16366	0.0	1.0
16367	0.0	1.0
16368	0.0	1.0
16369	0.0	1.0
16370	5.1672000012104036e-12	0.9999999999948328
16371	0.0	1.0
16372	4.440892098500626e-16	0.9999999999999996
16373	8.881784197001252e-16	0.9999999999999991
16374	1.4790835223266185e-10	0.9999999998520916
16375	0.0006779786824083756	0.9993220213175916
16376	0.0	1.0
16377	0.0	1.0
16378	3.907312623485648e-05	0.9999609268737651
16379	0.0	1.0
16381	7.2737371681341756e-12	0.9999999999927263
16382	0.0	1.0
16383	0.0	1.0
16384	0.0	1.0
16385	0.0	1.0
16386	1.2417884931448242e-07	0.9999998758211507
16387	9.955848795706324e-06	0.9999900441512043
16388	0.0	1.0
16389	0.0	1.0
16390	0.0	1.0
16391	0.0	1.0
16392	0.0	1.0
16393	0.0	1.0
16394	0.0	1.0
16395	0.0	1.0
16396	0.0	1.0
16397	0.0	1.0
16398	0.0	1.0
16399	0.0	1.0
16400	2.042810365310288e-14	0.9999999999999796
16401	0.0	1.0
16402	0.0	1.0
16403	8.852414357107818e-10	0.9999999991147586
16404	0.0	1.0
16405	0.0	1.0
16406	0.0	1.0
16407	0.0	1.0
16408	0.0	1.0
16409	0.0	1.0
16411	0.0	1.0
16412	0.0	1.0
16413	0.0	1.0
16414	0.0	1.0
16415	0.0	1.0
16416	0.0	1.0
16417	0.0	1.0
16418	3.932230097092315e-09	0.9999999960677699
16419	0.0	1.0
16420	0.0	1.0
16421	1.0436096431476471e-14	0.9999999999999896
16422	0.0	1.0
16423	0.0	1.0
16424	0.0	1.0
16425	0.0	1.0
16426	0.9999999975671351	2.4328649421361533e-09
16427	0.0	1.0
16428	0.0	1.0
16429	0.0	1.0
16430	0.0	1.0
16431	4.440892098500626e-16	0.9999999999999996
16432	0.0	1.0
16433	0.0	1.0
16434	0.0	1.0
16435	0.0	1.0
16436	0.0	1.0
16437	0.0	1.0
16438	0.0	1.0
16439	1.3322676295501878e-15	0.9999999999999987
16441	0.0	1.0
16442	0.0	1.0
16443	1.83956405663821e-10	0.9999999998160436
16444	0.0	1.0
16445	0.0	1.0
16446	0.0	1.0
16447	2.5580202611674707e-07	0.9999997441979739
16448	0.0	1.0
16449	0.0	1.0
16450	0.0	1.0
16451	0.0	1.0
16452	0.0	1.0
16453	0.0	1.0
16454	0.0	1.0
16455	0.0	1.0
16456	0.0	1.0
16457	0.0	1.0
16458	0.0	1.0
16459	4.440892098500626e-16	0.9999999999999996
16460	0.0	1.0
16461	0.0	1.0
16462	0.0	1.0
16463	0.0	1.0
16464	0.0	1.0
16465	0.0	1.0
16466	1.5858891977416079e-10	0.9999999998414111
16467	0.0	1.0
16468	0.0	1.0
16469	0.0	1.0
16471	0.0	1.0
16472	0.0	1.0
16473	0.0	1.0
16474	6.661338147750939e-16	0.9999999999999993
16475	0.0	1.0
16476	0.0	1.0
16477	0.0	1.0
16478	0.0	1.0
16479	0.0	1.0
16480	0.0	1.0
16481	0.0	1.0
16482	0.0	1.0
16483	0.0	1.0
16484	1.2231435633225374e-06	0.9999987768564367
16485	0.0	1.0
16486	0.0	1.0
16487	0.0	1.0
16488	0.0	1.0
16489	0.0	1.0
16490	0.0	1.0
16491	0.0	1.0
16492	1.1102230246251565e-15	0.9999999999999989
16493	0.0	1.0
16494	7.327471962526033e-14	0.9999999999999267
16495	0.0	1.0
16496	0.0	1.0
16497	1.358293033604241e-09	0.999999998641707
16498	0.0	1.0
16499	0.0	1.0
16501	0.0	1.0
16502	0.0	1.0
16503	0.0	1.0
16504	0.0	1.0
16505	0.0	1.0
16506	0.0	1.0
16507	4.5173531582065607e-10	0.9999999995482647
16508	0.0	1.0
16509	0.0	1.0
16510	0.0	1.0
16511	0.0	1.0
16512	0.0	1.0
16513	8.881784197001252e-16	0.9999999999999991
16514	0.0	1.0
16515	2.5768498446154808e-11	0.9999999999742315
16516	0.0	1.0
16517	0.0	1.0
16518	0.0	1.0
16519	0.0	1.0
16520	0.0	1.0
16521	0.0	1.0
16522	0.0	1.0
16523	0.0	1.0
16524	0.0	1.0
16525	0.0	1.0
16526	0.0	1.0
16527	0.0	1.0
16528	0.0	1.0
16529	0.0	1.0
16531	0.0	1.0
16532	0.0	1.0
16533	0.0	1.0
16534	0.0	1.0
16535	0.0	1.0
16536	1.809080663051077e-09	0.9999999981909193
16537	0.0	1.0
16538	0.0	1.0
16539	1.3322676295501878e-15	0.9999999999999987
16540	0.0	1.0
16541	0.9999999608928729	3.9107127108756064e-08
16542	1.0	3.0152834483540356e-28
16543	0.4720674202093804	0.5279325797906196
16544	0.9999990744721491	9.255278509456352e-07
16545	0.9994277352326488	0.0005722647673511992
16546	1.0	0.0
16547	0.9999999999986112	1.3888148363257824e-12
16548	0.9999999459777493	5.402225065246578e-08
16549	0.991642414419471	0.008357585580529021
16550	0.6222430220253821	0.3777569779746179
16551	0.12022505112544324	0.8797749488745568
16552	0.004936327165807386	0.9950636728341926
16553	0.9991221505919261	0.0008778494080738396
16554	0.9999999999999803	1.9690898433976307e-14
16555	1.0	0.0
16556	0.9999999999999989	1.117438647283346e-15
16557	0.9999999971552482	2.8447517279682113e-09
16558	1.0	4.951171987831159e-43
16559	0.9999683291439656	3.167085603438792e-05
16561	1.0	0.0
16562	1.0	1.6887865902402827e-17
16563	1.0	0.0
16564	1.0	3.823663905723621e-22
16565	1.0	3.039505140912791e-20
16566	1.0	0.0
16567	0.9999999982532144	1.746785635181898e-09
16568	0.9955807071934103	0.004419292806589715
16569	0.9999999897168345	1.028316558273301e-08
16570	1.0	0.0
16571	1.0	0.0
16572	1.0	2.3041264060708746e-19
16573	0.9999766664355946	2.3333564405380585e-05
16574	1.0	0.0
16575	1.0	0.0
16576	0.9278888326051331	0.07211116739486689
16577	9.030266374154827e-05	0.9999096973362585
16578	1.0	0.0
16579	1.0	0.0
16580	1.0	0.0
16581	0.9807063600264299	0.01929363997357011
16582	1.0	0.0
16583	1.0	2.1698969422845424e-19
16584	0.9999903789045228	9.621095477174716e-06
16585	1.0	0.0
16586	1.0	0.0
16587	1.0	3.45212009560437e-23
16588	0.999981248366602	1.8751633398082794e-05
16589	0.9997116693773209	0.0002883306226790345
16591	1.0	0.0
16592	1.0	0.0
16593	0.9999974954336229	2.5045663770882956e-06
16594	1.0	0.0
16595	1.0	0.0
16596	0.8651292183897056	0.13487078161029445
16597	1.0	0.0
16598	0.9645962399186222	0.03540376008137779
16599	0.9999999893757509	1.0624249099404888e-08
16600	1.0	1.4542705716193184e-42
16601	1.0	0.0
16602	0.9999999991791612	8.208388421005493e-10
16603	1.0	2.8235174520875664e-22
16604	1.0	0.0
16605	1.0	0.0
16606	1.0	0.0
16607	1.0	0.0
16608	1.0	1.6875592707997785e-40
16609	1.0	0.0
16610	1.0	0.0
16611	1.0	1.0425725359629494e-40
16612	0.9999999999999999	1.2883973657203446e-16
16613	0.9999967137811601	3.2862188399684037e-06
16614	0.9999999997760469	2.2395308335488746e-10
16615	0.9999993308974775	6.691025224736343e-07
16616	0.999999999996996	3.004047925192416e-12
16617	0.7674265378545816	0.23257346214541844
16618	1.0	0.0
16619	0.9999999999994014	5.9858703654634e-13
16621	1.0	7.650321245863186e-20
16622	1.0	3.0758021281892096e-29
16623	1.0	4.314088454831838e-23
16624	1.0	0.0
16625	1.0	9.065686018092357e-36
16626	0.9999999999878385	1.216146962445795e-11
16627	1.0	0.0
16628	1.0	3.437876438006324e-21
16629	0.999999999953475	4.652498290913621e-11
16630	1.0	3.165762891885337e-36
16631	1.0	3.550283301078286e-18
16632	1.0	0.0
16633	1.0	2.6447170304553674e-30
16634	1.0	0.0
16635	1.0	0.0
16636	0.9999999999940595	5.9404868809563564e-12
16637	1.0	0.0
16638	1.0	0.0
16639	1.0	2.6287900346119265e-22
16640	1.0	0.0
16641	1.0	0.0
16642	1.0	0.0
16643	1.0	0.0
16644	1.0	0.0
16645	1.0	0.0
16646	1.0	5.104600866938973e-36
16647	1.0	2.7187358152443376e-29
16648	1.0	0.0
16649	1.0	0.0
16651	1.0	3.0674766197686414e-33
16652	1.0	0.0
16653	1.0	3.581475555060127e-37
16654	1.0	1.2091913320751232e-42
16655	1.0	0.0
16656	1.0	0.0
16657	1.0	0.0
16658	1.0	0.0
16659	1.0	0.0
16660	1.0	0.0
16661	1.0	4.1315316986271276e-19
16662	0.9958722556796903	0.0041277443203097544
16663	0.9999999995304275	4.695725122357459e-10
16664	0.9999999999999999	1.3320629595414216e-16
16665	1.0	0.0
16666	1.0	0.0
16667	1.0	0.0
16668	1.0	0.0
16669	0.9299325900558201	0.07006740994417997
16670	1.0	0.0
16671	1.0	8.277113020195783e-19
16672	1.0	0.0
16673	1.0	0.0
16674	1.0	0.0
16675	1.0	5.078228074230262e-39
16676	1.0	0.0
16677	1.0	3.24707768169043e-43
16678	0.9992747111546845	0.0007252888453155345
16679	0.9999998692603592	1.3073964077324207e-07
16681	1.0	0.0
16682	1.0	3.4814455189894486e-21
16683	1.0	3.522012638739724e-40
16684	1.0	0.0
16685	1.0	0.0
16686	0.9999954358676887	4.564132311325554e-06
16687	1.0	1.1947626319577552e-26
16688	1.0	2.8704663360181298e-21
16689	0.9411214106100083	0.05887858938999163
16690	0.9999999999974275	2.572443289131796e-12
16691	1.0	0.0
16692	1.0	0.0
16693	1.0	9.917538276591032e-43
16694	1.0	1.864465391462059e-21
16695	1.0	0.0
16696	1.0	0.0
16697	1.0	2.6068764256247837e-39
16698	1.0	2.0412508071798613e-22
16699	1.0	0.0
16700	1.0	5.797840762551353e-44
16701	0.9999999999707233	2.927674487376163e-11
16702	1.0	0.0
16703	1.0	3.0060119890495996e-36
16704	1.0	0.0
16705	1.0	6.593056808726736e-19
16706	1.0	5.4737604698957364e-42
16707	1.0	5.806445618165066e-24
16708	1.0	0.0
16709	1.0	5.591402254088862e-18
16711	0.9998436634302754	0.00015633656972461663
16712	1.0	3.1427413617319402e-24
16713	1.0	2.0689798737492377e-38
16714	0.9999999999905902	9.409810318125762e-12
16715	1.0	4.427984725268152e-22
16716	1.0	0.0
16717	1.0	0.0
16718	1.0	0.0
16719	0.9999999991431022	8.568978046211439e-10
16720	1.0	0.0
16721	1.0	0.0
16722	1.0	0.0
16723	1.0	0.0
16724	1.0	1.0197632212126535e-22
16725	1.0	0.0
16726	1.0	0.0
16727	0.9999999999846598	1.5340219849230168e-11
16728	1.0	4.871017261598138e-22
16729	1.0	0.0
16730	1.0	1.891995499217282e-38
16731	1.0	3.462454680166179e-32
16732	1.0	1.2182401783789652e-17
16733	1.0	0.0
16734	1.0	0.0
16735	1.0	3.3870210956705876e-18
16736	1.0	5.304456025194001e-18
16737	1.0	2.2074489989221667e-42
16738	0.9999999987616964	1.2383035531185214e-09
16739	1.0	0.0
16741	1.0	0.0
16742	1.0	3.4449225169420667e-32
16743	1.0	1.8627809199799992e-18
16744	1.0	0.0
16745	0.9999640170334171	3.5982966582873815e-05
16746	1.0	0.0
16747	1.0	0.0
16748	0.9999999962116524	3.7883476161623015e-09
16749	1.0	5.766974289564522e-25
16750	1.0	0.0
16751	1.0	0.0
16752	1.0	1.0280392371156054e-38
16753	1.0	0.0
16754	1.0	0.0
16755	0.9999999999999999	1.3178260145628113e-16
16756	1.0	2.2681237814696745e-26
16757	1.0	0.0
16758	1.0	1.7525087517171493e-38
16759	1.0	0.0
16760	1.0	0.0
16761	1.0	2.7442784819217547e-42
16762	1.0	0.0
16763	1.0	0.0
16764	1.0	2.029501294709322e-29
16765	0.9999999999999999	1.4826014175846334e-16
16766	0.9999999999999746	2.5409917368333657e-14
16767	1.0	4.976980046466315e-38
16768	1.0	1.7019724747357748e-32
16769	1.0	0.0
16771	0.9887464585082759	0.011253541491724065
16772	1.0	1.179624231310461e-28
16773	1.0	4.870713420160122e-34
16774	1.0	0.0
16775	0.9999911478654101	8.8521345899454e-06
16776	1.0	0.0
16777	1.0	0.0
16778	0.9999999999999994	5.771714017971029e-16
16779	1.0	0.0
16780	1.0	0.0
16781	0.9999999999942383	5.761732772928021e-12
16782	0.9999999999998888	1.1124491203230916e-13
16783	0.9999999911416423	8.858357731098167e-09
16784	5.326850072151501e-12	0.9999999999946731
16785	1.0	0.0
16786	1.0	0.0
16787	1.0	0.0
16788	1.0	0.0
16789	1.0	0.0
16790	1.0	0.0
16791	1.0	2.4686745262179602e-29
16792	1.0	0.0
16793	1.0	0.0
16794	1.0	4.968399596474083e-20
16795	1.0	3.4258383676459913e-22
16796	1.0	4.906780952826955e-33
16797	0.9999999999924531	7.546903633557403e-12
16798	0.9999999999999969	3.05601337004562e-15
16799	1.0	1.661531932742354e-24
16801	1.0	0.0
16802	0.9999999998287652	1.712347765252e-10
16803	1.0	1.466612365817159e-26
16804	1.0	0.0
16805	1.0	0.0
16806	1.0	1.2739211618084857e-21
16807	0.9999959854349093	4.0145650906881565e-06
16808	1.0	0.0
16809	1.0	1.6054384493145146e-26
16810	0.9278237262681732	0.07217627373182676
16811	1.0	0.0
16812	1.0	2.946063619769551e-18
16813	1.0	1.0728322367459402e-37
16814	0.9999999987664907	1.2335093130896954e-09
16815	0.11939333271114594	0.8806066672888541
16816	1.0	4.493614636100148e-23
16817	1.0	5.838006730784837e-34
16818	1.0	4.361960570844235e-18
16819	1.0	0.0
16820	1.0	0.0
16821	1.0	0.0
16822	1.0	0.0
16823	0.9999716291077189	2.8370892281151053e-05
16824	0.9997251305203528	0.00027486947964714043
16825	1.0	0.0
16826	1.0	4.447774969291722e-19
16827	1.0	3.334225223093645e-20
16828	1.0	9.291096976515736e-32
16829	0.7728841611006864	0.22711583889931367
16831	1.0	2.1927490846867462e-30
16832	1.0	0.0
16833	0.9999999999999454	5.460532738292724e-14
16834	1.0	1.9307208692045192e-42
16835	1.0	8.704295312828478e-20
16836	0.9999999999999261	7.397883484861736e-14
16837	0.9999999759377266	2.406227340918256e-08
16838	1.0	0.0
16839	1.0	0.0
16840	0.9999982189074149	1.7810925851083282e-06
16841	0.9999999983219604	1.6780395423529268e-09
16842	1.0	6.092859699713279e-44
16843	0.9999999997717559	2.282441132382143e-10
16844	1.0	0.0
16845	1.0	3.8249550444762747e-32
16846	1.0	0.0
16847	0.998380965963896	0.0016190340361039604
16848	1.0	0.0
16849	1.0	0.0
16850	1.0	0.0
16851	0.07740527171990241	0.9225947282800976
16852	1.0	0.0
16853	1.0	0.0
16854	1.0	1.3974185909103488e-21
16855	0.9999987684315503	1.231568449698984e-06
16856	1.0	0.0
16857	1.0	6.981509826752575e-29
16858	1.0	0.0
16859	1.0	0.0
16861	1.0	0.0
16862	1.0	2.6701357018290153e-43
16863	1.0	2.560469627207556e-31
16864	1.0	1.4450754859072967e-24
16865	1.0	0.0
16866	1.0	0.0
16867	0.999985709909264	1.4290090735973943e-05
16868	1.0	0.0
16869	1.0	2.3404269378578312e-30
16870	1.0	0.0
16871	1.0	0.0
16872	1.0	2.1538057868741516e-43
16873	1.0	7.599638125930291e-31
16874	1.0	4.435894660738177e-37
16875	1.0	5.446044222005527e-23
16876	1.0	1.1443161804773946e-25
16877	1.0	4.721006710351393e-19
16878	1.0	0.0
16879	1.0	5.53146557226562e-28
16880	1.0	2.6412833753309185e-18
16881	1.0	0.0
16882	1.0	8.16242119254047e-29
16883	1.0	3.945306465873686e-23
16884	0.9999999999999992	8.188424741374656e-16
16885	0.999999990020682	9.97931804609608e-09
16886	1.0	0.0
16887	1.0	0.0
16888	1.0	1.2345072335029151e-21
16889	0.9999999999949881	5.011935075504055e-12
16891	1.0	0.0
16892	1.0	0.0
16893	0.9999999997359721	2.6402791948865e-10
16894	0.9999999999999046	9.53820107392508e-14
16895	0.9999999999985222	1.4778487816986438e-12
16896	1.0	5.262381296898064e-38
16897	1.0	0.0
16898	1.0	0.0
16899	1.0	1.309653009734135e-40
16900	1.0	0.0
16901	1.0	0.0
16902	1.0	2.0041673136855794e-21
16903	1.0	6.726388045509867e-26
16904	0.9999999998086688	1.9133120217294662e-10
16905	1.0	2.1669388026289877e-19
16906	1.0	0.0
16907	1.0	9.59734610296865e-24
16908	1.0	3.7553051642388136e-22
16909	1.0	0.0
16910	1.0	0.0
16911	1.0	0.0
16912	1.0	0.0
16913	1.0	0.0
16914	0.9999999999999897	1.030468969466003e-14
16915	1.0	3.4745946111715906e-22
16916	0.9999999999999093	9.071070693823031e-14
16917	1.0	5.419499663366761e-23
16918	1.0	3.000171555079999e-23
16919	1.0	3.688668511082028e-24
16921	1.0	6.591734773043445e-20
16922	1.0	1.7498340052471335e-19
16923	1.0	0.0
16924	1.0	2.9296339366884506e-18
16925	1.0	0.0
16926	1.0	0.0
16927	0.9999418129235614	5.818707643859997e-05
16928	1.0	0.0
16929	1.0	0.0
16930	1.0	0.0
16931	0.9999999995811031	4.1889686273618654e-10
16932	1.0	2.3666105511966507e-28
16933	1.0	1.5475550830421655e-34
16934	1.0	1.0356879986977948e-34
16935	1.0	1.8201468754357304e-28
16936	1.0	6.562302404764532e-20
16937	1.0	2.6756796501471823e-43
16938	1.0	0.0
16939	1.0	5.169072586443317e-20
16940	1.0	0.0
16941	1.0	2.6464754520429166e-38
16942	1.0	0.0
16943	1.0	0.0
16944	1.0	1.1320184306132847e-29
16945	1.0	0.0
16946	0.9997404706876402	0.00025952931235978933
16947	1.0	0.0
16948	1.0	3.37465099441085e-26
16949	0.999999991962641	8.037358998732137e-09
16951	1.0	0.0
16952	1.0	0.0
16953	0.9999999931075851	6.892414855728445e-09
16954	1.0	1.755115490985706e-19
16955	1.0	0.0
16956	1.0	2.436270042363239e-35
16957	1.0	1.388260175978279e-25
16958	1.0	0.0
16959	1.0	0.0
16960	1.0	0.0
16961	1.0	0.0
16962	1.0	0.0
16963	1.0	0.0
16964	1.0	0.0
16965	1.0	0.0
16966	1.0	0.0
16967	1.0	5.035907708785019e-38
16968	1.0	0.0
16969	1.0	0.0
16970	0.9999998636416092	1.3635839084762849e-07
16971	0.999999999999981	1.8949960332206412e-14
16972	1.0	0.0
16973	1.0	6.080448700196188e-39
16974	1.0	1.3589117954687054e-20
16975	1.0	2.133730364944753e-21
16976	1.0	0.0
16977	0.9999999990387286	9.612713587020535e-10
16978	1.0	0.0
16979	1.0	2.816200865956581e-28
16981	1.0	1.2616834482409183e-31
16982	0.8190834672734731	0.18091653272652689
16983	0.999999999999981	1.894701457433824e-14
16984	1.0	3.490118460521279e-37
16985	1.0	0.0
16986	1.0	1.8009516141044492e-37
16987	1.0	1.4737622280802077e-37
16988	1.0	3.5651630899996367e-25
16989	0.9999999999655609	3.443912190241197e-11
16990	1.0	5.1769066771739485e-36
16991	1.0	0.0
16992	0.999985657314513	1.4342685486911889e-05
16993	1.0	7.475958282214944e-26
16994	1.0	4.716424715456909e-28
16995	0.9999984467416787	1.5532583213476743e-06
16996	1.0	0.0
16997	1.0	1.5410609144896291e-25
16998	1.0	0.0
16999	0.999999999861092	1.3890795898147093e-10
17000	1.0	4.1705235642622685e-31
17001	1.0	0.0
17002	1.0	1.5920944599022064e-39
17003	1.0	6.44036817056481e-31
17004	1.0	3.6629042778347704e-18
17005	1.0	3.5433463827993994e-36
17006	1.0	0.0
17007	1.0	1.3514940534888008e-29
17008	0.28102826327971675	0.7189717367202832
17009	1.0	0.0
17011	1.0	8.048806021258477e-24
17012	1.0	4.554065633132315e-32
17013	1.0	0.0
17014	1.0	3.8466355111732756e-31
17015	1.0	4.277220530006925e-25
17016	1.0	0.0
17017	1.0	0.0
17018	1.0	8.945053597594873e-25
17019	1.0	0.0
17020	1.0	5.724314745407065e-43
17021	0.9998415066482932	0.00015849335170685825
17022	1.0	0.0
17023	1.0	5.3864336802858356e-20
17024	1.0	0.0
17025	1.0	4.934431697879123e-23
17026	1.0	1.7010262924018352e-41
17027	1.0	0.0
17028	1.0	1.6300034303896563e-36
17029	1.0	0.0
17030	1.0	0.0
17031	1.0	0.0
17032	1.0	0.0
17033	0.9999998611834195	1.3881658044225502e-07
17034	1.0	7.990730599561508e-22
17035	0.99999999994411	5.588998502031893e-11
17036	1.0	7.342904836649488e-38
17037	0.9999999999999991	9.002153579452448e-16
17038	0.9999999999988377	1.1623150176666824e-12
17039	1.0	3.955065467764072e-18
17041	1.0	4.1760696432060916e-17
17042	1.0	3.193795050710844e-40
17043	1.0	0.0
17044	1.0	0.0
17045	1.0	0.0
17046	1.0	2.049570361430197e-25
17047	1.0	0.0
17048	1.0	0.0
17049	1.0	0.0
17050	1.0	0.0
17051	1.0	5.475493206451917e-28
17052	1.0	0.0
17053	1.0	3.4564226684316927e-42
17054	0.9999999999999389	6.10993062324267e-14
17055	1.0	3.6747421375315905e-26
17056	1.0	1.7116058481390485e-39
17057	0.9999999999999876	1.2486066433737071e-14
17058	1.0	4.925629303135031e-35
17059	1.0	0.0
17060	1.0	0.0
17061	1.0	8.894312259732467e-23
17062	1.0	0.0
17063	0.9999999978664461	2.13355393732215e-09
17064	1.0	0.0
17065	1.0	1.425891798649586e-38
17066	1.0	0.0
17067	1.0	8.045990749759332e-31
17068	1.0	0.0
17069	0.9999999414006732	5.859932686662029e-08
17071	1.0	7.424940564731025e-37
17072	1.0	8.179419829992304e-40
17073	1.0	1.1964071163882568e-20
17074	1.0	4.55240625357997e-39
17075	1.0	0.0
17076	1.0	0.0
17077	1.0	2.0944167271311878e-40
17078	1.0	4.007487138874266e-36
17079	1.0	3.6226799456250495e-22
17080	1.0	0.0
17081	1.0	9.831095764632082e-22
17082	0.9999362984400731	6.370155992684323e-05
17083	1.0	0.0
17084	1.0	1.5282634446004063e-36
17085	1.0	0.0
17086	0.047546581762225815	0.9524534182377742
17087	0.9999999999999987	1.3006217609971209e-15
17088	1.0	1.298885468244728e-35
17089	1.0	0.0
17090	1.0	2.4478285861727984e-25
17091	1.0	0.0
17092	0.9928654595239157	0.007134540476084322
17093	1.0	0.0
17094	1.0	5.102751459627752e-40
17095	0.9999999999062336	9.376649249700469e-11
17096	0.9999999936371636	6.362836358893201e-09
17097	1.0	0.0
17098	1.0	0.0
17099	1.0	0.0
17101	0.9999999999750543	2.4945695609089802e-11
17102	1.0	7.952011219916798e-24
17103	1.0	0.0
17104	0.9999999999158883	8.411169631210711e-11
17105	1.0	0.0
17106	1.0	0.0
17107	1.0	0.0
17108	1.0	0.0
17109	1.0	8.243108174781086e-23
17110	0.9999999999999981	1.8924057108167218e-15
17111	1.0	8.799251064401757e-20
17112	1.0	0.0
17113	1.0	8.166176323747708e-43
17114	1.0	4.292452664065253e-34
17115	0.9999999999999999	9.490902367539579e-17
17116	0.9999998373667044	1.6263329556114152e-07
17117	1.0	2.3836034387456243e-33
17118	1.0	2.505980058691056e-29
17119	1.0	9.160083967887141e-41
17120	0.9999999999999993	7.166232178653055e-16
17121	0.999999184149764	8.158502360456585e-07
17122	1.0	0.0
17123	0.9178250614807925	0.08217493851920755
17124	1.0	1.0320539752269034e-27
17125	0.9999804856449902	1.9514355009789662e-05
17126	1.0	7.528843530039683e-33
17127	0.9693288078976219	0.03067119210237809
17128	1.0	0.0
17129	1.0	0.0
17131	1.0	0.0
17132	1.0	2.6443954805350073e-36
17133	1.0	0.0
17134	1.0	0.0
17135	1.0	4.505959270218049e-25
17136	1.0	1.3363262324367196e-32
17137	0.9999999999999999	8.969350376846543e-17
17138	0.9999999992829675	7.170325370776579e-10
17139	1.0	2.1793716662438366e-35
17140	1.0	2.959636979977675e-19
17141	1.0	1.5447564096954591e-40
17142	1.0	0.0
17143	0.9999999998614981	1.38501821418569e-10
17144	1.0	1.0496705834575506e-31
17145	1.2038814389825347e-11	0.9999999999879612
17146	1.0	0.0
17147	1.0	3.238738277850902e-39
17148	1.0	3.844526540692615e-35
17149	1.0	1.0737420155574236e-36
17150	0.9999999999999991	8.672828504520804e-16
17151	0.7555062039186964	0.24449379608130356
17152	1.0	7.57959305268159e-42
17153	1.0	5.795857818314053e-26
17154	1.0	2.807841415479432e-26
17155	1.0	0.0
17156	0.40315047861059916	0.5968495213894008
17157	1.0	0.0
17158	1.0	1.773535436416764e-23
17159	1.0	9.831095764632082e-22
17161	1.0	4.462335524035093e-22
17162	0.9999999999999473	5.2742010201073396e-14
17163	7.830691650667632e-10	0.9999999992169308
17164	1.0	3.391642516045021e-36
17165	1.0	8.144075574851289e-36
17166	1.0	0.0
17167	1.0	4.228610645998589e-18
17168	1.0	0.0
17169	1.0	0.0
17170	1.0	2.9036920900930047e-33
17171	0.9999999999991259	8.740453416144906e-13
17172	0.9999047479658323	9.525203416774753e-05
17173	1.0	0.0
17174	1.0	0.0
17175	0.9999999998676264	1.32373603431389e-10
17176	1.0	0.0
17177	1.0	0.0
17178	0.9999823557925408	1.7644207459224617e-05
17179	1.0	9.316071530605838e-31
17180	1.0	1.56244692721018e-17
17181	1.0	0.0
17182	1.0	1.8708222821753697e-21
17183	1.0	0.0
17184	1.0	0.0
17185	1.0	0.0
17186	1.0	0.0
17187	0.9999999999905902	9.409810318125762e-12
17188	1.0	0.0
17189	1.0	1.7751890178098417e-25
17191	0.9999999375576955	6.244230450139319e-08
17192	1.0	0.0
17193	1.0	0.0
17194	0.9999987952586992	1.2047413008735887e-06
17195	1.0	0.0
17196	1.0	0.0
17197	1.0	0.0
17198	1.0	0.0
17199	1.0	1.5502210746163792e-40
17200	1.0	0.0
17201	1.0	4.3506713760523536e-27
17202	1.0	0.0
17203	1.0	0.0
17204	1.0	0.0
17205	1.0	0.0
17206	1.0	6.603101551715889e-28
17207	1.0	0.0
17208	1.0	0.0
17209	1.0	0.0
17210	1.0	3.3873515790543786e-18
17211	0.9748430418245831	0.025156958175416907
17212	1.0	0.0
17213	0.9999999999999402	5.978608458438639e-14
17214	1.0	0.0
17215	1.0	0.0
17216	1.0	7.755713695389473e-31
17217	1.0	1.032668347554437e-33
17218	0.9999999996849799	3.1502016087177423e-10
17219	1.0	1.3359372385963311e-24
17221	1.0	0.0
17222	0.9999999999999988	1.2522512717780883e-15
17223	1.0	1.1852102805011902e-28
17224	1.0	0.0
17225	1.0	6.690770257140862e-26
17226	1.0	8.808183326319142e-30
17227	1.0	1.3432263649724893e-39
17228	1.0	3.987749048084211e-43
17229	1.0	1.169021176958732e-27
17230	1.0	0.0
17231	1.0	0.0
17232	1.0	2.408439681851595e-22
17233	1.0	0.0
17234	1.0	0.0
17235	1.0	3.077645797517073e-23
17236	1.0	8.462429573739727e-24
17237	1.0	0.0
17238	1.0	0.0
17239	1.0	0.0
17240	1.0	0.0
17241	1.0	0.0
17242	1.0	0.0
17243	1.0	0.0
17244	1.0	0.0
17245	1.0	0.0
17246	1.0	0.0
17247	0.9328596553613708	0.06714034463862911
17248	0.9999999999999833	1.6600214069377343e-14
17249	1.0	1.067729742826062e-34
17251	0.9999838940847913	1.6105915208711177e-05
17252	1.0	0.0
17253	1.0	0.0
17254	0.999999999999555	4.449709064697186e-13
17255	1.0	0.0
17256	1.0	0.0
17257	0.999999999999792	2.0793371714355548e-13
17258	0.029812295258994537	0.9701877047410055
17259	1.0	0.0
17260	1.0	0.0
17261	1.0	2.7035266972931624e-20
17262	1.0	0.0
17263	1.0	0.0
17264	1.0	3.328903939021919e-20
17265	1.0	0.0
17266	1.0	0.0
17267	1.0	0.0
17268	1.0	3.4467619982496335e-38
17269	1.0	7.253725954995693e-20
17270	1.0	5.824442258449825e-40
17271	1.0	3.3510217138440947e-40
17272	1.0	8.081171420158215e-41
17273	1.0	3.4044364593159943e-20
17274	1.0	1.1001512739061544e-40
17275	1.0	2.3099248073141182e-40
17276	1.0	2.816561897630041e-39
17277	1.0	1.7531630496442767e-39
17278	1.0	1.6126807303225465e-39
17279	1.0	1.2826322056331695e-39
17281	1.0	2.874741906409768e-40
17282	1.0	6.932596717721712e-41
17283	1.0	5.610455063504726e-20
17284	1.0	1.5759971803478081e-40
17285	1.0	2.8503749423086407e-41
17286	1.0	4.893008414343026e-40
17287	1.0	1.26318534582193e-39
17288	1.0	2.7367225100689823e-39
17289	1.0	2.4162447189355345e-39
17290	1.0	1.3834708554602413e-39
17291	1.0	1.1003320380800165e-39
17292	1.0	5.764057312799596e-40
17293	1.0	7.540476401882496e-41
17294	1.0	1.873153568125423e-40
17295	1.0	7.154631302337512e-40
17296	1.0	9.726033394324034e-40
17297	1.0	6.37557368330683e-20
17298	1.0	4.989298974023862e-40
17299	1.0	3.857263033507016e-40
17300	1.0	5.3270964330549533e-39
17301	1.0	3.247519153767623e-39
17302	1.0	4.703278675960263e-39
17303	1.0	2.616860106271864e-34
17304	1.0	2.6929594185169948e-39
17305	1.0	7.792614192075289e-20
17306	1.0	6.468750535763931e-41
17307	1.0	1.1636210172943448e-39
17308	1.0	1.5818309000555426e-39
17309	1.0	2.1947245923001397e-40
17311	1.0	2.5631837124161698e-40
17312	1.0	2.9878453636922007e-40
17313	1.0	9.02372983440573e-41
17314	1.0	3.998997858942927e-39
17315	1.0	4.761327113750412e-39
17316	1.0	3.48343612357627e-39
17317	1.0	1.0872090835156874e-19
17318	1.0	1.2591579079941063e-40
17319	1.0	0.0
17320	1.0	0.0
17321	1.0	4.2285310098980897e-20
17322	1.0	0.0
17323	1.0	0.0
17324	1.0	0.0
17325	1.0	0.0
17326	1.0	0.0
17327	1.0	0.0
17328	1.0	0.0
17329	1.0	2.0478799590352432e-40
17330	1.0	2.021064856242283e-40
17331	1.0	7.719588041570056e-40
17332	1.0	1.0494037765188633e-39
17333	1.0	6.037616454353594e-40
17334	1.0	6.603296801013425e-20
17335	1.0	4.2285310098980897e-20
17336	1.0	8.130765179212706e-20
17337	1.0	3.3099550560927753e-40
17338	1.0	1.700443876539978e-40
17339	1.0	1.982169022114107e-40
17341	1.0	2.6529785549885283e-39
17342	1.0	3.5039555449913563e-39
17343	1.0	5.0746673432703844e-39
17344	1.0	3.158716051276973e-39
17345	1.0	0.0
17346	1.0	0.0
17347	1.0	1.043323174219355e-39
17348	1.0	1.4475675169170043e-40
17349	1.0	1.9706836608227042e-40
17350	1.0	1.6905909265342386e-40
17351	1.0	5.951752778251774e-41
17352	1.0	4.1377319496623455e-40
17353	1.0	1.0216893220541815e-39
17354	1.0	2.489144595863652e-19
17355	1.0	3.1404133764491615e-39
17356	1.0	2.8887696090068485e-39
17357	1.0	1.6797379955755362e-19
17358	1.0	3.416778358856426e-40
17359	1.0	1.0207093145277568e-39
17360	1.0	8.58576696772976e-20
17361	1.0	8.610750017090502e-20
17362	1.0	5.498038776817078e-20
17363	1.0	6.41500267633917e-20
17364	1.0	1.0120575509835256e-40
17365	1.0	7.035948937434471e-40
17366	1.0	1.7373174452448225e-39
17367	1.0	9.717039818693969e-39
17368	1.0	5.3400723942341364e-39
17369	1.0	3.9068521519697266e-39
17371	1.0	5.938734499649405e-40
17372	1.0	2.2683380834593015e-39
17373	1.0	3.083587541699455e-39
17374	1.0	1.77410442927529e-39
17375	1.0	1.5818309000556323e-39
17376	1.0	5.824442258449825e-40
17377	1.0	1.2229248813931364e-39
17378	1.0	1.688927801130646e-38
17379	1.0	1.0296088033003043e-38
17380	1.0	1.491149674521526e-38
17381	1.0	1.3982289354859267e-38
17382	1.0	8.537885668875395e-39
17383	1.0	1.755711389257733e-39
17384	1.0	2.2968023357117087e-40
17385	1.0	2.2683380834593015e-39
17386	1.0	1.2659704306297794e-19
17387	1.0	7.674858123642677e-40
17388	1.0	7.154631302337917e-40
17389	1.0	4.2845562226103635e-40
17390	1.0	1.2939986213134748e-40
17391	1.0	8.996038037386689e-40
17392	1.0	5.734544153103485e-39
17393	1.0	1.242403272068816e-38
17394	1.0	7.573972939012921e-39
17395	1.0	1.0969144054171299e-38
17396	1.0	6.827720725108845e-39
17397	1.0	1.0285603703048023e-38
17398	1.0	3.992093673448265e-40
17399	1.0	7.324549642765441e-20
17401	1.0	2.021064856242283e-40
17402	1.0	8.239747151901104e-41
17403	1.0	6.116557491398644e-20
17404	1.0	3.387816970904805e-41
17405	1.0	0.0
17406	1.0	0.0
17407	1.0	0.0
17408	1.0	0.0
17409	1.0	0.0
17410	1.0	0.0
17411	1.0	7.688442148547917e-41
17412	1.0	2.9366502457812294e-40
17413	1.0	2.2968023357117087e-40
17414	1.0	6.468750535763931e-41
17415	1.0	1.5832307713313488e-40
17416	1.0	3.909315521390294e-40
17417	1.0	1.009233923313716e-39
17418	1.0	2.186530428803398e-39
17419	1.0	1.3329586834161081e-39
17420	1.0	1.8101840184209524e-39
17421	1.0	1.1053371730955058e-39
17422	1.0	1.039040511424938e-19
17423	1.0	5.8771646283931126e-40
17424	1.0	3.07275119576546e-20
17425	1.0	5.877164628393446e-40
17426	1.0	2.2448210725923264e-39
17427	1.0	1.0385240755624394e-39
17428	1.0	1.5654312571904056e-39
17429	1.0	9.62519867541969e-40
17431	1.0	5.764057312799923e-40
17432	1.0	1.7408295815034858e-40
17433	1.0	2.988341520899813e-39
17434	1.0	7.714740907550025e-39
17435	1.0	1.6714178303982679e-38
17436	1.0	1.0189343268664878e-38
17437	1.0	8.449369079783596e-39
17438	1.0	6.720135421251515e-39
17439	1.0	3.950705614505441e-40
17440	1.0	5.168269647633656e-41
17441	1.0	2.7460325268256765e-39
17442	1.0	1.3929082427288842e-19
17443	1.0	9.29112384083217e-40
17444	1.0	9.345273533264046e-40
17445	1.0	7.981051080461599e-20
17446	1.0	1.5665047153709878e-40
17447	1.0	1.0890534018436105e-39
17448	1.0	2.689092104918002e-39
17449	1.0	6.94219476619059e-39
17450	1.0	1.3279160890451418e-38
17451	1.0	8.265585863038396e-39
17452	1.0	1.245167223200592e-38
17453	1.0	7.603258036297088e-39
17454	1.0	6.047188040216341e-39
17455	1.0	3.019980751126812e-39
17456	1.0	3.950705614505441e-40
17457	1.0	6.478359176297984e-41
17458	1.0	6.427201540747006e-20
17459	1.0	1.93530889616045e-40
17461	1.0	1.060979198393521e-40
17462	1.0	5.450634677723828e-41
17463	1.0	6.353681740457649e-41
17464	1.0	1.918904779223139e-41
17465	1.0	1.3340462732867597e-40
17466	1.0	1.8423926712341543e-39
17467	1.0	1.1231644787709381e-39
17468	1.0	1.4133652080357287e-19
17469	1.0	1.5252793764910494e-39
17470	1.0	9.313682902040903e-40
17471	1.0	2.7278209452241556e-40
17472	1.0	1.0419088671627246e-39
17473	1.0	1.416374933611969e-39
17474	1.0	1.9651613194599476e-40
17475	1.0	7.2657760019904335e-40
17476	1.0	4.4674294849437956e-40
17477	1.0	2.2950804415195446e-40
17478	1.0	8.079867920578147e-41
17479	1.0	3.580711646722676e-39
17480	1.0	4.7292709569615445e-39
17481	1.0	6.849252673046978e-39
17482	1.0	4.263302970251465e-39
17483	1.0	6.422442654511921e-39
17484	1.0	3.119076513234526e-39
17485	1.0	3.328904539577909e-40
17486	1.0	5.898629474314337e-41
17487	1.0	2.253019709433359e-40
17488	1.0	3.0627636849516754e-40
17489	1.0	1.036277480841944e-40
17491	1.0	0.0
17492	1.0	4.96287308079025e-41
17493	1.0	1.7471875178731725e-41
17494	1.0	1.2146663149672333e-40
17495	1.0	2.9992556766810247e-40
17496	1.0	1.0226557248044815e-39
17497	1.0	9.218949873629663e-40
17498	1.0	1.3887865186065846e-39
17499	1.0	6.744679003149844e-40
17500	1.0	0.0
17501	1.0	0.0
17502	1.0	0.0
17503	1.0	0.0
17504	1.0	3.9651345598653294e-41
17505	1.0	2.7717165009585936e-20
17506	1.0	0.0
17507	1.0	0.0
17508	1.0	0.0
17509	1.0	0.0
17510	1.0	0.0
17511	1.0	7.273999826086396e-20
17512	1.0	0.0
17513	1.0	0.0
17514	1.0	0.0
17515	1.0	0.0
17516	1.0	0.0
17517	1.0	0.0
17518	1.0	0.0
17519	1.0	0.0
17521	1.0	0.0
17522	1.0	0.0
17523	1.0	0.0
17524	0.9999999368132425	6.318675754514183e-08
17525	1.0	8.107108934440226e-20
17526	1.0	7.275520579994081e-40
17527	1.0	2.461651930736052e-40
17528	1.0	3.5208720686516215e-20
17529	1.0	3.732225244716928e-40
17530	1.0	0.0
17531	1.0	0.0
17532	1.0	0.0
17533	1.0	0.0
17534	1.0	0.0
17535	1.0	0.0
17536	1.0	0.0
17537	1.0	0.0
17538	1.0	0.0
17539	1.0	0.0
17540	1.0	0.0
17541	1.0	0.0
17542	1.0	0.0
17543	1.0	0.0
17544	1.0	0.0
17545	1.0	0.0
17546	1.0	0.0
17547	1.0	0.0
17548	1.0	1.3388048227588813e-18
17549	1.0	2.9625996186624148e-43
17551	1.0	6.130107017360755e-38
17552	1.0	4.794457268401108e-38
17553	1.0	2.819545621658053e-38
17554	1.0	4.2748445531195627e-38
17555	1.0	2.6284276579578014e-38
17556	1.0	4.072174106086191e-19
17557	1.0	1.574035838003705e-38
17558	1.0	4.7538183616927933e-39
17559	1.0	3.042846872790284e-37
17560	1.0	0.0
17561	1.0	0.0
17562	1.0	1.7550943995575102e-18
17563	1.0	0.0
17564	1.0	0.0
17565	1.0	0.0
17566	1.0	0.0
17567	1.0	5.6813204653092945e-19
17568	1.0	0.0
17569	1.0	0.0
17570	1.0	0.0
17571	1.0	1.893496383624698e-38
17572	1.0	7.000809779715816e-38
17573	1.0	2.2113841103585818e-38
17574	1.0	7.785213629170904e-39
17575	1.0	5.412376549993267e-38
17576	1.0	0.0
17577	1.0	0.0
17578	1.0	0.0
17579	1.0	0.0
17581	1.0	0.0
17582	1.0	0.0
17583	1.0	0.0
17584	1.0	0.0
17585	1.0	3.08302329984024e-38
17586	1.0	4.647230770844127e-38
17587	1.0	1.7111517599967527e-38
17588	1.0	8.871365386329693e-38
17589	1.0	0.0
17590	1.0	0.0
17591	1.0	0.0
17592	1.0	1.3505742063045145e-37
17593	1.0	1.0706288931746314e-37
17594	1.0	1.4554170477718398e-37
17595	1.0	4.953062384925686e-38
17596	1.0	2.358343911154366e-38
17597	1.0	2.7490682336974144e-38
17598	1.0	8.302587991560646e-39
17599	1.0	5.772061588830689e-38
17600	1.0	7.971540554567042e-37
17601	1.0	0.0
17602	1.0	0.0
17603	1.0	0.0
17604	1.0	0.0
17605	1.0	0.0
17606	1.0	0.0
17607	1.0	7.39247677356046e-38
17608	1.0	3.4001731880162094e-38
17609	1.0	1.3943071096004222e-38
17611	1.0	0.0
17612	1.0	0.0
17613	1.0	0.0
17614	1.0	0.0
17615	1.0	0.0
17616	1.0	0.0
17617	1.0	0.0
17618	1.0	0.0
17619	1.0	1.4403280013999544e-37
17620	1.0	3.174789473897193e-38
17621	1.0	1.4228098824185585e-18
17622	1.0	9.48418904396229e-38
17623	1.0	5.199442481372702e-38
17624	1.0	2.6711420484691696e-38
17625	1.0	3.113689957774874e-38
17626	1.0	1.6142741959496802e-37
17627	1.0	0.0
17628	1.0	3.12881115165095e-18
17629	1.0	0.0
17630	1.0	0.0
17631	1.0	9.945174620764296e-38
17632	1.0	0.0
17633	1.0	1.4653833279557948e-38
17634	1.0	2.5744009691984354e-38
17635	0.9999952525923483	4.747407651645893e-06
17636	1.0	2.589404861415128e-38
17637	1.0	0.0
17638	1.0	0.0
17639	1.0	0.0
17641	1.0	1.9235555612661645e-37
17642	1.0	0.0
17643	1.0	0.0
17644	1.0	0.0
17645	1.0	1.6313654127926676e-37
17646	1.0	0.0
17647	1.0	5.6762318987006814e-39
17648	1.0	2.9472875016828527e-38
17649	1.0	1.695685866016247e-38
17650	1.0	1.0030182678220394e-38
17651	1.0	4.308949045018142e-19
17652	1.0	9.296125463084127e-39
17653	1.0	4.775756574141741e-39
17654	1.0	1.1688694320124721e-38
17655	1.0	7.450983798903195e-38
17656	1.0	1.6142741959496802e-37
17657	1.0	9.840982675384645e-38
17658	1.0	1.42523821341995e-37
17659	1.0	1.043766741457288e-18
17660	1.0	0.0
17661	1.0	9.850495106412957e-39
17662	1.0	3.283726458155851e-19
17663	1.0	1.1936197626138668e-38
17664	1.0	6.867345515855558e-39
17665	1.0	1.6560977831271192e-39
17666	1.0	6.123077739440426e-39
17667	1.0	2.254571758341426e-39
17668	1.0	4.733795577013723e-39
17669	1.0	3.9854922189206624e-38
17671	1.0	3.592807637682295e-38
17672	1.0	5.412376549993267e-38
17673	1.0	2.916731477997399e-38
17674	1.0	3.815636050603607e-39
17675	1.0	9.878054753291488e-40
17676	1.0	8.446246896982042e-20
17677	1.0	5.842986349455577e-40
17678	1.0	8.807492943118283e-40
17679	1.0	2.7820710116903962e-40
17680	1.0	3.2429973448549716e-40
17681	1.0	9.79432612185249e-41
17682	1.0	4.340498874615999e-39
17683	1.0	9.403798907564728e-39
17684	1.0	2.5192221656436473e-19
17685	1.0	4.7538183616927933e-39
17686	1.0	1.0948589964041427e-39
17687	1.0	3.2707207151069767e-39
17688	1.0	1.9234598945590563e-39
17689	1.0	7.887521187060011e-40
17690	1.0	2.9162472102735298e-39
17691	1.0	1.7930815330658122e-39
17692	1.0	9.211709710155615e-40
17693	1.0	1.0737881961344382e-39
17694	1.0	1.437181706081736e-38
17695	1.0	1.8981762211068075e-38
17696	1.0	5.810332429873847e-19
17697	1.0	1.7111517599967527e-38
17698	1.0	2.577760513017932e-38
17699	1.0	1.251896311950374e-38
17701	1.0	2.8058540668465503e-39
17702	1.0	6.7664699397382824e-40
17703	1.0	1.5382313410320027e-39
17704	1.0	9.211709710155093e-40
17705	1.0	2.782071011690238e-40
17706	1.0	1.9341300857394546e-39
17707	1.0	4.775756574141741e-39
17708	1.0	1.232915459941751e-38
17709	1.0	4.471850686522841e-19
17710	1.0	1.3503185512067517e-38
17711	1.0	1.0739646286312357e-38
17712	1.0	7.359782918600636e-40
17713	1.0	1.8282669290185944e-39
17714	1.0	6.983183878765565e-39
17715	1.0	9.492967105290456e-39
17716	1.0	5.461662677227088e-39
17717	1.0	3.211918727494514e-39
17718	1.0	3.230638143378915e-39
17719	1.0	1.3171097087019138e-39
17720	1.0	1.5382313410320027e-39
17721	1.0	1.7930815330658122e-39
17722	1.0	5.415368386218392e-40
17723	1.0	3.764830903717245e-39
17724	1.0	2.399899706582998e-38
17725	1.0	3.169698401252801e-38
17726	1.0	4.3045125558262493e-38
17727	1.0	2.6284276579578014e-38
17728	1.0	2.1421321020794646e-39
17729	1.0	3.118697444989352e-19
17731	1.0	3.9031693178463256e-38
17732	1.0	5.15516107304762e-38
17733	1.0	7.466055779185978e-38
17734	1.0	4.647230770844127e-38
17735	1.0	7.000809779715816e-38
17736	1.0	4.2748445531195627e-38
17737	1.0	3.399962059947914e-38
17738	1.0	9.3945487027597e-39
17739	1.0	1.2289845321660885e-39
17740	1.0	0.0
17741	1.0	1.3210602638732606e-19
17742	1.0	8.435084682370082e-20
17743	1.0	0.0
17744	1.0	0.0
17745	1.0	0.0
17746	1.0	0.0
17747	1.0	0.0
17748	1.0	0.0
17749	1.0	0.0
17750	1.0	0.0
17751	1.0	0.0
17752	1.0	0.0
17753	1.0	0.0
17754	1.0	0.0
17755	1.0	0.0
17756	1.0	0.0
17757	1.0	0.0
17758	1.0	0.0
17759	1.0	4.281728328927539e-31
17761	1.0	0.0
17762	1.0	0.0
17763	1.0	0.0
17764	1.0	0.0
17765	1.0	0.0
17766	1.0	0.0
17767	1.0	1.551920862790697e-19
17768	1.0	0.0
17769	1.0	0.0
17770	0.9999999864064534	1.359354665060543e-08
17771	1.0	0.0
17772	1.0	2.22701174319434e-19
17773	1.0	0.0
17774	1.0	0.0
17775	1.0	0.0
17776	1.0	0.0
17777	1.0	0.0
17778	1.0	0.0
17779	1.0	0.0
17780	1.0	0.0
17781	1.0	0.0
17782	1.0	0.0
17783	1.0	0.0
17784	1.0	0.0
17785	1.0	0.0
17786	1.0	0.0
17787	1.0	0.0
17788	1.0	0.0
17789	1.0	0.0
17791	1.0	0.0
17792	1.0	0.0
17793	1.0	0.0
17794	1.0	0.0
17795	1.0	0.0
17796	1.0	0.0
17797	1.0	0.0
17798	1.0	0.0
17799	1.0	0.0
17800	1.0	0.0
17801	1.0	0.0
17802	1.0	0.0
17803	1.0	1.054759520619889e-18
17804	1.0	0.0
17805	1.0	0.0
17806	1.0	0.0
17807	1.0	0.0
17808	1.0	0.0
17809	1.0	0.0
17810	1.0	0.0
17811	1.0	0.0
17812	1.0	0.0
17813	1.0	2.266179224354766e-19
17814	1.0	0.0
17815	1.0	0.0
17816	1.0	0.0
17817	1.0	0.0
17818	1.0	0.0
17819	1.0	0.0
17821	1.0	0.0
17822	1.0	0.0
17823	1.0	0.0
17824	1.0	0.0
17825	1.0	2.2883056695515903e-19
17826	1.0	0.0
17827	1.0	1.9726337983954667e-39
17828	1.0	2.973472334116186e-39
17829	1.0	9.39246984157013e-40
17830	1.0	0.0
17831	1.0	0.0
17832	1.0	0.0
17833	1.0	0.0
17834	1.0	0.0
17835	1.0	6.244040147166095e-19
17836	1.0	0.0
17837	1.0	0.0
17838	1.0	0.0
17839	1.0	0.0
17840	1.0	9.59976288690532e-20
17841	1.0	3.8964305783077856e-39
17842	1.0	1.272398001177765e-19
17843	1.0	5.406135391653809e-40
17844	1.0	1.998806327156083e-39
17845	1.0	0.0
17846	1.0	0.0
17847	1.0	0.0
17848	1.0	0.0
17849	1.0	2.1646699714979024e-19
17851	1.0	3.997142899931305e-19
17852	1.0	0.0
17853	1.0	0.0
17854	1.0	0.0
17855	1.0	0.0
17856	1.0	0.0
17857	1.0	2.6541487489071547e-19
17858	1.0	0.0
17859	1.0	2.9784920702230367e-38
17860	1.0	4.587413559177773e-19
17861	1.0	1.0136377789037604e-38
17862	1.0	1.5279186105585875e-38
17863	1.0	2.43453647064381e-19
17864	1.0	5.6259324068694104e-39
17865	1.0	1.4445063644723911e-19
17866	1.0	3.808712527629687e-19
17867	1.0	5.984893756579207e-19
17868	1.0	7.529871499717309e-38
17869	1.0	1.049277661964245e-18
17870	1.0	1.2878564176779402e-18
17871	1.0	3.856034307169388e-39
17872	1.0	5.04442168426978e-40
17873	1.0	5.161899256622861e-39
17874	1.0	4.9206210509426445e-19
17875	1.0	2.680228968001297e-38
17876	1.0	9.068479349831563e-39
17877	1.0	9.121331445663085e-39
17878	1.0	3.718706233935283e-39
17879	1.0	4.343017471770024e-39
17881	1.0	2.624653017331994e-38
17882	1.0	9.121992852543185e-19
17883	1.0	5.902278433341329e-38
17884	1.0	2.9476125329559053e-38
17885	1.0	3.856034307169388e-39
17886	1.0	2.4151556033949966e-39
17887	1.0	1.8889328202954448e-39
17888	1.0	0.0
17889	1.0	1.438159036921471e-19
17890	1.0	5.320020361927497e-40
17891	1.0	6.2014275824769e-40
17892	1.0	1.8729217974905965e-40
17893	1.0	3.2150935578687115e-39
17894	1.0	8.300126882760622e-39
17895	1.0	1.7982431597717726e-38
17896	1.0	9.882380678469654e-39
17897	1.0	9.090497825123425e-39
17898	1.0	7.23005183636621e-39
17899	1.0	2.0642694712467308e-19
17900	1.0	1.0169414602727715e-38
17901	1.0	7.953665999524615e-39
17902	1.0	4.6774270557989813e-39
17903	1.0	4.7046876155313734e-39
17904	1.0	1.918069885829348e-39
17905	1.0	7.091665202543116e-39
17906	1.0	4.3603758517347347e-39
17907	1.0	2.6112142888991658e-39
17908	1.0	7.886248923420968e-40
17909	1.0	4.077373040457528e-19
17911	1.0	6.685123079980604e-38
17912	1.0	8.773875111228885e-19
17913	1.0	3.044333649553264e-38
17914	1.0	4.250480770486888e-40
17915	1.0	2.9893702533955927e-39
17916	1.0	1.5334989438705674e-39
17917	1.0	9.428859897553133e-40
17918	1.0	1.705319420723394e-40
17919	1.0	0.0
17920	1.0	0.0
17921	1.0	0.0
17922	1.0	0.0
17923	1.0	0.0
17924	1.0	0.0
17925	1.0	0.0
17926	1.0	3.2372699749374997e-39
17927	1.0	4.400757293027502e-39
17928	1.0	1.4889838559278358e-39
17929	1.0	1.4976618177348006e-39
17930	1.0	6.105867735553761e-40
17931	1.0	2.2575178345412362e-39
17932	1.0	8.312381730717501e-40
17933	1.0	5.552453680349301e-20
17934	1.0	4.309505286894151e-39
17935	1.0	3.6963023459345264e-19
17936	1.0	2.4103617094412995e-38
17937	1.0	1.4694113232768546e-38
17938	1.0	1.3246324256017883e-38
17939	1.0	1.2184885986284856e-38
17941	1.0	1.2428931051036898e-38
17942	1.0	7.150833673640163e-39
17943	1.0	4.20529387311487e-39
17944	1.0	4.229802788690192e-39
17945	1.0	7.090221586331951e-40
17946	1.0	4.929209508693457e-39
17947	1.0	0.0
17948	1.0	6.807514593492972e-38
17949	1.0	7.1389294932094045e-19
17950	1.0	3.741120900227184e-38
17951	1.0	3.441341971488519e-38
17952	1.0	1.3676278014385566e-39
17953	1.0	4.0855750333266223e-39
17954	1.0	2.4026630236322416e-39
17955	1.0	2.4166660081985817e-39
17956	1.0	2.2398027169901906e-39
17957	1.0	4.0509447731458574e-40
17958	1.0	2.8162667769757e-39
17959	1.0	3.889422259212385e-38
17960	1.0	6.493903718799371e-19
17961	1.0	2.1374612869220733e-38
17962	1.0	3.219973489401472e-38
17963	1.0	1.563788767654087e-38
17964	1.0	1.2300074021865668e-38
17965	1.0	1.6049229299641373e-38
17966	1.0	4.794457268401108e-38
17967	1.0	2.819545621658053e-38
17968	1.0	2.8359782438927223e-38
17969	1.0	1.1562094895566902e-38
17971	1.0	1.574035838003705e-38
17972	1.0	4.7538183616927933e-39
17973	1.0	3.304913166074816e-38
17974	1.0	8.160495975024338e-38
17975	1.0	4.564270309185407e-37
17976	1.0	4.029781605473863e-37
17977	1.0	2.5083291138739067e-37
17978	1.0	2.307334750223044e-37
17979	1.0	9.193369890634338e-40
17980	1.0	7.707513828434637e-38
17981	1.0	1.0477624033271707e-37
17982	1.0	6.617330052044811e-19
17983	1.0	5.37485290456855e-38
17984	1.0	3.304777953040033e-38
17985	1.0	4.929906211402318e-19
17986	1.0	2.7092722013886867e-19
17987	1.0	4.155337558897494e-38
17988	1.0	1.026036501422588e-37
17989	1.0	5.73875405847419e-37
17990	1.0	5.066730052477198e-37
17991	1.0	3.153775501259196e-37
17992	1.0	4.750997628687662e-37
17993	1.0	2.9010610163589802e-37
17994	1.0	2.307334750223175e-37
17995	1.0	1.078849824901146e-38
17996	1.0	1.3564608122960382e-38
17997	1.0	5.805683185406194e-38
17998	1.0	2.3807332432446946e-38
17999	1.0	1.039693880522372e-18
18001	1.0	3.241073074941595e-38
18002	1.0	9.788514545377975e-39
18003	1.0	6.805096058784429e-38
18004	1.0	1.6803152218163402e-37
18005	1.0	5.729368104315994e-37
18006	1.0	8.297661555127036e-37
18007	1.0	5.1648620430262605e-37
18008	1.0	4.750997628687662e-37
18009	1.0	3.778666448269939e-37
18010	1.0	1.0368997193187348e-37
18011	1.0	8.37892348718822e-38
18012	1.0	0.0
18013	1.0	1.580362434247823e-38
18014	1.0	2.8248123088075967e-19
18015	1.0	6.238662977203693e-37
18016	1.0	3.8032308532386655e-37
18017	1.0	5.508098251256533e-37
18018	1.0	2.051920661461445e-18
18019	1.0	5.1648620430259665e-37
18020	1.0	2.221443143141655e-38
18021	1.0	0.0
18022	1.0	0.0
18023	1.0	5.58386699930233e-19
18024	1.0	0.0
18025	1.0	0.0
18026	1.0	0.0
18027	1.0	0.0
18028	1.0	0.0
18029	1.0	0.0
18031	1.0	1.1272251474924252e-37
18032	1.0	5.413767658657681e-19
18033	1.0	0.0
18034	1.0	0.0
18035	1.0	0.0
18036	1.0	0.0
18037	1.0	0.0
18038	1.0	0.0
18039	1.0	0.0
18040	1.0	0.0
18041	0.0	1.0
18042	3.3306690738754696e-15	0.9999999999999967
18043	0.0	1.0
18044	0.0	1.0
18045	0.0	1.0
18046	0.0	1.0
18047	0.08129534800457605	0.918704651995424
18048	0.0	1.0
18049	8.245759630653993e-11	0.9999999999175424
18050	3.660669101179792e-09	0.9999999963393309
18051	0.0	1.0
18052	0.0	1.0
18053	0.0	1.0
18054	0.0	1.0
18055	0.0	1.0
18056	5.577616146723585e-10	0.9999999994422384
18057	0.0	1.0
18058	5.639932965095795e-14	0.9999999999999436
18059	2.389619424558731e-06	0.9999976103805754
18061	0.0	1.0
18062	0.0	1.0
18063	9.654972399353312e-08	0.999999903450276
18064	0.0	1.0
18065	0.0	1.0
18066	0.0	1.0
18067	6.59472476627343e-14	0.999999999999934
18068	7.641999588692272e-09	0.9999999923580004
18069	0.0	1.0
18070	0.0	1.0
18071	3.389849040247306e-06	0.9999966101509598
18072	0.0	1.0
18073	0.0	1.0
18074	0.0004504758716487034	0.9995495241283513
18075	0.0	1.0
18076	0.0	1.0
18077	0.0	1.0
18078	3.002742499091937e-10	0.9999999996997258
18079	6.068923141810956e-12	0.9999999999939311
18080	0.0	1.0
18081	0.0	1.0
18082	0.0	1.0
18083	0.0	1.0
18084	1.3632391343554318e-05	0.9999863676086564
18085	0.0	1.0
18086	0.0	1.0
18087	0.0	1.0
18088	0.0	1.0
18089	0.0	1.0
18091	0.0	1.0
18092	0.0	1.0
18093	1.297098248809192e-07	0.9999998702901751
18094	0.0	1.0
18095	2.6687079135445657e-07	0.9999997331292086
18096	0.0	1.0
18097	2.220446049250313e-16	0.9999999999999998
18098	0.08129534800457605	0.918704651995424
18099	0.0	1.0
18100	0.0	1.0
18101	0.004476632742865916	0.9955233672571341
18102	0.0	1.0
18103	0.0	1.0
18104	0.0	1.0
18105	4.096945005471753e-12	0.999999999995903
18106	0.0	1.0
18107	2.273954985088089e-06	0.9999977260450149
18108	0.0	1.0
18109	0.0	1.0
18110	0.0	1.0
18111	0.0	1.0
18112	0.0	1.0
18113	0.0	1.0
18114	0.0	1.0
18115	0.0	1.0
18116	0.0	1.0
18117	0.0	1.0
18118	0.0	1.0
18119	0.0	1.0
18121	0.0	1.0
18122	0.0	1.0
18123	0.0	1.0
18124	0.005422655299228474	0.9945773447007715
18125	0.0	1.0
18126	0.0	1.0
18127	0.0	1.0
18128	0.0	1.0
18129	4.46039871704329e-10	0.9999999995539601
18130	0.0	1.0
18131	0.0	1.0
18132	0.0	1.0
18133	0.0	1.0
18134	0.0	1.0
18135	0.0	1.0
18136	0.0	1.0
18137	0.05827869625283366	0.9417213037471663
18138	0.0025580860788020354	0.997441913921198
18139	0.0	1.0
18140	0.0	1.0
18141	0.0	1.0
18142	6.046363409950573e-11	0.9999999999395364
18143	0.0	1.0
18144	0.0	1.0
18145	0.0	1.0
18146	0.0	1.0
18147	0.0	1.0
18148	0.0	1.0
18149	0.0	1.0
18151	0.0	1.0
18152	1.7859044598389495e-05	0.9999821409554016
18153	0.0	1.0
18154	0.0	1.0
18155	0.0	1.0
18156	0.00026930428699378783	0.9997306957130062
18157	0.0	1.0
18158	3.594178191734798e-06	0.9999964058218083
18159	3.7235214911390813e-10	0.9999999996276479
18160	0.005978189440577042	0.994021810559423
18161	0.0	1.0
18162	2.220446049250313e-16	0.9999999999999998
18163	0.0	1.0
18164	0.0	1.0
18165	0.0	1.0
18166	0.0	1.0
18167	0.0	1.0
18168	0.0	1.0
18169	0.0	1.0
18170	0.0002999131415486467	0.9997000868584514
18171	0.0	1.0
18172	0.0	1.0
18173	0.0	1.0
18174	0.0	1.0
18175	0.0	1.0
18176	0.0	1.0
18177	0.0	1.0
18178	0.0	1.0
18179	0.0	1.0
18181	0.0	1.0
18182	0.0	1.0
18183	0.0	1.0
18184	0.0	1.0
18185	0.0	1.0
18186	0.0	1.0
18187	4.063416270128073e-14	0.9999999999999594
18188	0.0	1.0
18189	0.0	1.0
18190	4.440892098500626e-16	0.9999999999999996
18191	0.0	1.0
18192	0.0	1.0
18193	0.0	1.0
18194	0.0	1.0
18195	0.0	1.0
18196	0.0	1.0
18197	5.57495094533067e-09	0.999999994425049
18198	0.0	1.0
18199	0.0008131740072768734	0.9991868259927231
18200	2.1316282072803006e-14	0.9999999999999787
18201	4.440892098500626e-16	0.9999999999999996
18202	0.0	1.0
18203	3.019806626980426e-13	0.999999999999698
18204	0.0	1.0
18205	0.0	1.0
18206	2.643605504504265e-07	0.9999997356394495
18207	0.0	1.0
18208	0.0	1.0
18209	0.0	1.0
18211	0.0	1.0
18212	0.0	1.0
18213	0.0	1.0
18214	0.0	1.0
18215	0.0	1.0
18216	0.0001623124323120173	0.999837687567688
18217	0.0	1.0
18218	0.0	1.0
18219	0.0	1.0
18220	0.0	1.0
18221	0.0	1.0
18222	1.582016792667229e-05	0.9999841798320733
18223	0.0	1.0
18224	0.0	1.0
18225	0.0	1.0
18226	0.0	1.0
18227	0.0	1.0
18228	0.0	1.0
18229	0.0	1.0
18230	1.4854784069484595e-13	0.9999999999998515
18231	0.0	1.0
18232	0.0	1.0
18233	1.7702345922465668e-08	0.9999999822976541
18234	0.0	1.0
18235	0.0	1.0
18236	4.440892098500626e-16	0.9999999999999996
18237	6.661338147750939e-16	0.9999999999999993
18238	0.0	1.0
18239	0.0	1.0
18241	0.0	1.0
18242	2.975775181823792e-11	0.9999999999702422
18243	0.0	1.0
18244	6.661338147750939e-16	0.9999999999999993
18245	0.0	1.0
18246	0.0	1.0
18247	0.0	1.0
18248	0.0	1.0
18249	2.8761898052120927e-06	0.9999971238101948
18250	0.0	1.0
18251	0.0	1.0
18252	0.0	1.0
18253	0.0	1.0
18254	0.0	1.0
18255	0.0	1.0
18256	6.661338147750939e-16	0.9999999999999993
18257	0.0	1.0
18258	2.7410132483418614e-05	0.9999725898675166
18259	0.0	1.0
18260	2.220446049250313e-16	0.9999999999999998
18261	0.0	1.0
18262	4.6629367034256575e-15	0.9999999999999953
18263	5.7714228951510904e-09	0.9999999942285771
18264	0.0	1.0
18265	0.0	1.0
18266	0.0	1.0
18267	0.0	1.0
18268	0.0	1.0
18269	6.719703505853047e-07	0.9999993280296494
18271	1.0391687510491465e-13	0.9999999999998961
18272	1.554312234475219e-14	0.9999999999999845
18273	0.0	1.0
18274	3.5037233492296593e-07	0.9999996496276651
18275	1.7079399972086406e-07	0.9999998292060003
18276	0.0	1.0
18277	0.0	1.0
18278	0.0	1.0
18279	0.0	1.0
18280	0.0	1.0
18281	0.0	1.0
18282	1.8111563993006286e-07	0.9999998188843601
18283	2.9209829444099e-08	0.9999999707901706
18284	0.0	1.0
18285	1.6785124569151932e-06	0.9999983214875431
18286	0.0	1.0
18287	0.0	1.0
18288	0.0	1.0
18289	0.0	1.0
18290	0.0	1.0
18291	0.0	1.0
18292	2.4646951146678475e-14	0.9999999999999754
18293	0.0	1.0
18294	0.0	1.0
18295	0.0	1.0
18296	0.0	1.0
18297	0.0	1.0
18298	0.0	1.0
18299	0.0	1.0
18301	0.0	1.0
18302	0.0	1.0
18303	0.0	1.0
18304	8.013167906995022e-11	0.9999999999198683
18305	0.0	1.0
18306	0.0	1.0
18307	0.0	1.0
18308	0.0	1.0
18309	0.0	1.0
18310	0.0	1.0
18311	0.0	1.0
18312	0.0	1.0
18313	0.0	1.0
18314	0.0	1.0
18315	0.0	1.0
18316	0.0	1.0
18317	0.0	1.0
18318	0.0	1.0
18319	0.0	1.0
18320	3.143027452268132e-05	0.9999685697254773
18321	0.0	1.0
18322	0.0	1.0
18323	0.0	1.0
18324	0.0	1.0
18325	0.2819454507343736	0.7180545492656264
18326	0.00024679759707890714	0.9997532024029211
18327	0.0	1.0
18328	0.0	1.0
18329	0.0	1.0
18331	0.0	1.0
18332	0.0	1.0
18333	0.0	1.0
18334	0.0	1.0
18335	0.003164031695021552	0.9968359683049784
18336	0.0	1.0
18337	0.0	1.0
18338	0.0	1.0
18339	0.0	1.0
18340	0.0	1.0
18341	0.961603268366909	0.03839673163309094
18342	0.0	1.0
18343	0.0	1.0
18344	0.0	1.0
18345	0.0	1.0
18346	0.0	1.0
18347	0.0	1.0
18348	0.0	1.0
18349	0.0	1.0
18350	0.0	1.0
18351	0.0	1.0
18352	0.0	1.0
18353	0.0	1.0
18354	0.0	1.0
18355	0.0	1.0
18356	0.0	1.0
18357	4.102348037826609e-06	0.9999958976519622
18358	0.0	1.0
18359	0.0	1.0
18361	9.601381443236079e-06	0.9999903986185568
18362	0.0	1.0
18363	9.554113056253755e-11	0.9999999999044589
18364	0.0	1.0
18365	0.0	1.0
18366	0.0	1.0
18367	0.0	1.0
18368	0.0	1.0
18369	0.0	1.0
18370	0.14508533798822432	0.8549146620117757
18371	4.021227795192317e-13	0.9999999999995979
18372	0.0	1.0
18373	0.0	1.0
18374	0.0	1.0
18375	2.220446049250313e-16	0.9999999999999998
18376	0.0	1.0
18377	0.0	1.0
18378	0.0	1.0
18379	0.0	1.0
18380	0.0	1.0
18381	0.0	1.0
18382	0.0	1.0
18383	1.3872680781901181e-11	0.9999999999861273
18384	0.0	1.0
18385	0.0	1.0
18386	0.0	1.0
18387	0.0	1.0
18388	0.0	1.0
18389	0.0	1.0
18391	0.0	1.0
18392	0.0	1.0
18393	0.0	1.0
18394	0.0	1.0
18395	0.0	1.0
18396	0.0	1.0
18397	0.0	1.0
18398	0.0	1.0
18399	0.0	1.0
18400	0.0	1.0
18401	0.0	1.0
18402	1.3400472465008306e-07	0.9999998659952753
18403	0.0	1.0
18404	5.895284260759581e-13	0.9999999999994105
18405	0.0	1.0
18406	0.0	1.0
18407	0.0	1.0
18408	0.0	1.0
18409	0.0	1.0
18410	0.0	1.0
18411	0.0	1.0
18412	0.0	1.0
18413	0.0	1.0
18414	0.0	1.0
18415	0.0	1.0
18416	0.0	1.0
18417	0.0	1.0
18418	0.0	1.0
18419	0.0	1.0
18421	6.441069899665308e-12	0.9999999999935589
18422	0.0	1.0
18423	0.0	1.0
18424	0.0	1.0
18425	0.0	1.0
18426	0.0	1.0
18427	0.0	1.0
18428	0.0	1.0
18429	0.0	1.0
18430	0.0	1.0
18431	0.0046730821188898375	0.9953269178811102
18432	0.0	1.0
18433	0.0	1.0
18434	0.0	1.0
18435	0.0	1.0
18436	0.0	1.0
18437	1.2445189397913836e-06	0.9999987554810602
18438	6.661338147750939e-16	0.9999999999999993
18439	0.0	1.0
18440	1.2193372644908607e-08	0.9999999878066274
18441	0.0	1.0
18442	0.0	1.0
18443	0.872065855760481	0.12793414423951902
18444	0.0	1.0
18445	0.0	1.0
18446	0.0	1.0
18447	0.0	1.0
18448	8.291800579485198e-10	0.9999999991708199
18449	0.0	1.0
18451	2.3536805837665042e-09	0.9999999976463194
18452	0.0	1.0
18453	0.0	1.0
18454	0.0	1.0
18455	0.0	1.0
18456	0.0	1.0
18457	0.0	1.0
18458	0.0	1.0
18459	0.0	1.0
18460	0.0	1.0
18461	0.0	1.0
18462	0.0	1.0
18463	3.0020430585864233e-13	0.9999999999996998
18464	0.0	1.0
18465	0.0	1.0
18466	0.0	1.0
18467	0.0	1.0
18468	0.0	1.0
18469	0.0	1.0
18470	0.0	1.0
18471	5.965221649972818e-10	0.9999999994034778
18472	0.0	1.0
18473	0.0	1.0
18474	0.0	1.0
18475	0.0	1.0
18476	2.9160754722035165e-07	0.9999997083924528
18477	0.03203164033142436	0.9679683596685756
18478	1.6409096303959814e-13	0.9999999999998359
18479	0.0	1.0
18481	0.0	1.0
18482	0.0	1.0
18483	0.0	1.0
18484	1.0	1.6434885767171278e-23
18485	0.0	1.0
18486	0.0	1.0
18487	9.740475093167333e-11	0.9999999999025952
18488	0.0	1.0
18489	2.949136490570936e-10	0.9999999997050864
18490	0.0	1.0
18491	1.485956105939934e-07	0.9999998514043894
18492	0.0	1.0
18493	0.0	1.0
18494	0.0	1.0
18495	0.0	1.0
18496	2.1382895454280515e-13	0.9999999999997862
18497	0.0	1.0
18498	0.0	1.0
18499	0.0	1.0
18500	0.0	1.0
18501	0.0	1.0
18502	0.0	1.0
18503	0.0	1.0
18504	0.0	1.0
18505	0.0	1.0
18506	0.0016178671597786298	0.9983821328402214
18507	4.3515835379537293e-10	0.9999999995648416
18508	0.0	1.0
18509	0.0	1.0
18511	0.0	1.0
18512	0.00011497514849134749	0.9998850248515087
18513	0.0	1.0
18514	0.0	1.0
18515	0.0	1.0
18516	0.0	1.0
18517	0.0	1.0
18518	0.0	1.0
18519	0.00012962938879124142	0.9998703706112088
18520	1.84297022087776e-14	0.9999999999999816
18521	0.0	1.0
18522	0.0	1.0
18523	0.0	1.0
18524	0.0	1.0
18525	0.0	1.0
18526	0.0	1.0
18527	0.0	1.0
18528	0.0	1.0
18529	0.0	1.0
18530	0.0	1.0
18531	0.0	1.0
18532	0.0	1.0
18533	4.110743745400214e-09	0.9999999958892563
18534	0.0	1.0
18535	0.0	1.0
18536	8.01581023779363e-14	0.9999999999999198
18537	0.0	1.0
18538	0.0	1.0
18539	0.0	1.0
18541	0.0	1.0
18542	2.220446049250313e-16	0.9999999999999998
18543	0.0	1.0
18544	0.0	1.0
18545	0.0	1.0
18546	0.0	1.0
18547	0.0	1.0
18548	0.0	1.0
18549	0.0	1.0
18550	0.0	1.0
18551	0.02799978349960819	0.9720002165003918
18552	0.0	1.0
18553	0.0	1.0
18554	0.0	1.0
18555	0.0	1.0
18556	3.9968028886505635e-15	0.999999999999996
18557	0.0	1.0
18558	0.0	1.0
18559	1.2507772595427014e-12	0.9999999999987492
18560	0.0	1.0
18561	0.0	1.0
18562	0.0	1.0
18563	0.0	1.0
18564	0.0	1.0
18565	2.4868995751603507e-14	0.9999999999999751
18566	0.0	1.0
18567	0.0	1.0
18568	0.0	1.0
18569	0.0	1.0
18571	0.0	1.0
18572	0.0	1.0
18573	0.0	1.0
18574	5.773159728050814e-15	0.9999999999999942
18575	0.0	1.0
18576	0.0031291081244708696	0.9968708918755291
18577	1.6660240101940005e-06	0.9999983339759898
18578	0.0	1.0
18579	0.0	1.0
18580	0.0	1.0
18581	0.004179330760476163	0.9958206692395238
18582	0.0	1.0
18583	0.0	1.0
18584	0.0	1.0
18585	0.0	1.0
18586	0.04630381223136226	0.9536961877686377
18587	0.0	1.0
18588	0.0	1.0
18589	0.0	1.0
18590	0.0	1.0
18591	2.353894856810257e-12	0.9999999999976461
18592	0.0	1.0
18593	0.0	1.0
18594	6.631495352849015e-11	0.999999999933685
18595	0.0	1.0
18596	0.0005928941164567991	0.9994071058835432
18597	0.0	1.0
18598	0.0	1.0
18599	3.1086244689504383e-15	0.9999999999999969
18601	0.0	1.0
18602	0.0	1.0
18603	8.19179150068905e-07	0.9999991808208499
18604	1.5496077754306725e-09	0.9999999984503922
18605	6.661338147750939e-15	0.9999999999999933
18606	8.881784197001252e-16	0.9999999999999991
18607	0.0	1.0
18608	1.8906439036570077e-07	0.9999998109356096
18609	0.0	1.0
18610	0.0	1.0
18611	4.233392969510419e-09	0.999999995766607
18612	0.0	1.0
18613	0.0	1.0
18614	0.0	1.0
18615	0.0	1.0
18616	1.019059412410428e-07	0.9999998980940588
18617	0.0	1.0
18618	0.0	1.0
18619	0.0	1.0
18620	0.0	1.0
18621	0.0	1.0
18622	0.0	1.0
18623	0.0	1.0
18624	1.7763568394002505e-15	0.9999999999999982
18625	0.0	1.0
18626	5.194337227010237e-08	0.9999999480566277
18627	0.0	1.0
18628	0.0	1.0
18629	0.0	1.0
18631	0.0	1.0
18632	0.0	1.0
18633	5.10702591327572e-15	0.9999999999999949
18634	0.0	1.0
18635	0.0	1.0
18636	0.0	1.0
18637	0.0	1.0
18638	0.0	1.0
18639	8.208989044078407e-13	0.9999999999991791
18640	0.0	1.0
18641	0.0	1.0
18642	2.220446049250313e-16	0.9999999999999998
18643	0.9786334655671357	0.021366534432864258
18644	0.0	1.0
18645	0.0	1.0
18646	1.9761969838327786e-14	0.9999999999999802
18647	0.0	1.0
18648	0.0	1.0
18649	0.051621399655568334	0.9483786003444317
18650	0.0	1.0
18651	0.0	1.0
18652	0.0	1.0
18653	5.10702591327572e-15	0.9999999999999949
18654	0.0	1.0
18655	0.0	1.0
18656	0.0	1.0
18657	0.0	1.0
18658	0.0	1.0
18659	0.0	1.0
18661	0.0	1.0
18662	0.0	1.0
18663	0.0	1.0
18664	0.0	1.0
18665	0.0	1.0
18666	8.657811798973292e-05	0.9999134218820103
18667	0.0	1.0
18668	0.0	1.0
18669	0.0	1.0
18670	0.0	1.0
18671	2.4424906541753444e-15	0.9999999999999976
18672	0.0	1.0
18673	0.0	1.0
18674	0.0	1.0
18675	0.0	1.0
18676	0.0	1.0
18677	0.0	1.0
18678	0.0	1.0
18679	0.0	1.0
18680	0.0	1.0
18681	3.977707052627011e-12	0.9999999999960223
18682	0.0	1.0
18683	1.4817518323440027e-08	0.9999999851824817
18684	1.152686315331053e-05	0.9999884731368467
18685	0.0	1.0
18686	8.040235144335384e-13	0.999999999999196
18687	0.0	1.0
18688	8.69389214084304e-05	0.9999130610785916
18689	0.0	1.0
18691	0.0	1.0
18692	0.0	1.0
18693	0.0034749870610313316	0.9965250129389687
18694	0.0	1.0
18695	0.0	1.0
18696	0.0	1.0
18697	0.0	1.0
18698	0.04433545708368947	0.9556645429163105
18699	0.0	1.0
18700	0.0	1.0
18701	5.6622374899784056e-05	0.9999433776251002
18702	0.0	1.0
18703	0.0	1.0
18704	0.0	1.0
18705	2.217474537324904e-08	0.9999999778252546
18706	2.097225364594557e-06	0.9999979027746354
18707	0.0	1.0
18708	0.0	1.0
18709	1.5842753775530127e-09	0.9999999984157246
18710	0.0	1.0
18711	0.0	1.0
18712	0.0	1.0
18713	4.245048943252172e-06	0.9999957549510567
18714	0.0	1.0
18715	0.0	1.0
18716	0.0	1.0
18717	0.00040046779163749324	0.9995995322083625
18718	0.0	1.0
18719	0.0	1.0
18721	0.0	1.0
18722	0.0	1.0
18723	2.5892961108553436e-09	0.9999999974107039
18724	1.354472090042691e-14	0.9999999999999865
18725	0.0	1.0
18726	0.0	1.0
18727	0.0	1.0
18728	0.0	1.0
18729	0.0	1.0
18730	1.9317880628477724e-14	0.9999999999999807
18731	0.0	1.0
18732	0.0	1.0
18733	0.0	1.0
18734	2.5613322588324827e-05	0.9999743866774117
18735	1.5496077754306725e-09	0.9999999984503922
18736	1.8060219986182346e-11	0.9999999999819398
18737	2.220446049250313e-16	0.9999999999999998
18738	0.0	1.0
18739	0.0	1.0
18740	0.006619046939095541	0.9933809530609045
18741	0.0	1.0
18742	3.1086244689504383e-15	0.9999999999999969
18743	0.0	1.0
18744	2.90878432451791e-14	0.9999999999999709
18745	0.0	1.0
18746	0.0	1.0
18747	4.440892098500626e-16	0.9999999999999996
18748	0.004264394099786184	0.9957356059002138
18749	1.1102230246251565e-15	0.9999999999999989
18751	1.1123468623641664e-05	0.9999888765313764
18752	0.0	1.0
18753	0.008728247187280047	0.99127175281272
18754	0.0	1.0
18755	1.0044187703783791e-11	0.9999999999899558
18756	7.90323362309664e-12	0.9999999999920968
18757	4.1300296516055823e-14	0.9999999999999587
18758	0.0	1.0
18759	0.0	1.0
18760	0.09840329870281206	0.9015967012971879
18761	0.0	1.0
18762	1.3322676295501878e-15	0.9999999999999987
18763	0.0	1.0
18764	0.0	1.0
18765	3.276581228561781e-10	0.9999999996723419
18766	0.0	1.0
18767	2.4424906541753444e-15	0.9999999999999976
18768	0.0	1.0
18769	0.0	1.0
18770	0.0	1.0
18771	0.0	1.0
18772	0.0	1.0
18773	0.0	1.0
18774	0.0	1.0
18775	0.0	1.0
18776	0.0	1.0
18777	0.011941789295823346	0.9880582107041767
18778	0.0	1.0
18779	0.0	1.0
18781	0.0	1.0
18782	0.0	1.0
18783	2.531308496145357e-14	0.9999999999999747
18784	0.0	1.0
18785	0.0	1.0
18786	0.0	1.0
18787	2.220446049250313e-16	0.9999999999999998
18788	0.0	1.0
18789	0.0	1.0
18790	0.0	1.0
18791	0.0	1.0
18792	0.0	1.0
18793	0.0	1.0
18794	0.0	1.0
18795	0.0	1.0
18796	0.0	1.0
18797	0.0	1.0
18798	0.0	1.0
18799	0.0	1.0
18800	5.537792446830281e-13	0.9999999999994462
18801	0.0	1.0
18802	3.552713678800501e-15	0.9999999999999964
18803	0.0	1.0
18804	0.0	1.0
18805	0.0	1.0
18806	0.0	1.0
18807	0.0	1.0
18808	0.0	1.0
18809	0.0	1.0
18811	0.0	1.0
18812	2.403282683971497e-09	0.9999999975967173
18813	2.7977620220553945e-14	0.999999999999972
18814	0.12423676243716508	0.8757632375628349
18815	0.0	1.0
18816	0.0	1.0
18817	0.0	1.0
18818	0.0	1.0
18819	0.0	1.0
18820	2.864375403532904e-14	0.9999999999999714
18821	0.0	1.0
18822	1.3990735237001672e-09	0.9999999986009265
18823	0.004179330760476163	0.9958206692395238
18824	0.0	1.0
18825	1.1962786317099017e-10	0.9999999998803721
18826	0.0	1.0
18827	0.0	1.0
18828	0.00461020086591768	0.9953897991340823
18829	0.0	1.0
18830	7.529532553007812e-13	0.999999999999247
18831	8.881784197001252e-15	0.9999999999999911
18832	0.0	1.0
18833	0.0	1.0
18834	0.0	1.0
18835	4.188449587161358e-11	0.9999999999581155
18836	0.0	1.0
18837	0.0	1.0
18838	1.8059114515356356e-05	0.9999819408854846
18839	0.0001819569391099396	0.9998180430608901
18841	0.004179330760476163	0.9958206692395238
18842	0.0	1.0
18843	0.0	1.0
18844	0.0	1.0
18845	4.4082833583480863e-07	0.9999995591716642
18846	0.0	1.0
18847	0.0	1.0
18848	0.0	1.0
18849	0.0	1.0
18850	0.0	1.0
18851	0.0005363616893601098	0.9994636383106399
18852	0.0	1.0
18853	0.0	1.0
18854	0.0	1.0
18855	0.0	1.0
18856	8.881784197001252e-16	0.9999999999999991
18857	0.0	1.0
18858	0.00014464959547111356	0.9998553504045289
18859	0.0	1.0
18860	0.0	1.0
18861	0.0	1.0
18862	0.0	1.0
18863	0.0	1.0
18864	7.442273636248942e-07	0.9999992557726364
18865	0.0	1.0
18866	4.0698977521458346e-10	0.9999999995930102
18867	0.0	1.0
18868	4.440892098500626e-16	0.9999999999999996
18869	1.6661548563057238e-07	0.9999998333845144
18871	0.0017389777636780401	0.998261022236322
18872	0.0	1.0
18873	0.0	1.0
18874	0.000567985083202549	0.9994320149167975
18875	0.0	1.0
18876	0.0	1.0
18877	0.0	1.0
18878	0.06726846111251639	0.9327315388874836
18879	9.363997784617162e-05	0.9999063600221538
18880	6.426160061856478e-07	0.9999993573839938
18881	0.0	1.0
18882	0.0	1.0
18883	0.0	1.0
18884	0.0	1.0
18885	0.0	1.0
18886	1.0191847366058937e-13	0.9999999999998981
18887	0.0	1.0
18888	1.5543122344752192e-15	0.9999999999999984
18889	0.0	1.0
18890	0.0	1.0
18891	0.0	1.0
18892	0.0	1.0
18893	0.0	1.0
18894	0.0	1.0
18895	0.0	1.0
18896	0.0	1.0
18897	0.0	1.0
18898	0.0	1.0
18899	0.0	1.0
18901	8.657519146026971e-13	0.9999999999991342
18902	1.4654943925052066e-14	0.9999999999999853
18903	0.0	1.0
18904	0.0	1.0
18905	0.0	1.0
18906	0.0	1.0
18907	9.142464563183239e-12	0.9999999999908575
18908	0.004179330760476163	0.9958206692395238
18909	0.0	1.0
18910	0.0	1.0
18911	0.0	1.0
18912	0.0	1.0
18913	0.0	1.0
18914	0.0	1.0
18915	0.0	1.0
18916	0.0	1.0
18917	0.0	1.0
18918	5.644817946404146e-11	0.9999999999435518
18919	0.0	1.0
18920	0.0	1.0
18921	0.0	1.0
18922	0.0	1.0
18923	0.0	1.0
18924	0.0	1.0
18925	9.462453043340702e-11	0.9999999999053755
18926	0.0	1.0
18927	7.407015611970991e-08	0.9999999259298439
18928	0.0	1.0
18929	0.0	1.0
18931	0.0	1.0
18932	0.0	1.0
18933	0.0	1.0
18934	3.18562641821174e-08	0.9999999681437358
18935	0.0	1.0
18936	0.0	1.0
18937	0.0	1.0
18938	0.0	1.0
18939	0.0	1.0
18940	0.0	1.0
18941	0.0	1.0
18942	0.0	1.0
18943	0.0	1.0
18944	2.220446049250313e-16	0.9999999999999998
18945	0.0	1.0
18946	1.8564183146274615e-07	0.9999998143581685
18947	0.0	1.0
18948	2.409885180298943e-09	0.9999999975901148
18949	3.703704010149522e-13	0.9999999999996296
18950	0.0	1.0
18951	0.0	1.0
18952	0.0	1.0
18953	3.5837999234900053e-13	0.9999999999996416
18954	0.009043544146520754	0.9909564558534792
18955	0.018951921361749946	0.98104807863825
18956	0.0	1.0
18957	0.0	1.0
18958	0.0	1.0
18959	0.0	1.0
18961	0.0	1.0
18962	0.0	1.0
18963	0.0	1.0
18964	0.0	1.0
18965	0.0	1.0
18966	0.0	1.0
18967	1.7763568394002505e-15	0.9999999999999982
18968	0.0	1.0
18969	0.0	1.0
18970	0.0	1.0
18971	0.0	1.0
18972	0.0	1.0
18973	0.0	1.0
18974	3.3142166788735494e-09	0.9999999966857833
18975	0.0	1.0
18976	0.0	1.0
18977	2.8902562059451853e-05	0.9999710974379405
18978	1.6208421035557308e-05	0.9999837915789644
18979	0.0	1.0
18980	1.1278911138390413e-10	0.9999999998872109
18981	0.0	1.0
18982	0.0	1.0
18983	0.0	1.0
18984	0.0	1.0
18985	0.0	1.0
18986	0.0	1.0
18987	0.002035323464052441	0.9979646765359476
18988	1.1320944182102721e-11	0.9999999999886791
18989	0.0	1.0
18991	0.0	1.0
18992	0.0	1.0
18993	0.0	1.0
18994	2.220446049250313e-16	0.9999999999999998
18995	0.0	1.0
18996	0.0004184221122697229	0.9995815778877303
18997	0.0	1.0
18998	0.0	1.0
18999	0.0	1.0
19000	0.0	1.0
19001	1.7763568394002505e-15	0.9999999999999982
19002	0.0	1.0
19003	0.00042689303601495254	0.999573106963985
19004	1.898475821304757e-05	0.999981015241787
19005	9.14823772291129e-14	0.9999999999999085
19006	0.0	1.0
19007	0.0007909205067294645	0.9992090794932705
19008	7.813249935928468e-09	0.9999999921867501
19009	0.0	1.0
19010	0.0	1.0
19011	0.0	1.0
19012	0.0	1.0
19013	0.0	1.0
19014	0.0	1.0
19015	0.0	1.0
19016	2.815525590449397e-13	0.9999999999997184
19017	0.0	1.0
19018	0.0	1.0
19019	0.0	1.0
19021	0.0	1.0
19022	0.0	1.0
19023	2.793321129956894e-13	0.9999999999997207
19024	0.0	1.0
19025	0.0	1.0
19026	0.0	1.0
19027	0.0010398837698201158	0.9989601162301799
19028	0.0	1.0
19029	0.0	1.0
19030	0.0	1.0
19031	3.3711011759862686e-08	0.9999999662889882
19032	0.0	1.0
19033	0.0	1.0
19034	0.0	1.0
19035	1.014521799902468e-12	0.9999999999989855
19036	0.0	1.0
19037	0.0	1.0
19038	3.907985046680551e-13	0.9999999999996092
19039	0.0	1.0
19040	5.10702591327572e-14	0.9999999999999489
19041	0.0	1.0
19042	9.29167853769286e-12	0.9999999999907083
19043	0.0	1.0
19044	0.0	1.0
19045	0.0	1.0
19046	0.0	1.0
19047	0.0	1.0
19048	0.0	1.0
19049	0.0	1.0
19051	0.0	1.0
19052	0.0	1.0
19053	0.0	1.0
19054	0.0	1.0
19055	0.0	1.0
19056	0.0	1.0
19057	0.0	1.0
19058	0.0	1.0
19059	0.0	1.0
19060	0.0	1.0
19061	0.0	1.0
19062	0.0	1.0
19063	0.0	1.0
19064	0.0	1.0
19065	0.0	1.0
19066	0.0	1.0
19067	1.4304113449270517e-12	0.9999999999985696
19068	0.0	1.0
19069	0.0	1.0
19070	0.0	1.0
19071	0.0	1.0
19072	0.0	1.0
19073	0.0	1.0
19074	0.0	1.0
19075	0.0	1.0
19076	1.3166315371293535e-08	0.9999999868336846
19077	0.0	1.0
19078	0.0	1.0
19079	0.0	1.0
19081	0.0	1.0
19082	0.0	1.0
19083	0.0	1.0
19084	0.0	1.0
19085	0.0	1.0
19086	0.0	1.0
19087	0.0	1.0
19088	0.0	1.0
19089	4.440892098500626e-16	0.9999999999999996
19090	0.0	1.0
19091	0.0	1.0
19092	0.0	1.0
19093	0.0	1.0
19094	0.0	1.0
19095	0.0	1.0
19096	0.0	1.0
19097	2.2906407881606583e-09	0.9999999977093592
19098	6.085194570459862e-10	0.9999999993914805
19099	0.0	1.0
19100	0.0026559293578710674	0.9973440706421289
19101	0.0	1.0
19102	0.0	1.0
19103	0.0	1.0
19104	0.0	1.0
19105	0.0	1.0
19106	0.0	1.0
19107	0.004179330760476163	0.9958206692395238
19108	4.4853010194856324e-14	0.9999999999999551
19109	8.47120074087826e-09	0.9999999915287993
19111	1.1324274851176597e-14	0.9999999999999887
19112	2.4757408745301746e-07	0.9999997524259125
19113	0.0	1.0
19114	0.0	1.0
19115	0.0	1.0
19116	0.00010321174103833375	0.9998967882589617
19117	0.0	1.0
19118	0.0	1.0
19119	0.0	1.0
19120	6.921463402420613e-11	0.9999999999307854
19121	1.5433462852154634e-07	0.9999998456653715
19122	0.0	1.0
19123	0.0	1.0
19124	0.0	1.0
19125	0.0	1.0
19126	1.3992718095323653e-10	0.9999999998600728
19127	9.491180737897231e-06	0.9999905088192621
19128	0.0	1.0
19129	0.0	1.0
19130	2.6714608303279874e-10	0.9999999997328539
19131	5.056807417247455e-09	0.9999999949431926
19132	0.0	1.0
19133	3.517186542012496e-13	0.9999999999996483
19134	0.0	1.0
19135	2.2938295707319867e-10	0.999999999770617
19136	0.0	1.0
19137	0.002117625586492533	0.9978823744135075
19138	0.0	1.0
19139	0.0	1.0
19141	0.0	1.0
19142	0.0	1.0
19143	0.0	1.0
19144	0.0	1.0
19145	0.0	1.0
19146	1.997681575716115e-09	0.9999999980023184
19147	0.0	1.0
19148	0.0	1.0
19149	0.0	1.0
19150	0.0	1.0
19151	0.0	1.0
19152	0.0	1.0
19153	0.0	1.0
19154	0.0	1.0
19155	9.126033262418787e-14	0.9999999999999087
19156	0.0	1.0
19157	0.0	1.0
19158	0.000222001391844584	0.9997779986081554
19159	1.5694112676101213e-11	0.9999999999843059
19160	0.0	1.0
19161	0.0	1.0
19162	4.440892098500626e-16	0.9999999999999996
19163	0.0	1.0
19164	0.0	1.0
19165	0.0	1.0
19166	1.609823385706477e-13	0.999999999999839
19167	0.0	1.0
19168	1.5183176604871562e-07	0.999999848168234
19169	0.0	1.0
19171	0.0	1.0
19172	0.0	1.0
19173	0.0	1.0
19174	4.732516600824965e-10	0.9999999995267483
19175	1.156852391659413e-13	0.9999999999998843
19176	1.6653345369377348e-14	0.9999999999999833
19177	0.0	1.0
19178	0.0	1.0
19179	0.0	1.0
19180	0.0	1.0
19181	0.0	1.0
19182	0.0	1.0
19183	0.0	1.0
19184	0.0	1.0
19185	0.0	1.0
19186	0.0	1.0
19187	0.0	1.0
19188	0.0	1.0
19189	0.0	1.0
19190	0.0	1.0
19191	0.0	1.0
19192	5.551115123125783e-15	0.9999999999999944
19193	0.0	1.0
19194	0.0	1.0
19195	0.0	1.0
19196	0.0	1.0
19197	0.0	1.0
19198	2.675927514017573e-07	0.9999997324072486
19199	1.1213252548714081e-13	0.9999999999998879
19201	0.0	1.0
19202	0.0	1.0
19203	0.0	1.0
19204	6.37266940328729e-08	0.999999936273306
19205	0.0	1.0
19206	0.0	1.0
19207	1.9984014443252818e-15	0.999999999999998
19208	0.0	1.0
19209	0.0	1.0
19210	0.0	1.0
19211	3.7569947153315297e-13	0.9999999999996243
19212	6.617328907054798e-11	0.9999999999338267
19213	0.0	1.0
19214	0.0	1.0
19215	0.0	1.0
19216	1.0	6.698030867132394e-21
19217	0.0022465338822226233	0.9977534661177774
19218	0.0	1.0
19219	0.0	1.0
19220	0.0	1.0
19221	0.0	1.0
19222	0.0	1.0
19223	0.0	1.0
19224	1.3316257902129536e-05	0.9999866837420979
19225	0.0	1.0
19226	0.0	1.0
19227	0.0	1.0
19228	0.0	1.0
19229	0.0	1.0
19231	0.0	1.0
19232	0.0	1.0
19233	0.0	1.0
19234	0.0	1.0
19235	0.0	1.0
19236	5.3563124916111704e-05	0.9999464368750839
19237	1.5900865069085057e-09	0.9999999984099135
19238	0.0	1.0
19239	0.0	1.0
19240	0.0	1.0
19241	0.0009330428593957718	0.9990669571406042
19242	0.9999999999320323	6.796779771240245e-11
19243	0.0	1.0
19244	0.0	1.0
19245	0.0	1.0
19246	0.0	1.0
19247	0.0	1.0
19248	4.995559521603354e-12	0.9999999999950044
19249	0.0	1.0
19250	0.0	1.0
19251	0.0	1.0
19252	0.0	1.0
19253	0.0	1.0
19254	0.0	1.0
19255	0.0	1.0
19256	0.0	1.0
19257	0.0	1.0
19258	0.0	1.0
19259	0.0	1.0
19261	0.0	1.0
19262	0.0	1.0
19263	0.0	1.0
19264	0.0	1.0
19265	0.0	1.0
19266	6.318043865860545e-10	0.9999999993681956
19267	0.0	1.0
19268	0.0	1.0
19269	0.0	1.0
19270	0.0	1.0
19271	0.0	1.0
19272	1.856891629348212e-08	0.9999999814310837
19273	0.0	1.0
19274	0.0	1.0
19275	0.0	1.0
19276	0.0	1.0
19277	0.0	1.0
19278	0.0	1.0
19279	0.0	1.0
19280	0.012022257929176439	0.9879777420708236
19281	0.0	1.0
19282	1.0946799022804043e-12	0.9999999999989053
19283	3.397282455352979e-14	0.999999999999966
19284	0.0	1.0
19285	0.0	1.0
19286	0.0	1.0
19287	0.0	1.0
19288	0.0	1.0
19289	0.0	1.0
19291	0.0	1.0
19292	0.0	1.0
19293	0.0	1.0
19294	0.0	1.0
19295	0.0	1.0
19296	0.0006553753713810506	0.999344624628619
19297	5.05761502445079e-06	0.9999949423849755
19298	5.10702591327572e-15	0.9999999999999949
19299	1.4210854715202004e-14	0.9999999999999858
19300	0.0	1.0
19301	0.0	1.0
19302	0.0	1.0
19303	0.0	1.0
19304	0.0	1.0
19305	6.981859534960222e-10	0.999999999301814
19306	0.0	1.0
19307	0.0	1.0
19308	0.0	1.0
19309	0.08708860992432843	0.9129113900756716
19310	7.852664851704105e-09	0.9999999921473351
19311	0.0	1.0
19312	1.5942802633617248e-12	0.9999999999984057
19313	0.0	1.0
19314	0.0	1.0
19315	0.0	1.0
19316	0.0	1.0
19317	0.0	1.0
19318	0.0	1.0
19319	0.0	1.0
19321	0.0	1.0
19322	2.0562733737961025e-09	0.9999999979437266
19323	0.0	1.0
19324	0.010072070976822833	0.9899279290231772
19325	0.0	1.0
19326	4.218847493575595e-15	0.9999999999999958
19327	0.0	1.0
19328	0.0	1.0
19329	1.3322676295501878e-15	0.9999999999999987
19330	1.0436096431476471e-14	0.9999999999999896
19331	1.687538997430238e-14	0.9999999999999831
19332	1.9246826354901714e-11	0.9999999999807532
19333	0.0	1.0
19334	0.005382969711370089	0.9946170302886299
19335	0.0	1.0
19336	3.1086244689504383e-15	0.9999999999999969
19337	0.15743056331943617	0.8425694366805638
19338	0.0	1.0
19339	0.0	1.0
19340	8.951677856505746e-05	0.9999104832214349
19341	0.0	1.0
19342	0.0	1.0
19343	1.4854784069484595e-13	0.9999999999998515
19344	0.0	1.0
19345	0.0	1.0
19346	4.551470311753292e-12	0.9999999999954485
19347	3.956659444526167e-10	0.9999999996043341
19348	0.0	1.0
19349	0.0	1.0
19351	1.1102230246251565e-15	0.9999999999999989
19352	1.9984014443252818e-15	0.999999999999998
19353	0.0	1.0
19354	3.1446134530765946e-06	0.9999968553865469
19355	0.0	1.0
19356	0.0	1.0
19357	0.0	1.0
19358	0.0	1.0
19359	0.0	1.0
19360	4.426222505182764e-07	0.9999995573777495
19361	0.0	1.0
19362	0.0	1.0
19363	0.0	1.0
19364	0.0	1.0
19365	0.006137048976742943	0.9938629510232571
19366	0.004179330760476163	0.9958206692395238
19367	5.154250359851176e-10	0.999999999484575
19368	0.0	1.0
19369	0.0	1.0
19370	0.0	1.0
19371	0.0	1.0
19372	2.146366618882567e-07	0.9999997853633381
19373	0.0	1.0
19374	4.440892098500626e-16	0.9999999999999996
19375	0.0004890344371826227	0.9995109655628174
19376	0.004338088181380262	0.9956619118186197
19377	0.0	1.0
19378	0.004179330760476163	0.9958206692395238
19379	0.0	1.0
19381	0.0	1.0
19382	0.0	1.0
19383	0.0	1.0
19384	0.0	1.0
19385	0.0	1.0
19386	0.0	1.0
19387	0.0	1.0
19388	0.0	1.0
19389	0.0	1.0
19390	0.0	1.0
19391	0.0	1.0
19392	0.0	1.0
19393	0.0	1.0
19394	4.440892098500626e-16	0.9999999999999996
19395	0.0	1.0
19396	0.0	1.0
19397	0.0	1.0
19398	2.220446049250313e-16	0.9999999999999998
19399	0.0	1.0
19400	0.0	1.0
19401	0.0	1.0
19402	1.062228083270611e-10	0.9999999998937772
19403	0.0	1.0
19404	0.0	1.0
19405	1.5543122344752192e-15	0.9999999999999984
19406	0.0	1.0
19407	0.0	1.0
19408	0.0	1.0
19409	1.2339450050635747e-07	0.9999998766054995
19411	0.0	1.0
19412	3.645972412869014e-13	0.9999999999996354
19413	0.0	1.0
19414	0.0	1.0
19415	0.0	1.0
19416	0.0	1.0
19417	0.0	1.0
19418	2.220446049250313e-16	0.9999999999999998
19419	1.130367889767836e-05	0.9999886963211023
19420	4.91441731753639e-09	0.9999999950855827
19421	0.0	1.0
19422	8.296454032996614e-06	0.999991703545967
19423	0.0	1.0
19424	2.4424906541753444e-15	0.9999999999999976
19425	0.0	1.0
19426	0.008643248435917017	0.991356751564083
19427	0.004179330760476163	0.9958206692395238
19428	0.0	1.0
19429	1.5543122344752192e-15	0.9999999999999984
19430	0.0	1.0
19431	0.0	1.0
19432	0.0	1.0
19433	0.0	1.0
19434	0.0	1.0
19435	0.0	1.0
19436	0.0	1.0
19437	1.7985612998927536e-14	0.999999999999982
19438	0.0	1.0
19439	0.0	1.0
19441	0.0	1.0
19442	0.0	1.0
19443	0.0	1.0
19444	0.0	1.0
19445	0.0	1.0
19446	0.0	1.0
19447	0.0	1.0
19448	0.0	1.0
19449	0.0	1.0
19450	1.9984014443252818e-15	0.999999999999998
19451	0.0	1.0
19452	0.0	1.0
19453	0.0	1.0
19454	0.004179330760476163	0.9958206692395238
19455	0.0	1.0
19456	0.0	1.0
19457	0.0	1.0
19458	0.0	1.0
19459	0.0	1.0
19460	0.0	1.0
19461	0.0	1.0
19462	1.9501451009595883e-08	0.999999980498549
19463	1.1160727342307553e-08	0.9999999888392727
19464	0.0	1.0
19465	3.774758283725532e-15	0.9999999999999962
19466	3.9968028886505635e-15	0.999999999999996
19467	0.0	1.0
19468	0.0	1.0
19469	0.0	1.0
19471	0.0	1.0
19472	0.0	1.0
19473	0.0	1.0
19474	1.9657608874013022e-11	0.9999999999803424
19475	0.0	1.0
19476	0.0	1.0
19477	0.0	1.0
19478	0.0	1.0
19479	0.0	1.0
19480	0.0	1.0
19481	0.0	1.0
19482	0.0	1.0
19483	0.0	1.0
19484	0.0	1.0
19485	3.15125459060539e-09	0.9999999968487454
19486	0.0	1.0
19487	0.0	1.0
19488	2.2359891715950653e-13	0.9999999999997764
19489	9.858743211355048e-06	0.9999901412567886
19490	0.0	1.0
19491	0.0	1.0
19492	0.0	1.0
19493	9.794081714531444e-07	0.9999990205918285
19494	0.0	1.0
19495	0.0	1.0
19496	0.0	1.0
19497	0.00013535221038085687	0.9998646477896191
19498	2.4980018054066022e-12	0.999999999997502
19499	6.639133687258436e-14	0.9999999999999336
19501	0.0	1.0
19502	0.0	1.0
19503	0.0	1.0
19504	0.0	1.0
19505	0.0	1.0
19506	1.3322676295501878e-15	0.9999999999999987
19507	0.0	1.0
19508	0.0	1.0
19509	0.0	1.0
19510	0.0	1.0
19511	0.0	1.0
19512	0.0	1.0
19513	0.0	1.0
19514	0.0	1.0
19515	0.0	1.0
19516	0.0	1.0
19517	1.3322676295501878e-15	0.9999999999999987
19518	0.0	1.0
19519	0.0	1.0
19520	0.0	1.0
19521	0.0	1.0
19522	0.0	1.0
19523	0.0	1.0
19524	0.0	1.0
19525	0.0	1.0
19526	0.0	1.0
19527	0.0	1.0
19528	0.0	1.0
19529	9.4368176606352e-09	0.9999999905631823
19531	0.0	1.0
19532	0.0	1.0
19533	1.2561063300609021e-12	0.9999999999987439
19534	0.0	1.0
19535	2.822586608886013e-11	0.9999999999717741
19536	1.3322676295501878e-15	0.9999999999999987
19537	0.0	1.0
19538	0.0	1.0
19539	0.0	1.0
19540	0.0	1.0
19541	0.0	1.0
19542	5.381110668167821e-09	0.9999999946188893
19543	0.0	1.0
19544	4.218847493575595e-15	0.9999999999999958
19545	0.0	1.0
19546	0.0	1.0
19547	4.6629367034256575e-15	0.9999999999999953
19548	0.0	1.0
19549	0.004179330760476163	0.9958206692395238
19550	3.1086244689504383e-15	0.9999999999999969
19551	3.2788347302803444e-06	0.9999967211652697
19552	0.0	1.0
19553	0.0	1.0
19554	0.0	1.0
19555	0.0	1.0
19556	3.6135452408103674e-09	0.9999999963864548
19557	0.004179330760476163	0.9958206692395238
19558	0.0	1.0
19559	0.0007116472964513454	0.9992883527035487
19561	0.0	1.0
19562	0.0	1.0
19563	1.8585691208272692e-05	0.9999814143087917
19564	0.0	1.0
19565	0.0	1.0
19566	0.0	1.0
19567	0.0	1.0
19568	0.0	1.0
19569	0.00010544071593476811	0.9998945592840652
19570	0.0	1.0
19571	1.1527137027567136e-05	0.9999884728629724
19572	0.0	1.0
19573	3.0409512674633987e-07	0.9999996959048733
19574	9.784080745589563e-08	0.9999999021591925
19575	0.0	1.0
19576	3.850187524134796e-05	0.9999614981247587
19577	3.774618870500124e-05	0.999962253811295
19578	0.0	1.0
19579	1.8585691208272692e-05	0.9999814143087917
19580	0.02235342663869677	0.9776465733613032
19581	1.8339996188387886e-11	0.99999999998166
19582	2.447751279444077e-08	0.9999999755224872
19583	0.023842017171890828	0.9761579828281092
19584	1.893028178656664e-09	0.9999999981069718
19585	2.452997804880397e-10	0.9999999997547002
19586	0.0	1.0
19587	0.0	1.0
19588	7.378508148914165e-08	0.9999999262149185
19589	0.0	1.0
19591	0.0	1.0
19592	3.2788347302803444e-06	0.9999967211652697
19593	5.505507161274181e-11	0.9999999999449449
19594	0.0467218205891079	0.9532781794108921
19595	0.43291009234209676	0.5670899076579032
19596	2.4424906541753444e-15	0.9999999999999976
19597	0.0	1.0
19598	0.0009943701550868544	0.9990056298449131
19599	0.026617025837091246	0.9733829741629088
19600	2.447751279444077e-08	0.9999999755224872
19601	0.0	1.0
19602	0.7825057237166042	0.21749427628339574
19603	0.0	1.0
19604	6.106226635438361e-13	0.9999999999993894
19605	0.0	1.0
19606	4.0113482169257253e-07	0.9999995988651783
19607	0.0	1.0
19608	0.0173861106898362	0.9826138893101638
19609	0.00033676852330111195	0.9996632314766989
19610	0.0	1.0
19611	0.0	1.0
19612	2.2166712909665875e-10	0.9999999997783329
19613	0.0	1.0
19614	0.0	1.0
19615	0.0036262352080143057	0.9963737647919857
19616	2.7828615012381874e-07	0.9999997217138499
19617	0.0	1.0
19618	0.0	1.0
19619	1.2656542480726785e-14	0.9999999999999873
19621	0.040530382032797685	0.9594696179672023
19622	0.0	1.0
19623	0.0	1.0
19624	0.0	1.0
19625	0.0	1.0
19626	0.0	1.0
19627	1.9310319940513132e-05	0.9999806896800595
19628	0.0	1.0
19629	0.0	1.0
19630	0.0	1.0
19631	3.296918293926865e-12	0.9999999999967031
19632	8.356062955050536e-05	0.9999164393704495
19633	2.1760371282653068e-14	0.9999999999999782
19634	3.6727731966834654e-11	0.9999999999632723
19635	0.0	1.0
19636	0.0	1.0
19637	0.0	1.0
19638	0.0	1.0
19639	0.0467218205891079	0.9532781794108921
19640	0.0	1.0
19641	0.007249116319238191	0.9927508836807618
19642	2.7342864079127338e-05	0.9999726571359209
19643	2.1516122217235534e-13	0.9999999999997848
19644	4.127051336233478e-07	0.9999995872948664
19645	0.0	1.0
19646	0.0	1.0
19647	1.751931932858497e-13	0.9999999999998248
19648	0.0	1.0
19649	0.0	1.0
19651	0.0001905288411633288	0.9998094711588367
19652	4.584676784213926e-06	0.9999954153232158
19653	1.6084911180769268e-12	0.9999999999983915
19654	0.004179330760476163	0.9958206692395238
19655	0.0	1.0
19656	0.0	1.0
19657	2.8073796620731173e-09	0.9999999971926203
19658	3.5951464028016744e-11	0.9999999999640485
19659	0.0001553825076503479	0.9998446174923497
19660	2.447751279444077e-08	0.9999999755224872
19661	1.7319479184152442e-14	0.9999999999999827
19662	0.0	1.0
19663	0.0	1.0
19664	0.0	1.0
19665	0.008584218651478515	0.9914157813485215
19666	0.00491766096948687	0.9950823390305131
19667	0.0006415735181982685	0.9993584264818017
19668	0.0	1.0
19669	0.0	1.0
19670	0.0	1.0
19671	0.0	1.0
19672	0.0	1.0
19673	9.628908867465036e-06	0.9999903710911325
19674	0.0	1.0
19675	2.965488743456035e-09	0.9999999970345113
19676	0.008156831336492476	0.9918431686635075
19677	0.0	1.0
19678	6.7486016774864765e-12	0.9999999999932514
19679	9.769962616701378e-15	0.9999999999999902
19681	0.0	1.0
19682	0.03281682296792965	0.9671831770320704
19683	1.5543122344752192e-15	0.9999999999999984
19684	0.0	1.0
19685	0.0	1.0
19686	0.0	1.0
19687	0.0	1.0
19688	6.764187896002305e-05	0.99993235812104
19689	3.112718971465256e-10	0.9999999996887281
19690	4.5684001781509664e-07	0.9999995431599822
19691	0.0	1.0
19692	0.0	1.0
19693	2.324832770739249e-09	0.9999999976751672
19694	0.0	1.0
19695	0.0	1.0
19696	0.014756355776316954	0.985243644223683
19697	0.0	1.0
19698	0.004179330760476163	0.9958206692395238
19699	0.0	1.0
19700	0.0	1.0
19701	0.0	1.0
19702	0.0	1.0
19703	7.077671781985373e-12	0.9999999999929223
19704	8.68851969482165e-07	0.9999991311480305
19705	0.0	1.0
19706	2.8374413929554976e-11	0.9999999999716256
19707	0.0	1.0
19708	0.0	1.0
19709	7.993605777301127e-15	0.999999999999992
19711	1.7386092565629951e-13	0.9999999999998261
19712	0.0	1.0
19713	4.655315246626657e-07	0.9999995344684753
19714	0.0	1.0
19715	5.75159364579747e-09	0.9999999942484064
19716	0.0005636907269590541	0.999436309273041
19717	0.0	1.0
19718	0.0	1.0
19719	0.0	1.0
19720	0.0	1.0
19721	0.0	1.0
19722	6.661338147750939e-16	0.9999999999999993
19723	0.004179330760476163	0.9958206692395238
19724	0.0	1.0
19725	0.0	1.0
19726	1.8201684603980084e-10	0.9999999998179832
19727	3.5083047578154947e-14	0.9999999999999649
19728	0.0	1.0
19729	0.0	1.0
19730	0.0	1.0
19731	0.0	1.0
19732	2.886579864025407e-15	0.9999999999999971
19733	0.0	1.0
19734	2.2926576193071924e-09	0.9999999977073424
19735	0.004179330760476163	0.9958206692395238
19736	4.787977480047445e-07	0.999999521202252
19737	0.0	1.0
19738	0.0	1.0
19739	1.6129320101754274e-12	0.9999999999983871
19741	4.0276271207062564e-10	0.9999999995972373
19742	0.0	1.0
19743	0.0	1.0
19744	3.208032006707384e-08	0.9999999679196799
19745	0.0	1.0
19746	0.0	1.0
19747	0.0	1.0
19748	0.0	1.0
19749	0.0	1.0
19750	0.01229002247841915	0.9877099775215809
19751	0.00037874414064276163	0.9996212558593572
19752	0.0	1.0
19753	0.0	1.0
19754	0.0	1.0
19755	0.0	1.0
19756	0.0	1.0
19757	0.059693976182927044	0.940306023817073
19758	5.257385637946754e-10	0.9999999994742614
19759	0.0	1.0
19760	4.5684001781509664e-07	0.9999995431599822
19761	0.00446934344631289	0.9955306565536871
19762	0.00042342158929631335	0.9995765784107037
19763	0.0	1.0
19764	0.0	1.0
19765	1.4432899320127035e-13	0.9999999999998557
19766	0.003272720107038718	0.9967272798929613
19767	0.0	1.0
19768	0.0	1.0
19769	0.0	1.0
19771	4.440892098500626e-16	0.9999999999999996
19772	0.0	1.0
19773	0.0	1.0
19774	0.004179330760476163	0.9958206692395238
19775	0.0	1.0
19776	0.0	1.0
19777	0.0	1.0
19778	0.0	1.0
19779	0.00010021603375209853	0.9998997839662479
19780	3.3892155748560526e-10	0.9999999996610784
19781	0.0015572862478924199	0.9984427137521076
19782	1.9188314781537485e-07	0.9999998081168522
19783	0.0	1.0
19784	0.0	1.0
19785	0.0	1.0
19786	0.026761705220725296	0.9732382947792747
19787	0.001260924265649055	0.998739075734351
19788	0.00023968891385306446	0.9997603110861469
19789	0.0	1.0
19790	8.68851969482165e-07	0.9999991311480305
19791	3.15217160151704e-08	0.999999968478284
19792	0.0	1.0
19793	6.877831637552845e-12	0.9999999999931222
19794	0.003272720107038718	0.9967272798929613
19795	0.0	1.0
19796	0.0	1.0
19797	0.0	1.0
19798	9.03848889066694e-08	0.9999999096151111
19799	0.0	1.0
19801	1.9188314781537485e-07	0.9999998081168522
19802	0.0	1.0
19803	0.0	1.0
19804	0.0	1.0
19805	0.0	1.0
19806	0.0	1.0
19807	0.0	1.0
19808	0.0	1.0
19809	0.00010136280351369376	0.9998986371964863
19810	0.0	1.0
19811	6.661338147750939e-16	0.9999999999999993
19812	0.0	1.0
19813	0.0	1.0
19814	0.0	1.0
19815	0.0	1.0
19816	1.1527137027567136e-05	0.9999884728629724
19817	0.004179330760476163	0.9958206692395238
19818	0.0	1.0
19819	0.0	1.0
19820	0.0006208724544878308	0.9993791275455122
19821	0.0	1.0
19822	0.0	1.0
19823	0.0	1.0
19824	0.0	1.0
19825	0.0	1.0
19826	0.004179330760476163	0.9958206692395238
19827	0.9927978043464827	0.007202195653517269
19828	0.0	1.0
19829	0.0	1.0
19831	5.551115123125783e-15	0.9999999999999944
19832	0.0	1.0
19833	0.0	1.0
19834	0.0	1.0
19835	1.7985612998927536e-14	0.999999999999982
19836	0.0	1.0
19837	0.0	1.0
19838	4.2299497238218464e-13	0.999999999999577
19839	0.0	1.0
19840	0.0	1.0
19841	0.0	1.0
19842	0.0	1.0
19843	0.0	1.0
19844	0.0	1.0
19845	0.0	1.0
19846	0.0	1.0
19847	0.0	1.0
19848	7.22544708298134e-06	0.999992774552917
19849	1.9188314781537485e-07	0.9999998081168522
19850	3.8913561262177154e-10	0.9999999996108644
19851	2.450945324472542e-08	0.9999999754905468
19852	1.1527137027567136e-05	0.9999884728629724
19853	0.0	1.0
19854	0.5543169193414844	0.4456830806585156
19855	0.0	1.0
19856	0.0	1.0
19857	0.0004788595201550283	0.999521140479845
19858	2.220446049250313e-16	0.9999999999999998
19859	6.159109988190803e-05	0.9999384089001181
19861	0.00010021603375209853	0.9998997839662479
19862	0.0	1.0
19863	0.0	1.0
19864	0.0	1.0
19865	0.0	1.0
19866	0.0	1.0
19867	7.556337094927201e-07	0.9999992443662905
19868	0.004179330760476163	0.9958206692395238
19869	0.0008618379753150274	0.999138162024685
19870	0.0	1.0
19871	0.0	1.0
19872	8.285594432777543e-12	0.9999999999917144
19873	0.9999999999966261	3.373905242695013e-12
19874	0.0	1.0
19875	0.0	1.0
19876	0.00015426959386311	0.9998457304061369
19877	0.0	1.0
19878	2.0694557179012918e-13	0.999999999999793
19879	0.0	1.0
19880	0.019751088180540388	0.9802489118194596
19881	0.0	1.0
19882	5.061744634549115e-07	0.9999994938255365
19883	0.0	1.0
19884	0.0	1.0
19885	0.0	1.0
19886	0.0	1.0
19887	0.0	1.0
19888	0.0006415735181982685	0.9993584264818017
19889	0.005194034255112445	0.9948059657448876
19891	0.0008618379753150274	0.999138162024685
19892	0.0	1.0
19893	0.0	1.0
19894	0.0	1.0
19895	0.0	1.0
19896	0.0	1.0
19897	0.0	1.0
19898	0.003063627598210994	0.996936372401789
19899	0.0005636907269590541	0.999436309273041
19900	0.03293055393761357	0.9670694460623864
19901	0.0	1.0
19902	0.0	1.0
19903	0.0	1.0
19904	0.0	1.0
19905	2.9410778590310827e-06	0.999997058922141
19906	0.0	1.0
19907	0.0	1.0
19908	0.00033347405921513307	0.9996665259407849
19909	0.0	1.0
19910	0.0	1.0
19911	0.0	1.0
19912	0.0	1.0
19913	0.0	1.0
19914	0.04098550501410092	0.9590144949858991
19915	0.0	1.0
19916	0.0	1.0
19917	0.0	1.0
19918	0.0	1.0
19919	0.0	1.0
19921	5.551115123125783e-15	0.9999999999999944
19922	0.0	1.0
19923	0.0	1.0
19924	0.0	1.0
19925	0.0	1.0
19926	0.0	1.0
19927	3.114981828034047e-09	0.9999999968850182
19928	0.00017810303414944606	0.9998218969658506
19929	1.8585691208272692e-05	0.9999814143087917
19930	6.661338147750939e-16	0.9999999999999993
19931	0.0	1.0
19932	0.0	1.0
19933	0.12615110683766084	0.8738488931623392
19934	0.0	1.0
19935	4.440892098500626e-14	0.9999999999999556
19936	0.0	1.0
19937	0.0	1.0
19938	0.0	1.0
19939	0.0	1.0
19940	0.0	1.0
19941	0.0	1.0
19942	1.3441248114531845e-11	0.9999999999865588
19943	3.436562145964217e-11	0.9999999999656344
19944	0.0	1.0
19945	0.0	1.0
19946	0.016523921816605336	0.9834760781833947
19947	0.0	1.0
19948	0.11111574516155165	0.8888842548384484
19949	0.015803735506069505	0.9841962644939305
19951	0.0	1.0
19952	1.1102230246251565e-15	0.9999999999999989
19953	0.0	1.0
19954	2.178743851999343e-10	0.9999999997821256
19955	1.8534063173092363e-11	0.9999999999814659
19956	0.0	1.0
19957	0.0	1.0
19958	0.0	1.0
19959	0.0	1.0
19960	0.0	1.0
19961	6.017408793468348e-14	0.9999999999999398
19962	0.0	1.0
19963	5.857185370050644e-08	0.9999999414281463
19964	3.244049473494215e-11	0.9999999999675595
19965	0.0	1.0
19966	0.0	1.0
19967	0.0	1.0
19968	3.2589486664846845e-12	0.999999999996741
19969	0.0	1.0
19970	0.0	1.0
19971	0.0	1.0
19972	0.0	1.0
19973	0.0	1.0
19974	0.0	1.0
19975	0.0	1.0
19976	0.0	1.0
19977	5.551115123125783e-15	0.9999999999999944
19978	0.0	1.0
19979	0.0	1.0
19981	0.0	1.0
19982	0.0	1.0
19983	0.0	1.0
19984	0.0	1.0
19985	0.0	1.0
19986	0.0	1.0
19987	5.551115123125783e-15	0.9999999999999944
19988	0.0	1.0
19989	0.0	1.0
19990	2.9474200857748656e-12	0.9999999999970526
19991	0.0	1.0
19992	0.0	1.0
19993	0.0	1.0
19994	0.0	1.0
19995	0.0	1.0
19996	0.0	1.0
19997	0.0	1.0
19998	0.0	1.0
19999	0.0	1.0
20000	0.0	1.0
20001	0.0	1.0
20002	0.0	1.0
20003	0.0	1.0
20004	0.005736187194160358	0.9942638128058396
20005	0.0	1.0
20006	0.0006311059847686762	0.9993688940152313
20007	4.3014480866077065e-12	0.9999999999956986
20008	0.0	1.0
20009	1.3044086555336065e-06	0.9999986955913445
20011	0.0011285505034552834	0.9988714494965447
20012	0.0	1.0
20013	0.0	1.0
20014	0.0	1.0
20015	0.0	1.0
20016	0.0	1.0
20017	0.0	1.0
20018	5.395683899678261e-14	0.999999999999946
20019	0.0	1.0
20020	2.1249668691325496e-12	0.999999999997875
20021	0.0	1.0
20022	2.8094881976414854e-10	0.9999999997190512
20023	0.0	1.0
20024	0.0073375296035744775	0.9926624703964255
20025	1.1546319456101628e-13	0.9999999999998845
20026	0.0	1.0
20027	0.0	1.0
20028	0.0	1.0
20029	0.008156831336492476	0.9918431686635075
20030	0.0	1.0
20031	0.0	1.0
20032	0.0	1.0
20033	0.0	1.0
20034	0.003632777388723585	0.9963672226112764
20035	0.0	1.0
20036	5.203548703036631e-11	0.9999999999479645
20037	7.466249840604178e-12	0.9999999999925338
20038	0.0	1.0
20039	0.0	1.0
20041	1.3100631690576847e-14	0.9999999999999869
20042	0.004179330760476163	0.9958206692395238
20043	0.000902704495921336	0.9990972955040787
20044	0.0	1.0
20045	0.0035396670857958945	0.9964603329142041
20046	0.0	1.0
20047	0.0	1.0
20048	0.0	1.0
20049	0.0	1.0
20050	8.391065620116933e-13	0.9999999999991609
20051	0.0015572862478924199	0.9984427137521076
20052	0.0	1.0
20053	0.0	1.0
20054	0.0	1.0
20055	0.0	1.0
20056	0.0	1.0
20057	0.00013083409179770467	0.9998691659082023
20058	7.335782900019794e-07	0.99999926642171
20059	0.00036976511686015456	0.9996302348831398
20060	0.0	1.0
20061	0.0	1.0
20062	2.7462463397576187e-05	0.9999725375366024
20063	0.0	1.0
20064	0.0	1.0
20065	0.0	1.0
20066	0.0	1.0
20067	0.0	1.0
20068	3.3868417307347798e-06	0.9999966131582693
20069	2.996995399606739e-05	0.9999700300460039
20071	4.7164799910071054e-07	0.9999995283520009
20072	0.0	1.0
20073	0.0	1.0
20074	0.0	1.0
20075	0.0	1.0
20076	6.439293542825908e-15	0.9999999999999936
20077	0.0	1.0
20078	0.0	1.0
20079	0.0	1.0
20080	0.0	1.0
20081	0.0	1.0
20082	0.0	1.0
20083	0.0	1.0
20084	0.0	1.0
20085	1.3322676295501878e-15	0.9999999999999987
20086	0.0	1.0
20087	0.0	1.0
20088	0.0	1.0
20089	0.048191282454878026	0.951808717545122
20090	0.11060891456928168	0.8893910854307183
20091	0.0	1.0
20092	0.10251558477898082	0.8974844152210192
20093	0.0	1.0
20094	0.0	1.0
20095	0.0	1.0
20096	0.0	1.0
20097	0.00031222069601488656	0.9996877793039851
20098	0.0	1.0
20099	6.159109988190803e-05	0.9999384089001181
20101	4.586972253495247e-05	0.999954130277465
20102	0.0	1.0
20103	0.0	1.0
20104	2.8553159836519626e-11	0.9999999999714468
20105	0.0	1.0
20106	0.0	1.0
20107	0.0	1.0
20108	2.4202861936828413e-14	0.9999999999999758
20109	4.234862297303188e-05	0.999957651377027
20110	0.0	1.0
20111	0.0	1.0
20112	0.0	1.0
20113	3.1590253370850085e-05	0.9999684097466291
20114	0.0	1.0
20115	1.1606535130770368e-06	0.9999988393464869
20116	0.0	1.0
20117	1.552978567964658e-08	0.9999999844702143
20118	0.0	1.0
20119	1.5543122344752192e-15	0.9999999999999984
20120	5.857052229885085e-07	0.999999414294777
20121	0.0	1.0
20122	0.0	1.0
20123	0.0	1.0
20124	0.0	1.0
20125	3.5696892166647842e-06	0.9999964303107833
20126	0.0	1.0
20127	0.0	1.0
20128	0.0005932082783631776	0.9994067917216368
20129	0.0	1.0
20131	1.8480772467910356e-12	0.9999999999981519
20132	0.0	1.0
20133	2.9410778590310827e-06	0.999997058922141
20134	0.0	1.0
20135	0.0	1.0
20136	4.098055228496378e-12	0.999999999995902
20137	9.237055564881302e-14	0.9999999999999076
20138	0.0	1.0
20139	0.0	1.0
20140	0.0	1.0
20141	0.0	1.0
20142	0.0	1.0
20143	2.220446049250313e-15	0.9999999999999978
20144	0.016875115355644232	0.9831248846443558
20145	0.0	1.0
20146	0.0	1.0
20147	0.0	1.0
20148	0.0	1.0
20149	0.0	1.0
20150	0.004075000272618645	0.9959249997273814
20151	0.0008618379753150274	0.999138162024685
20152	0.0	1.0
20153	0.0	1.0
20154	3.3306690738754696e-15	0.9999999999999967
20155	0.0	1.0
20156	0.0016077998112098424	0.9983922001887902
20157	0.00017660203884994896	0.99982339796115
20158	0.005997758190680047	0.99400224180932
20159	0.0	1.0
20161	0.0	1.0
20162	0.0002507703770638914	0.9997492296229361
20163	0.0	1.0
20164	0.0	1.0
20165	0.0	1.0
20166	3.1055169029681196e-06	0.999996894483097
20167	0.00010993153838545489	0.9998900684616145
20168	0.0004216468532503015	0.9995783531467497
20169	0.0	1.0
20170	0.0	1.0
20171	6.159109988190803e-05	0.9999384089001181
20172	0.0005932082783631776	0.9994067917216368
20173	0.0006150033323257809	0.9993849966676742
20174	0.0	1.0
20175	4.440892098500626e-16	0.9999999999999996
20176	0.0006415735181982685	0.9993584264818017
20177	0.000361701418646998	0.999638298581353
20178	0.0	1.0
20179	0.0	1.0
20180	2.220446049250313e-16	0.9999999999999998
20181	0.0	1.0
20182	0.0	1.0
20183	0.0	1.0
20184	0.0	1.0
20185	0.0	1.0
20186	0.0006415735181982685	0.9993584264818017
20187	0.0	1.0
20188	2.220446049250313e-15	0.9999999999999978
20189	4.47864920594121e-07	0.9999995521350794
20191	0.0	1.0
20192	0.0	1.0
20193	0.003648647014610207	0.9963513529853898
20194	0.0	1.0
20195	0.0	1.0
20196	0.0	1.0
20197	0.0	1.0
20198	0.004179330760476163	0.9958206692395238
20199	0.0	1.0
20200	0.0	1.0
20201	0.0	1.0
20202	0.0	1.0
20203	2.5639046441483515e-11	0.999999999974361
20204	0.0005884673118634609	0.9994115326881365
20205	1.2118421111040334e-07	0.9999998788157889
20206	0.0	1.0
20207	0.0	1.0
20208	3.253399771807608e-10	0.99999999967466
20209	0.0	1.0
20210	0.0	1.0
20211	0.0	1.0
20212	4.47864920594121e-07	0.9999995521350794
20213	0.0	1.0
20214	0.0	1.0
20215	1.1913778423577881e-05	0.9999880862215764
20216	0.0	1.0
20217	0.004540013228940931	0.9954599867710591
20218	0.0	1.0
20219	0.0	1.0
20221	3.887097088650648e-09	0.9999999961129029
20222	1.0203793365803904e-10	0.9999999998979621
20223	0.0	1.0
20224	0.0022252099491103516	0.9977747900508896
20225	2.220446049250313e-16	0.9999999999999998
20226	0.00446934344631289	0.9955306565536871
20227	1.2118421111040334e-07	0.9999998788157889
20228	0.0007629318052971845	0.9992370681947028
20229	0.0002507703770638914	0.9997492296229361
20230	3.002781715166769e-06	0.9999969972182848
20231	0.0	1.0
20232	1.017563810989941e-11	0.9999999999898244
20233	0.0	1.0
20234	0.04804556738055987	0.9519544326194401
20235	5.422263347210077e-07	0.9999994577736653
20236	0.0	1.0
20237	0.0	1.0
20238	0.0	1.0
20239	5.621603182959234e-10	0.9999999994378397
20240	0.006335608923017544	0.9936643910769825
20241	3.2903700258990476e-05	0.999967096299741
20242	0.0	1.0
20243	0.0	1.0
20244	6.632472349110685e-13	0.9999999999993368
20245	0.0578327513982827	0.9421672486017173
20246	0.0578327513982827	0.9421672486017173
20247	2.220446049250313e-16	0.9999999999999998
20248	0.06641974722736621	0.9335802527726338
20249	0.0	1.0
20251	2.879918525877656e-13	0.999999999999712
20252	1.1616618778020893e-10	0.9999999998838338
20253	0.0	1.0
20254	2.4484250340517377e-06	0.999997551574966
20255	0.005366188555420259	0.9946338114445797
20256	0.00010993153838545489	0.9998900684616145
20257	0.0	1.0
20258	1.790101272769462e-07	0.9999998209898727
20259	2.2591284398743028e-10	0.9999999997740872
20260	1.2476908395342434e-11	0.9999999999875231
20261	0.0	1.0
20262	0.0	1.0
20263	0.0	1.0
20264	0.006574354931310644	0.9934256450686894
20265	0.0	1.0
20266	0.0	1.0
20267	0.0	1.0
20268	0.00029156820164666364	0.9997084317983533
20269	0.0021308685668280924	0.9978691314331719
20270	0.0	1.0
20271	0.0	1.0
20272	0.0	1.0
20273	0.0	1.0
20274	0.003272720107038718	0.9967272798929613
20275	1.9276394735978641e-07	0.9999998072360526
20276	0.0	1.0
20277	0.0	1.0
20278	0.008201693063374371	0.9917983069366256
20279	0.0021781847426320944	0.9978218152573679
20281	0.014718857790383955	0.985281142209616
20282	0.0	1.0
20283	0.0	1.0
20284	3.5468450398923324e-10	0.9999999996453155
20285	7.771561172376096e-15	0.9999999999999922
20286	0.0	1.0
20287	1.3093713348011349e-05	0.999986906286652
20288	0.0	1.0
20289	0.0	1.0
20290	0.0	1.0
20291	0.0	1.0
20292	0.0	1.0
20293	3.6286529336848616e-12	0.9999999999963713
20294	0.0	1.0
20295	0.0	1.0
20296	0.0	1.0
20297	0.0	1.0
20298	0.0	1.0
20299	0.0	1.0
20300	0.0	1.0
20301	0.0	1.0
20302	0.0	1.0
20303	1.3016971944779243e-09	0.9999999986983028
20304	0.00453823193500924	0.9954617680649908
20305	0.0	1.0
20306	0.0	1.0
20307	0.0002507703770638914	0.9997492296229361
20308	0.0	1.0
20309	0.006335608923017544	0.9936643910769825
20311	0.0	1.0
20312	0.0	1.0
20313	0.0	1.0
20314	0.0	1.0
20315	0.0	1.0
20316	0.0	1.0
20317	0.0	1.0
20318	0.0	1.0
20319	3.193068032203428e-11	0.9999999999680693
20320	0.0	1.0
20321	0.0	1.0
20322	4.70193661783469e-10	0.9999999995298063
20323	0.0	1.0
20324	0.0	1.0
20325	0.0	1.0
20326	0.0	1.0
20327	0.0	1.0
20328	0.0	1.0
20329	0.0	1.0
20330	0.0	1.0
20331	0.0	1.0
20332	3.6450159927037262e-06	0.9999963549840073
20333	0.0	1.0
20334	2.220446049250313e-16	0.9999999999999998
20335	0.0	1.0
20336	9.547918011776346e-15	0.9999999999999905
20337	0.0	1.0
20338	0.0	1.0
20339	8.708893368858384e-05	0.9999129110663114
20341	0.0	1.0
20342	0.17896581397363498	0.821034186026365
20343	2.463060722046606e-08	0.9999999753693928
20344	0.0	1.0
20345	5.284661597215745e-14	0.9999999999999472
20346	0.0	1.0
20347	0.0	1.0
20348	4.440892098500626e-15	0.9999999999999956
20349	0.0	1.0
20350	0.0	1.0
20351	0.0	1.0
20352	7.041930908391336e-07	0.9999992958069092
20353	1.2789769243681803e-13	0.9999999999998721
20354	5.108526934805013e-10	0.9999999994891473
20355	0.0	1.0
20356	4.769518113789672e-13	0.999999999999523
20357	0.15943585836100505	0.840564141638995
20358	0.0	1.0
20359	5.928590951498336e-14	0.9999999999999407
20360	3.1215696694175676e-11	0.9999999999687843
20361	0.0	1.0
20362	0.0	1.0
20363	3.0293694441851926e-08	0.9999999697063056
20364	1.98604674928049e-08	0.9999999801395325
20365	1.3521539443672737e-09	0.9999999986478461
20366	8.462119893692943e-13	0.9999999999991538
20367	0.0	1.0
20368	0.0	1.0
20369	0.0	1.0
20371	0.0	1.0
20372	0.0	1.0
20373	0.0	1.0
20374	6.589212505736519e-06	0.9999934107874943
20375	0.0	1.0
20376	0.0	1.0
20377	0.0	1.0
20378	0.0	1.0
20379	0.0	1.0
20380	0.0	1.0
20381	0.0	1.0
20382	0.0	1.0
20383	8.210673198993934e-05	0.9999178932680101
20384	0.0	1.0
20385	3.33577181432787e-08	0.9999999666422819
20386	0.0	1.0
20387	4.440892098500626e-16	0.9999999999999996
20388	0.0	1.0
20389	6.661338147750939e-16	0.9999999999999993
20390	0.0	1.0
20391	0.0	1.0
20392	0.0	1.0
20393	5.196509889060508e-12	0.9999999999948035
20394	0.0	1.0
20395	0.0	1.0
20396	4.440892098500626e-16	0.9999999999999996
20397	0.0	1.0
20398	0.0	1.0
20399	5.598567426323697e-07	0.9999994401432574
20401	0.0	1.0
20402	0.0	1.0
20403	6.217248937900877e-15	0.9999999999999938
20404	0.0	1.0
20405	8.929360029164002e-09	0.99999999107064
20406	0.0	1.0
20407	0.0	1.0
20408	1.1149516178088348e-06	0.9999988850483822
20409	0.0	1.0
20410	0.0	1.0
20411	0.0	1.0
20412	0.0	1.0
20413	0.0	1.0
20414	0.0	1.0
20415	0.0	1.0
20416	0.0	1.0
20417	5.068839503907796e-06	0.9999949311604961
20418	0.0	1.0
20419	0.0	1.0
20420	2.280198252435639e-11	0.999999999977198
20421	0.0	1.0
20422	9.856226945714752e-11	0.9999999999014377
20423	0.0	1.0
20424	0.0	1.0
20425	0.0	1.0
20426	0.0	1.0
20427	0.0	1.0
20428	1.3322676295501878e-15	0.9999999999999987
20429	0.0	1.0
20431	2.8417046493700582e-11	0.999999999971583
20432	0.0	1.0
20433	0.0	1.0
20434	0.002025334805966894	0.9979746651940331
20435	0.0	1.0
20436	0.0	1.0
20437	0.0	1.0
20438	0.0	1.0
20439	1.552979966845669e-10	0.999999999844702
20440	0.0	1.0
20441	0.0	1.0
20442	0.0	1.0
20443	0.0	1.0
20444	0.0	1.0
20445	0.0	1.0
20446	0.0	1.0
20447	0.0	1.0
20448	0.0	1.0
20449	0.0	1.0
20450	0.0	1.0
20451	7.582117229165686e-05	0.9999241788277083
20452	0.0	1.0
20453	0.0016077998112098424	0.9983922001887902
20454	3.5926972508093513e-10	0.9999999996407303
20455	4.656941499092682e-12	0.9999999999953431
20456	0.0	1.0
20457	0.0	1.0
20458	0.0	1.0
20459	2.220446049250313e-16	0.9999999999999998
20461	0.0	1.0
20462	0.0	1.0
20463	0.0	1.0
20464	0.0	1.0
20465	0.0	1.0
20466	0.0	1.0
20467	0.0	1.0
20468	0.0	1.0
20469	0.0	1.0
20470	0.0	1.0
20471	0.0	1.0
20472	0.0	1.0
20473	0.0	1.0
20474	0.0	1.0
20475	1.0145120510340888e-07	0.9999998985487949
20476	0.0	1.0
20477	0.0	1.0
20478	0.0	1.0
20479	0.0	1.0
20480	0.0	1.0
20481	0.05739042241354109	0.9426095775864589
20482	1.6431698945940099e-07	0.9999998356830105
20483	0.0	1.0
20484	0.0	1.0
20485	0.01804033367745972	0.9819596663225403
20486	0.0	1.0
20487	0.0	1.0
20488	0.0	1.0
20489	4.440892098500626e-16	0.9999999999999996
20491	0.0	1.0
20492	0.0	1.0
20493	0.004179330760476163	0.9958206692395238
20494	0.0	1.0
20495	0.0	1.0
20496	0.0	1.0
20497	0.0	1.0
20498	0.0578327513982827	0.9421672486017173
20499	6.804479202315861e-10	0.9999999993195521
20500	0.0	1.0
20501	0.0	1.0
20502	2.992717185179572e-12	0.9999999999970073
20503	5.598567426323697e-07	0.9999994401432574
20504	0.0	1.0
20505	0.0	1.0
20506	0.0	1.0
20507	0.0	1.0
20508	0.0	1.0
20509	0.0	1.0
20510	3.466942704088982e-05	0.9999653305729591
20511	0.0	1.0
20512	0.0	1.0
20513	0.0	1.0
20514	0.0	1.0
20515	0.0	1.0
20516	0.0	1.0
20517	0.0	1.0
20518	0.004179330760476163	0.9958206692395238
20519	0.0	1.0
20521	0.0	1.0
20522	3.977774372310172e-05	0.9999602222562769
20523	1.2279066652354231e-13	0.9999999999998772
20524	9.796607969292381e-13	0.9999999999990203
20525	0.0	1.0
20526	0.0002427056112440651	0.9997572943887559
20527	0.0	1.0
20528	0.0	1.0
20529	3.7969627442180354e-14	0.999999999999962
20530	3.2903700258990476e-05	0.999967096299741
20531	0.0	1.0
20532	0.0	1.0
20533	0.0	1.0
20534	0.0	1.0
20535	0.0	1.0
20536	0.0	1.0
20537	6.422072207357132e-09	0.9999999935779278
20538	0.0	1.0
20539	0.0	1.0
20540	0.0	1.0
20541	0.004179330760476163	0.9958206692395238
20542	0.0	1.0
20543	0.0	1.0
20544	2.6645352591003757e-15	0.9999999999999973
20545	5.773159728050814e-14	0.9999999999999423
20546	0.0	1.0
20547	0.0	1.0
20548	0.0	1.0
20549	0.0	1.0
20551	3.738837461852995e-09	0.9999999962611625
20552	0.0	1.0
20553	0.0	1.0
20554	0.0	1.0
20555	0.0	1.0
20556	0.0	1.0
20557	0.0	1.0
20558	0.0	1.0
20559	0.0	1.0
20560	0.8267803839902608	0.17321961600973929
20561	0.0	1.0
20562	2.680078381445128e-13	0.999999999999732
20563	3.574918139293004e-14	0.9999999999999643
20564	0.9899090473786251	0.01009095262137489
20565	0.0	1.0
20566	0.0	1.0
20567	0.0	1.0
20568	1.644995251126602e-11	0.99999999998355
20569	1.4146461779773745e-12	0.9999999999985854
20570	0.0	1.0
20571	0.006098752149901632	0.9939012478500984
20572	0.0	1.0
20573	0.0	1.0
20574	0.0	1.0
20575	0.0	1.0
20576	0.0	1.0
20577	0.0	1.0
20578	0.0	1.0
20579	0.0	1.0
20581	0.0	1.0
20582	0.0	1.0
20583	0.0	1.0
20584	0.9842978026183166	0.01570219738168346
20585	0.19540353553504541	0.8045964644649546
20586	0.0	1.0
20587	0.0	1.0
20588	0.0	1.0
20589	0.0	1.0
20590	0.9998374909786727	0.00016250902132726087
20591	1.5310130940804356e-10	0.9999999998468987
20592	0.0	1.0
20593	0.0	1.0
20594	0.0	1.0
20595	0.013325382348218007	0.986674617651782
20596	0.0	1.0
20597	2.9976021664879227e-14	0.99999999999997
20598	3.3886893291423803e-10	0.9999999996611311
20599	0.0	1.0
20600	0.0	1.0
20601	0.0	1.0
20602	0.0	1.0
20603	0.0	1.0
20604	0.00036390283850862293	0.9996360971614914
20605	4.796163466380676e-14	0.999999999999952
20606	0.0	1.0
20607	0.0	1.0
20608	0.0	1.0
20609	0.0	1.0
20611	0.0017345327547696465	0.9982654672452304
20612	2.1316282072803006e-14	0.9999999999999787
20613	0.0	1.0
20614	0.02800914800981602	0.971990851990184
20615	2.220446049250313e-16	0.9999999999999998
20616	0.0	1.0
20617	0.0	1.0
20618	0.0	1.0
20619	0.0	1.0
20620	0.0	1.0
20621	0.0	1.0
20622	0.0	1.0
20623	0.0	1.0
20624	0.0	1.0
20625	0.0	1.0
20626	3.692846028968688e-11	0.9999999999630715
20627	0.0	1.0
20628	0.0	1.0
20629	0.0	1.0
20630	0.0	1.0
20631	0.0032923161628873876	0.9967076838371126
20632	0.0	1.0
20633	7.403661616223189e-06	0.9999925963383838
20634	3.0531133177191805e-13	0.9999999999996947
20635	0.0	1.0
20636	6.461720047923336e-12	0.9999999999935383
20637	0.0	1.0
20638	0.001566829163407002	0.998433170836593
20639	0.0	1.0
20641	1.2510792402053994e-10	0.9999999998748921
20642	0.0	1.0
20643	0.0	1.0
20644	0.0	1.0
20645	0.0	1.0
20646	0.0	1.0
20647	4.817992671490856e-10	0.9999999995182007
20648	0.0	1.0
20649	0.0	1.0
20650	0.0	1.0
20651	0.0	1.0
20652	0.0	1.0
20653	0.0	1.0
20654	0.0	1.0
20655	0.0	1.0
20656	3.2862601528904634e-14	0.9999999999999671
20657	0.0	1.0
20658	0.0	1.0
20659	1.6653345369377348e-13	0.9999999999998335
20660	0.0	1.0
20661	0.0	1.0
20662	0.0	1.0
20663	4.855362778499739e-10	0.9999999995144637
20664	0.0	1.0
20665	0.0	1.0
20666	0.0	1.0
20667	0.0	1.0
20668	0.0	1.0
20669	0.0	1.0
20671	0.0	1.0
20672	0.0	1.0
20673	0.0	1.0
20674	1.2145639938232478e-08	0.9999999878543601
20675	0.0	1.0
20676	0.0	1.0
20677	8.881784197001252e-16	0.9999999999999991
20678	1.3642198481988999e-11	0.9999999999863578
20679	0.0	1.0
20680	6.952636055768124e-07	0.9999993047363944
20681	3.1086244689504383e-15	0.9999999999999969
20682	0.0	1.0
20683	0.0	1.0
20684	0.0	1.0
20685	7.37854222165879e-13	0.9999999999992621
20686	0.004179330760476163	0.9958206692395238
20687	0.0	1.0
20688	0.02966164391608528	0.9703383560839147
20689	2.220446049250313e-16	0.9999999999999998
20690	1.512656242486088e-07	0.9999998487343758
20691	0.0	1.0
20692	0.0	1.0
20693	0.0	1.0
20694	4.321361257719758e-08	0.9999999567863874
20695	0.0	1.0
20696	0.0	1.0
20697	0.0001958339378840268	0.999804166062116
20698	4.93401878254307e-06	0.9999950659812175
20699	4.6851411639181606e-14	0.9999999999999531
20701	0.0	1.0
20702	0.0	1.0
20703	0.0	1.0
20704	0.0	1.0
20705	0.0	1.0
20706	0.0	1.0
20707	0.0	1.0
20708	2.220446049250313e-16	0.9999999999999998
20709	0.0	1.0
20710	2.9078913912128357e-05	0.9999709210860879
20711	0.0	1.0
20712	0.0	1.0
20713	0.0	1.0
20714	0.0	1.0
20715	1.8274270985330077e-13	0.9999999999998173
20716	0.0	1.0
20717	0.0	1.0
20718	0.0	1.0
20719	0.0	1.0
20720	0.0	1.0
20721	2.220446049250313e-16	0.9999999999999998
20722	0.0	1.0
20723	0.0	1.0
20724	0.0	1.0
20725	2.886579864025407e-15	0.9999999999999971
20726	4.304684164679884e-09	0.9999999956953158
20727	0.0	1.0
20728	0.0	1.0
20729	0.0	1.0
20731	0.0	1.0
20732	0.0	1.0
20733	1.319611087069461e-12	0.9999999999986804
20734	0.0	1.0
20735	0.0	1.0
20736	0.0	1.0
20737	0.0	1.0
20738	0.0	1.0
20739	0.0	1.0
20740	9.325873406851315e-15	0.9999999999999907
20741	1.1521767031341668e-05	0.9999884782329687
20742	0.0	1.0
20743	0.0	1.0
20744	0.0	1.0
20745	0.0	1.0
20746	0.0016317535764638347	0.9983682464235362
20747	0.2887003523200542	0.7112996476799458
20748	1.1102230246251565e-15	0.9999999999999989
20749	0.0	1.0
20750	0.004179330760476163	0.9958206692395238
20751	0.004179330760476163	0.9958206692395238
20752	0.0	1.0
20753	0.0	1.0
20754	0.0	1.0
20755	0.0	1.0
20756	0.0	1.0
20757	0.0	1.0
20758	0.0	1.0
20759	1.3201995052725124e-10	0.99999999986798
20761	0.004179330760476163	0.9958206692395238
20762	0.0	1.0
20763	0.0	1.0
20764	0.0	1.0
20765	5.773159728050814e-14	0.9999999999999423
20766	0.0	1.0
20767	0.0	1.0
20768	0.0	1.0
20769	0.0	1.0
20770	0.0	1.0
20771	0.0002902621984472997	0.9997097378015527
20772	0.0	1.0
20773	1.1521767031341668e-05	0.9999884782329687
20774	0.0	1.0
20775	0.0	1.0
20776	0.0	1.0
20777	0.0	1.0
20778	0.0	1.0
20779	0.00016005894849380198	0.9998399410515062
20780	6.574883051335689e-07	0.9999993425116949
20781	0.0	1.0
20782	0.0	1.0
20783	6.661338147750939e-16	0.9999999999999993
20784	0.0	1.0
20785	0.0	1.0
20786	0.0	1.0
20787	0.0	1.0
20788	0.0	1.0
20789	0.0	1.0
20791	0.0	1.0
20792	0.362647120947699	0.637352879052301
20793	0.0	1.0
20794	0.0	1.0
20795	0.0	1.0
20796	0.0	1.0
20797	0.0	1.0
20798	0.0	1.0
20799	0.0	1.0
20800	0.0	1.0
20801	2.220446049250313e-16	0.9999999999999998
20802	0.0	1.0
20803	0.0	1.0
20804	0.0	1.0
20805	0.0	1.0
20806	0.0	1.0
20807	3.672617765460018e-13	0.9999999999996327
20808	3.466795430617786e-06	0.9999965332045694
20809	0.0	1.0
20810	4.128711311723876e-07	0.9999995871288688
20811	0.0	1.0
20812	1.5179607504300918e-07	0.999999848203925
20813	0.0	1.0
20814	4.618527782440651e-14	0.9999999999999538
20815	0.0	1.0
20816	0.0	1.0
20817	0.0	1.0
20818	0.0	1.0
20819	0.0	1.0
20821	2.657003905226496e-05	0.9999734299609477
20822	1.865174681370263e-14	0.9999999999999813
20823	0.0	1.0
20824	0.0	1.0
20825	4.884981308350689e-15	0.9999999999999951
20826	0.0	1.0
20827	0.0	1.0
20828	1.39500709697149e-05	0.9999860499290303
20829	0.0	1.0
20830	0.0	1.0
20831	0.0	1.0
20832	0.0	1.0
20833	0.0	1.0
20834	0.004179330760476163	0.9958206692395238
20835	0.0	1.0
20836	1.0380722093028538e-07	0.9999998961927791
20837	0.0	1.0
20838	0.0	1.0
20839	4.0101522102986564e-10	0.9999999995989848
20840	8.62372233645381e-06	0.9999913762776635
20841	1.2646717286624032e-05	0.9999873532827134
20842	0.0	1.0
20843	0.0	1.0
20844	0.0	1.0
20845	0.0	1.0
20846	3.373856749533388e-10	0.9999999996626143
20847	0.0	1.0
20848	0.0	1.0
20849	0.0	1.0
20851	0.0	1.0
20852	0.0	1.0
20853	0.0	1.0
20854	0.0	1.0
20855	2.220446049250313e-16	0.9999999999999998
20856	0.0	1.0
20857	0.0	1.0
20858	0.0	1.0
20859	0.0	1.0
20860	0.0	1.0
20861	0.0	1.0
20862	0.0	1.0
20863	0.0	1.0
20864	0.0	1.0
20865	1.865174681370263e-14	0.9999999999999813
20866	1.7763568394002505e-15	0.9999999999999982
20867	0.0	1.0
20868	8.881784197001252e-16	0.9999999999999991
20869	1.0350031942607529e-10	0.9999999998964997
20870	0.0	1.0
20871	2.220446049250313e-16	0.9999999999999998
20872	1.865174681370263e-14	0.9999999999999813
20873	0.0	1.0
20874	0.0	1.0
20875	0.0	1.0
20876	0.0	1.0
20877	0.0	1.0
20878	0.0	1.0
20879	0.0	1.0
20881	0.0	1.0
20882	0.0	1.0
20883	0.0	1.0
20884	2.058131443050115e-12	0.9999999999979419
20885	1.0286835827599816e-09	0.9999999989713164
20886	0.0	1.0
20887	0.0	1.0
20888	0.0	1.0
20889	0.0	1.0
20890	4.280975821613353e-07	0.9999995719024178
20891	0.0	1.0
20892	3.8077735814434632e-06	0.9999961922264186
20893	8.166029570322308e-07	0.999999183397043
20894	0.0	1.0
20895	0.0	1.0
20896	1.0189180899011774e-07	0.999999898108191
20897	0.0	1.0
20898	0.0	1.0
20899	0.0	1.0
20900	4.717511426655108e-05	0.9999528248857334
20901	0.0	1.0
20902	0.0	1.0
20903	0.0	1.0
20904	2.6201263381153694e-14	0.9999999999999738
20905	0.43592296906631445	0.5640770309336856
20906	0.0	1.0
20907	0.0	1.0
20908	1.0286835827599816e-09	0.9999999989713164
20909	0.004179330760476163	0.9958206692395238
20911	0.0	1.0
20912	0.0	1.0
20913	0.0	1.0
20914	0.0	1.0
20915	7.961733033845508e-05	0.9999203826696615
20916	0.0	1.0
20917	0.0	1.0
20918	0.0	1.0
20919	0.0	1.0
20920	1.0524914273446484e-13	0.9999999999998948
20921	0.0	1.0
20922	0.0	1.0
20923	0.0	1.0
20924	0.00228474348026364	0.9977152565197364
20925	0.0	1.0
20926	0.0	1.0
20927	0.0	1.0
20928	1.3069545445887343e-12	0.999999999998693
20929	0.0	1.0
20930	0.0	1.0
20931	0.0	1.0
20932	0.0	1.0
20933	0.0	1.0
20934	0.0	1.0
20935	1.3322676295501878e-15	0.9999999999999987
20936	0.004179330760476163	0.9958206692395238
20937	0.0	1.0
20938	0.0	1.0
20939	0.0	1.0
20941	0.10064880140129695	0.899351198598703
20942	0.0	1.0
20943	0.0	1.0
20944	0.0	1.0
20945	0.0	1.0
20946	0.0	1.0
20947	0.0	1.0
20948	1.8567658632839823e-08	0.9999999814323414
20949	0.0	1.0
20950	0.0	1.0
20951	0.0	1.0
20952	0.0	1.0
20953	0.0	1.0
20954	0.0	1.0
20955	0.0	1.0
20956	7.653201172796997e-08	0.9999999234679883
20957	0.01613204964369841	0.9838679503563016
20958	0.0	1.0
20959	0.0	1.0
20960	0.0	1.0
20961	0.0020450778161736904	0.9979549221838263
20962	0.0	1.0
20963	0.0	1.0
20964	0.0	1.0
20965	0.0	1.0
20966	1.3322676295501878e-15	0.9999999999999987
20967	0.0	1.0
20968	0.0	1.0
20969	0.0	1.0
20971	0.0	1.0
20972	0.0	1.0
20973	0.0	1.0
20974	0.004179330760476163	0.9958206692395238
20975	0.0	1.0
20976	0.0	1.0
20977	5.773159728050814e-15	0.9999999999999942
20978	6.151144149590948e-08	0.9999999384885585
20979	0.0	1.0
20980	2.0157986235780356e-07	0.9999997984201376
20981	7.69113661647225e-11	0.9999999999230886
20982	0.0	1.0
20983	0.0	1.0
20984	9.016977743347976e-05	0.9999098302225665
20985	9.016977743347976e-05	0.9999098302225665
20986	0.0	1.0
20987	0.0	1.0
20988	5.988783052079949e-05	0.9999401121694792
20989	0.0	1.0
20990	0.0	1.0
20991	0.0	1.0
20992	0.002838362273482109	0.9971616377265179
20993	0.0	1.0
20994	0.0	1.0
20995	0.0	1.0
20996	0.0	1.0
20997	0.00029057246035912865	0.9997094275396409
20998	2.0714850811232033e-05	0.9999792851491888
20999	0.0	1.0
21001	0.0	1.0
21002	0.0	1.0
21003	0.0	1.0
21004	0.0	1.0
21005	0.0	1.0
21006	0.0	1.0
21007	0.008201693063374371	0.9917983069366256
21008	3.17286197315525e-11	0.9999999999682714
21009	0.0	1.0
21010	0.0	1.0
21011	0.0	1.0
21012	0.0	1.0
21013	7.849276784099857e-13	0.9999999999992151
21014	0.0	1.0
21015	0.0	1.0
21016	1.0446932208196813e-10	0.9999999998955307
21017	0.0	1.0
21018	0.0	1.0
21019	0.0	1.0
21020	6.548450670607053e-11	0.9999999999345155
21021	1.199040866595169e-14	0.999999999999988
21022	0.0	1.0
21023	0.0	1.0
21024	0.0	1.0
21025	0.0	1.0
21026	0.0	1.0
21027	0.0	1.0
21028	2.84938405092916e-08	0.9999999715061595
21029	0.0	1.0
21031	3.734378584141496e-09	0.9999999962656214
21032	0.0	1.0
21033	0.0	1.0
21034	0.0	1.0
21035	0.0	1.0
21036	1.8911408328214918e-08	0.9999999810885917
21037	0.0	1.0
21038	0.0	1.0
21039	5.53797230296027e-09	0.9999999944620277
21040	0.0	1.0
21041	0.0	1.0
21042	0.0	1.0
21043	0.0	1.0
21044	0.0	1.0
21045	0.0	1.0
21046	5.820681703294639e-08	0.999999941793183
21047	4.626743432822877e-12	0.9999999999953733
21048	0.0	1.0
21049	0.0018386609600645754	0.9981613390399354
21050	0.0	1.0
21051	0.0	1.0
21052	0.049721478557381404	0.9502785214426186
21053	0.0	1.0
21054	0.0	1.0
21055	0.0	1.0
21056	2.369296122739506e-06	0.9999976307038773
21057	1.8962609260597674e-13	0.9999999999998104
21058	6.306066779870889e-14	0.9999999999999369
21059	0.0	1.0
21061	0.0	1.0
21062	0.0	1.0
21063	0.0	1.0
21064	0.0	1.0
21065	0.0	1.0
21066	1.8426879688782094e-08	0.9999999815731203
21067	0.0	1.0
21068	6.661338147750939e-16	0.9999999999999993
21069	1.0844088071948477e-07	0.9999998915591193
21070	0.0	1.0
21071	1.0825493279575937e-08	0.9999999891745067
21072	0.0	1.0
21073	0.0	1.0
21074	0.0	1.0
21075	0.0	1.0
21076	0.0	1.0
21077	0.0	1.0
21078	0.0	1.0
21079	2.949196442614266e-12	0.9999999999970508
21080	6.143974218275616e-13	0.9999999999993856
21081	2.8040780697402568e-08	0.9999999719592193
21082	8.43769498715119e-15	0.9999999999999916
21083	0.0	1.0
21084	0.0	1.0
21085	0.0	1.0
21086	0.0	1.0
21087	0.0	1.0
21088	1.354472090042691e-14	0.9999999999999865
21089	0.0	1.0
21091	7.918724617694828e-05	0.999920812753823
21092	4.6629367034256575e-15	0.9999999999999953
21093	0.0	1.0
21094	2.822186928597148e-13	0.9999999999997178
21095	0.0	1.0
21096	0.0	1.0
21097	0.0	1.0
21098	1.3700152123874432e-13	0.999999999999863
21099	0.0	1.0
21100	0.0	1.0
21101	0.0	1.0
21102	0.0	1.0
21103	0.0	1.0
21104	0.0	1.0
21105	0.0	1.0
21106	0.0	1.0
21107	0.0	1.0
21108	0.0	1.0
21109	0.0	1.0
21110	0.0	1.0
21111	0.0	1.0
21112	0.0	1.0
21113	0.0	1.0
21114	0.0	1.0
21115	0.0	1.0
21116	0.0	1.0
21117	0.0	1.0
21118	8.881784197001252e-16	0.9999999999999991
21119	0.0	1.0
21121	0.0	1.0
21122	0.0	1.0
21123	0.0	1.0
21124	0.0	1.0
21125	0.0	1.0
21126	0.0	1.0
21127	0.0	1.0
21128	0.0	1.0
21129	0.0	1.0
21130	0.0	1.0
21131	0.0	1.0
21132	3.735434184193309e-11	0.9999999999626457
21133	0.0	1.0
21134	0.0	1.0
21135	2.3647750424515834e-13	0.9999999999997635
21136	1.389315107402922e-09	0.9999999986106849
21137	0.0	1.0
21138	0.0	1.0
21139	0.0	1.0
21140	0.0	1.0
21141	0.0	1.0
21142	0.0	1.0
21143	3.86468634872017e-12	0.9999999999961353
21144	0.0	1.0
21145	0.0	1.0
21146	0.0	1.0
21147	0.0	1.0
21148	1.4568235506828842e-10	0.9999999998543176
21149	0.0	1.0
21151	2.4505590633827623e-05	0.9999754944093662
21152	0.0	1.0
21153	0.0	1.0
21154	0.0	1.0
21155	0.0	1.0
21156	3.2009506156782663e-11	0.9999999999679905
21157	0.0	1.0
21158	0.0	1.0
21159	0.00013514538260317455	0.9998648546173968
21160	1.0320823418119573e-08	0.9999999896791766
21161	0.0	1.0
21162	0.0	1.0
21163	0.0	1.0
21164	0.0	1.0
21165	0.0	1.0
21166	0.0	1.0
21167	4.6629367034256575e-15	0.9999999999999953
21168	0.0	1.0
21169	0.0	1.0
21170	0.0	1.0
21171	0.0	1.0
21172	0.0	1.0
21173	0.0	1.0
21174	2.5522564062185893e-09	0.9999999974477436
21175	0.0	1.0
21176	0.0	1.0
21177	0.0	1.0
21178	0.0	1.0
21179	1.8747670083030243e-11	0.9999999999812523
21181	0.8977193720809576	0.10228062791904233
21182	0.0	1.0
21183	5.700706573463776e-11	0.9999999999429929
21184	0.0	1.0
21185	0.0	1.0
21186	0.0	1.0
21187	0.0017073477176323681	0.9982926522823676
21188	0.0	1.0
21189	0.0	1.0
21190	0.0	1.0
21191	0.0	1.0
21192	0.0	1.0
21193	3.268910231390976e-08	0.9999999673108977
21194	8.881784197001252e-15	0.9999999999999911
21195	0.0	1.0
21196	0.0	1.0
21197	0.0	1.0
21198	0.0	1.0
21199	0.0	1.0
21200	0.0	1.0
21201	0.0	1.0
21202	0.0	1.0
21203	0.0	1.0
21204	0.0	1.0
21205	0.0	1.0
21206	0.0	1.0
21207	0.0	1.0
21208	0.0	1.0
21209	0.0	1.0
21211	0.0	1.0
21212	0.0	1.0
21213	9.364709008252703e-11	0.9999999999063529
21214	1.3239898066785827e-10	0.999999999867601
21215	8.881784197001252e-16	0.9999999999999991
21216	0.0	1.0
21217	6.367756476088893e-05	0.9999363224352391
21218	0.0	1.0
21219	0.0	1.0
21220	0.0	1.0
21221	0.0	1.0
21222	0.0	1.0
21223	0.0	1.0
21224	0.0	1.0
21225	7.124796308488612e-10	0.9999999992875204
21226	0.0	1.0
21227	0.0	1.0
21228	0.0	1.0
21229	0.0	1.0
21230	0.0	1.0
21231	0.0	1.0
21232	5.440092820663267e-14	0.9999999999999456
21233	0.0	1.0
21234	2.6201263381153694e-14	0.9999999999999738
21235	0.0	1.0
21236	2.617905892066119e-13	0.9999999999997382
21237	0.0015091144189718353	0.9984908855810282
21238	4.6629367034256575e-15	0.9999999999999953
21239	0.0	1.0
21241	0.0	1.0
21242	7.703744309139893e-10	0.9999999992296256
21243	0.0	1.0
21244	0.0	1.0
21245	0.0	1.0
21246	3.708144902248023e-14	0.9999999999999629
21247	0.0	1.0
21248	0.0	1.0
21249	0.0	1.0
21250	0.0	1.0
21251	4.6629367034256575e-15	0.9999999999999953
21252	0.0	1.0
21253	0.0	1.0
21254	1.9810272225639913e-05	0.9999801897277744
21255	0.6216487549876759	0.37835124501232403
21256	0.0	1.0
21257	5.802025526691068e-12	0.999999999994198
21258	1.7763568394002505e-15	0.9999999999999982
21259	0.0	1.0
21260	0.0	1.0
21261	1.4654943925052066e-14	0.9999999999999853
21262	0.0	1.0
21263	0.0	1.0
21264	0.0	1.0
21265	0.0	1.0
21266	9.411804668957302e-12	0.9999999999905882
21267	0.0	1.0
21268	3.6524186342035136e-08	0.9999999634758137
21269	0.0	1.0
21271	0.0	1.0
21272	0.0	1.0
21273	0.0	1.0
21274	0.0	1.0
21275	0.0	1.0
21276	0.0	1.0
21277	0.0	1.0
21278	0.0	1.0
21279	0.0	1.0
21280	0.0	1.0
21281	0.0	1.0
21282	0.0	1.0
21283	0.0	1.0
21284	0.0	1.0
21285	0.0	1.0
21286	0.0	1.0
21287	2.1654001036708337e-08	0.999999978345999
21288	0.0	1.0
21289	0.0	1.0
21290	0.0	1.0
21291	2.5208723997138804e-12	0.9999999999974791
21292	0.0	1.0
21293	0.0	1.0
21294	0.0	1.0
21295	0.0	1.0
21296	0.0	1.0
21297	0.0	1.0
21298	0.0	1.0
21299	3.7049030510161174e-11	0.999999999962951
21301	1.2501905843897987e-08	0.9999999874980942
21302	0.0	1.0
21303	0.0	1.0
21304	0.0	1.0
21305	0.0	1.0
21306	0.0	1.0
21307	0.0	1.0
21308	9.979128634540757e-12	0.9999999999900209
21309	0.0	1.0
21310	5.7407412157317594e-12	0.9999999999942593
21311	1.3034018309099338e-13	0.9999999999998697
21312	1.3806733534238447e-12	0.9999999999986193
21313	0.0	1.0
21314	0.0	1.0
21315	0.0	1.0
21316	0.0	1.0
21317	0.0	1.0
21318	6.661338147750939e-15	0.9999999999999933
21319	0.0	1.0
21320	0.0	1.0
21321	2.2863296834652047e-06	0.9999977136703165
21322	0.0	1.0
21323	0.0	1.0
21324	0.0	1.0
21325	1.50703893808668e-11	0.9999999999849296
21326	0.0	1.0
21327	0.0	1.0
21328	9.547918011776346e-15	0.9999999999999905
21329	0.0	1.0
21331	0.0	1.0
21332	0.0	1.0
21333	3.944622406493181e-12	0.9999999999960554
21334	0.0	1.0
21335	1.958655460043701e-12	0.9999999999980413
21336	5.928590951498336e-14	0.9999999999999407
21337	3.856248653733019e-12	0.9999999999961438
21338	2.9377649202189104e-08	0.9999999706223508
21339	0.0	1.0
21340	0.0	1.0
21341	0.0	1.0
21342	0.0	1.0
21343	3.552713678800501e-15	0.9999999999999964
21344	0.0	1.0
21345	0.0	1.0
21346	0.0	1.0
21347	0.0	1.0
21348	0.0	1.0
21349	0.0	1.0
21350	0.0	1.0
21351	0.0	1.0
21352	0.0	1.0
21353	0.0	1.0
21354	0.0	1.0
21355	0.0	1.0
21356	2.8199664825478976e-14	0.9999999999999718
21357	0.0	1.0
21358	0.0	1.0
21359	0.0	1.0
21361	0.0	1.0
21362	0.0	1.0
21363	0.0	1.0
21364	0.0	1.0
21365	0.0	1.0
21366	0.0	1.0
21367	0.0	1.0
21368	0.0	1.0
21369	0.0	1.0
21370	2.220446049250313e-16	0.9999999999999998
21371	0.0	1.0
21372	4.0743852736113695e-11	0.9999999999592561
21373	0.0	1.0
21374	0.0	1.0
21375	0.0	1.0
21376	0.0	1.0
21377	5.6918914026482526e-12	0.9999999999943081
21378	0.0	1.0
21379	0.0	1.0
21380	0.0	1.0
21381	0.00041272038335160577	0.9995872796166484
21382	0.0	1.0
21383	0.0	1.0
21384	3.588105750296222e-07	0.999999641189425
21385	0.0	1.0
21386	1.1613443540170465e-10	0.9999999998838656
21387	0.0	1.0
21388	0.0	1.0
21389	2.2116153353124446e-10	0.9999999997788385
21391	0.0	1.0
21392	0.0	1.0
21393	0.0	1.0
21394	0.0	1.0
21395	0.0	1.0
21396	0.0	1.0
21397	5.870859354217828e-13	0.9999999999994129
21398	1.5447643164634428e-12	0.9999999999984552
21399	0.0	1.0
21400	0.0	1.0
21401	0.0	1.0
21402	3.006544280204082e-08	0.9999999699345572
21403	0.0	1.0
21404	0.0	1.0
21405	0.0	1.0
21406	0.0	1.0
21407	1.1460832283205491e-11	0.9999999999885392
21408	0.006547377134458188	0.9934526228655418
21409	0.0	1.0
21410	0.0	1.0
21411	0.0	1.0
21412	0.0	1.0
21413	0.0	1.0
21414	0.0	1.0
21415	0.0	1.0
21416	1.0519464299640902e-08	0.9999999894805357
21417	0.0	1.0
21418	4.288125410312205e-12	0.9999999999957119
21419	0.0	1.0
21421	0.0	1.0
21422	0.0	1.0
21423	2.4491519923230953e-13	0.9999999999997551
21424	0.0	1.0
21425	0.0	1.0
21426	0.0	1.0
21427	0.0	1.0
21428	0.0	1.0
21429	0.0	1.0
21430	0.0	1.0
21431	0.0	1.0
21432	0.0	1.0
21433	0.0	1.0
21434	0.0	1.0
21435	0.0	1.0
21436	0.0	1.0
21437	0.0015587141358129886	0.998441285864187
21438	0.0	1.0
21439	0.0	1.0
21440	0.0	1.0
21441	0.0	1.0
21442	0.0	1.0
21443	0.0	1.0
21444	0.0	1.0
21445	2.5757174171303632e-14	0.9999999999999742
21446	1.4028836092805363e-08	0.9999999859711639
21447	0.0	1.0
21448	0.0	1.0
21449	3.595790332155957e-12	0.9999999999964042
21451	0.0	1.0
21452	0.0	1.0
21453	0.0	1.0
21454	0.0	1.0
21455	6.362647697599755e-08	0.999999936373523
21456	0.0	1.0
21457	0.0	1.0
21458	0.0	1.0
21459	0.0	1.0
21460	6.9893599796699846e-09	0.99999999301064
21461	0.19083320419072958	0.8091667958092704
21462	0.0	1.0
21463	0.0	1.0
21464	4.189575980584337e-07	0.9999995810424019
21465	0.0	1.0
21466	0.0	1.0
21467	5.175100348253636e-10	0.99999999948249
21468	0.0	1.0
21469	0.0	1.0
21470	0.0	1.0
21471	0.0003722925393155885	0.9996277074606844
21472	0.0	1.0
21473	1.2136913696281226e-10	0.9999999998786309
21474	0.0	1.0
21475	4.0577696758248294e-10	0.999999999594223
21476	0.0	1.0
21477	0.0	1.0
21478	0.0	1.0
21479	0.0	1.0
21481	2.0583534876550402e-13	0.9999999999997942
21482	0.004727522040820609	0.9952724779591794
21483	0.0	1.0
21484	0.0	1.0
21485	0.004179330760476163	0.9958206692395238
21486	0.0	1.0
21487	0.0	1.0
21488	0.0	1.0
21489	0.0	1.0
21490	1.4658320557359161e-08	0.9999999853416794
21491	0.0	1.0
21492	0.0	1.0
21493	0.0	1.0
21494	0.0	1.0
21495	0.0	1.0
21496	0.0016648521067625932	0.9983351478932374
21497	0.0	1.0
21498	3.526068326209497e-12	0.9999999999964739
21499	0.0	1.0
21500	0.007637633108928066	0.9923623668910719
21501	0.0	1.0
21502	0.0	1.0
21503	0.0	1.0
21504	1.291666329450436e-09	0.9999999987083337
21505	2.220446049250313e-16	0.9999999999999998
21506	0.0	1.0
21507	0.0	1.0
21508	3.559375016948252e-13	0.9999999999996441
21509	0.0007774128504741684	0.9992225871495258
21511	0.0	1.0
21512	0.0	1.0
21513	0.0	1.0
21514	1.9984014443252818e-15	0.999999999999998
21515	0.0	1.0
21516	0.0	1.0
21517	0.0	1.0
21518	5.242225989965377e-07	0.999999475777401
21519	0.0	1.0
21520	0.0	1.0
21521	0.0	1.0
21522	0.0	1.0
21523	0.0	1.0
21524	1.150558037732452e-08	0.9999999884944196
21525	0.0	1.0
21526	0.0	1.0
21527	1.291666329450436e-09	0.9999999987083337
21528	0.0	1.0
21529	0.0	1.0
21530	0.06935846390506817	0.9306415360949318
21531	0.0	1.0
21532	0.0	1.0
21533	0.0	1.0
21534	0.0	1.0
21535	8.881784197001252e-16	0.9999999999999991
21536	0.0	1.0
21537	0.0	1.0
21538	0.004332705276536286	0.9956672947234637
21539	0.0	1.0
21541	0.0	1.0
21542	7.360516640630976e-09	0.9999999926394834
21543	5.47370149206472e-10	0.9999999994526299
21544	4.950011733839688e-09	0.9999999950499883
21545	0.0	1.0
21546	0.0	1.0
21547	0.0	1.0
21548	0.0	1.0
21549	0.0	1.0
21550	1.4148331132446401e-05	0.9999858516688676
21551	0.0	1.0
21552	0.0	1.0
21553	0.0	1.0
21554	0.0	1.0
21555	0.0	1.0
21556	0.0	1.0
21557	0.0	1.0
21558	4.166892408896672e-08	0.9999999583310759
21559	0.0	1.0
21560	0.0	1.0
21561	0.0	1.0
21562	7.058797990566745e-13	0.9999999999992941
21563	1.1168843627729075e-13	0.9999999999998883
21564	1.859179477037287e-12	0.9999999999981408
21565	0.0	1.0
21566	0.0	1.0
21567	0.0	1.0
21568	9.103828801926284e-15	0.9999999999999909
21569	1.4563905637032803e-12	0.9999999999985436
21571	4.319067241109753e-05	0.9999568093275889
21572	0.0	1.0
21573	0.0	1.0
21574	0.0	1.0
21575	1.9735347034366413e-07	0.9999998026465297
21576	4.440892098500626e-16	0.9999999999999996
21577	0.0	1.0
21578	0.0	1.0
21579	0.0	1.0
21580	0.0	1.0
21581	5.775287137410601e-09	0.9999999942247129
21582	2.020605904817785e-14	0.9999999999999798
21583	0.8442137517676781	0.15578624823232187
21584	0.0	1.0
21585	0.0	1.0
21586	0.0	1.0
21587	0.0	1.0
21588	0.0	1.0
21589	1.8243395794037554e-07	0.9999998175660421
21590	0.0022600517335455983	0.9977399482664544
21591	8.584475645889711e-07	0.9999991415524354
21592	0.0	1.0
21593	0.0	1.0
21594	1.291666329450436e-09	0.9999999987083337
21595	0.0	1.0
21596	0.0	1.0
21597	0.0	1.0
21598	0.0	1.0
21599	1.8189894035458565e-12	0.999999999998181
21601	2.4949597943191293e-11	0.9999999999750504
21602	0.0	1.0
21603	0.0	1.0
21604	0.0	1.0
21605	1.616484723854228e-13	0.9999999999998384
21606	0.0	1.0
21607	4.11448652926083e-13	0.9999999999995886
21608	0.00014299149845653503	0.9998570085015435
21609	1.0361822511129049e-10	0.9999999998963818
21610	0.0	1.0
21611	0.0	1.0
21612	0.0	1.0
21613	0.0	1.0
21614	0.0	1.0
21615	5.981437567470493e-12	0.9999999999940186
21616	0.0	1.0
21617	4.6629367034256575e-15	0.9999999999999953
21618	0.0	1.0
21619	0.0	1.0
21620	0.0	1.0
21621	0.0	1.0
21622	2.162365316171755e-05	0.9999783763468383
21623	0.0	1.0
21624	0.0	1.0
21625	0.0	1.0
21626	2.220446049250313e-16	0.9999999999999998
21627	0.0	1.0
21628	1.031719707444978e-07	0.9999998968280293
21629	1.3450573987938697e-11	0.9999999999865494
21631	0.004510957913131941	0.9954890420868681
21632	4.11448652926083e-13	0.9999999999995886
21633	0.0	1.0
21634	0.0	1.0
21635	0.0	1.0
21636	0.41133261856113446	0.5886673814388655
21637	3.3306690738754696e-15	0.9999999999999967
21638	0.0	1.0
21639	1.3322676295501878e-14	0.9999999999999867
21640	0.0	1.0
21641	3.549309079975416e-08	0.9999999645069092
21642	2.9328954820329045e-09	0.9999999970671045
21643	0.0	1.0
21644	0.0	1.0
21645	0.0	1.0
21646	0.0	1.0
21647	7.293734211710756e-06	0.9999927062657883
21648	1.6431300764452317e-14	0.9999999999999836
21649	1.3478384921938869e-05	0.9999865216150781
21650	0.0	1.0
21651	0.0	1.0
21652	0.0	1.0
21653	4.440892098500626e-16	0.9999999999999996
21654	0.0	1.0
21655	0.0	1.0
21656	0.0	1.0
21657	0.0	1.0
21658	0.0	1.0
21659	0.0	1.0
21661	1.1346598083328274e-07	0.9999998865340192
21662	5.818732162765627e-10	0.9999999994181268
21663	0.0	1.0
21664	0.0	1.0
21665	0.0	1.0
21666	0.0	1.0
21667	0.0	1.0
21668	0.0	1.0
21669	3.530509218307998e-14	0.9999999999999647
21670	9.746101703456134e-10	0.9999999990253898
21671	9.992007221626409e-15	0.99999999999999
21672	0.0	1.0
21673	0.0	1.0
21674	0.00022195179594064474	0.9997780482040594
21675	0.0	1.0
21676	0.0002877701854070436	0.999712229814593
21677	0.0	1.0
21678	8.459899447643693e-14	0.9999999999999154
21679	8.848788368709393e-11	0.9999999999115121
21680	0.0	1.0
21681	9.182876681279595e-12	0.9999999999908171
21682	0.0	1.0
21683	0.0	1.0
21684	0.0	1.0
21685	0.0	1.0
21686	0.0	1.0
21687	0.0	1.0
21688	5.704892114266613e-10	0.9999999994295108
21689	0.0	1.0
21691	0.0	1.0
21692	0.0	1.0
21693	2.886579864025407e-15	0.9999999999999971
21694	5.879756681537174e-10	0.9999999994120243
21695	0.0	1.0
21696	0.0	1.0
21697	0.0	1.0
21698	0.0	1.0
21699	0.0	1.0
21700	0.0	1.0
21701	1.4357831967792833e-07	0.9999998564216803
21702	0.0	1.0
21703	0.0	1.0
21704	0.0	1.0
21705	0.0	1.0
21706	9.950484880505428e-12	0.9999999999900495
21707	0.0	1.0
21708	0.0	1.0
21709	0.0	1.0
21710	3.680611371237319e-10	0.9999999996319389
21711	0.0	1.0
21712	0.0	1.0
21713	0.0	1.0
21714	1.1102230246251565e-15	0.9999999999999989
21715	0.0018535293746276826	0.9981464706253723
21716	0.0	1.0
21717	0.0	1.0
21718	0.0	1.0
21719	1.5393293306686928e-09	0.9999999984606707
21721	7.203126983768016e-13	0.9999999999992797
21722	5.281665476086772e-06	0.9999947183345239
21723	0.0	1.0
21724	0.0	1.0
21725	0.0004371681142603112	0.9995628318857397
21726	1.1150369516599312e-10	0.9999999998884963
21727	3.6155523019942848e-12	0.9999999999963844
21728	0.0	1.0
21729	0.0	1.0
21730	0.0	1.0
21731	0.0	1.0
21732	0.0	1.0
21733	0.0	1.0
21734	3.574143980777933e-08	0.9999999642585602
21735	0.5577738911988006	0.44222610880119945
21736	0.0	1.0
21737	6.324341050856219e-11	0.9999999999367566
21738	0.0	1.0
21739	0.0	1.0
21740	0.0	1.0
21741	0.0	1.0
21742	0.0	1.0
21743	2.946336443709896e-07	0.9999997053663556
21744	0.0	1.0
21745	3.168043605228377e-11	0.9999999999683196
21746	0.0	1.0
21747	0.0	1.0
21748	4.440892098500626e-16	0.9999999999999996
21749	0.0	1.0
21751	0.0	1.0
21752	0.0	1.0
21753	0.0	1.0
21754	0.0	1.0
21755	0.0	1.0
21756	0.0	1.0
21757	1.5543122344752192e-15	0.9999999999999984
21758	0.0	1.0
21759	0.0	1.0
21760	8.124171890777632e-09	0.9999999918758281
21761	0.0	1.0
21762	1.0275869044562569e-10	0.9999999998972413
21763	0.0	1.0
21764	1.103059865670275e-10	0.999999999889694
21765	9.777936238464235e-10	0.9999999990222064
21766	0.0	1.0
21767	0.0	1.0
21768	0.0	1.0
21769	0.0	1.0
21770	2.220446049250313e-16	0.9999999999999998
21771	1.340284949691295e-07	0.999999865971505
21772	0.0	1.0
21773	0.0	1.0
21774	0.0	1.0
21775	0.0	1.0
21776	0.013017524548569748	0.9869824754514303
21777	1.918823293645122e-05	0.9999808117670635
21778	0.0	1.0
21779	0.0	1.0
21781	0.029144609906979646	0.9708553900930204
21782	0.0	1.0
21783	0.0	1.0
21784	0.0	1.0
21785	9.178289374744963e-06	0.9999908217106253
21786	0.0	1.0
21787	0.0	1.0
21788	2.5135005188303694e-11	0.999999999974865
21789	8.972023124442785e-11	0.9999999999102798
21790	0.0	1.0
21791	0.0	1.0
21792	0.0	1.0
21793	0.0	1.0
21794	0.0	1.0
21795	0.0	1.0
21796	6.572520305780927e-14	0.9999999999999343
21797	0.0	1.0
21798	3.3768821072754918e-09	0.9999999966231179
21799	2.0961010704922955e-13	0.9999999999997904
21800	0.03464949702403042	0.9653505029759696
21801	0.0	1.0
21802	0.0	1.0
21803	1.2041478925084448e-12	0.9999999999987959
21804	0.0	1.0
21805	1.5787371410169726e-13	0.9999999999998421
21806	0.0	1.0
21807	0.0	1.0
21808	0.0	1.0
21809	0.0	1.0
21811	0.0	1.0
21812	6.079485803667239e-10	0.9999999993920514
21813	0.0	1.0
21814	0.0	1.0
21815	3.552713678800501e-14	0.9999999999999645
21816	0.0	1.0
21817	0.0	1.0
21818	0.0	1.0
21819	1.0877876377435314e-10	0.9999999998912212
21820	4.661098110814166e-07	0.9999995338901889
21821	0.0	1.0
21822	0.0	1.0
21823	0.0	1.0
21824	0.0	1.0
21825	0.0	1.0
21826	1.51117410085444e-06	0.9999984888258991
21827	0.0	1.0
21828	0.0	1.0
21829	0.0	1.0
21830	0.0	1.0
21831	0.0	1.0
21832	0.0	1.0
21833	0.0	1.0
21834	0.0	1.0
21835	1.7247980821366582e-11	0.999999999982752
21836	0.0	1.0
21837	3.575584011372701e-05	0.9999642441598863
21838	5.7798876795800425e-11	0.9999999999422011
21839	0.0	1.0
21841	9.186306418984547e-05	0.9999081369358102
21842	0.0	1.0
21843	4.802184779828522e-07	0.999999519781522
21844	0.0	1.0
21845	0.0	1.0
21846	0.0	1.0
21847	0.0005174934653126018	0.9994825065346874
21848	3.4419134209429103e-12	0.9999999999965581
21849	0.0	1.0
21850	5.10702591327572e-15	0.9999999999999949
21851	0.0	1.0
21852	4.758371474622436e-11	0.9999999999524163
21853	0.0	1.0
21854	0.0	1.0
21855	0.0	1.0
21856	1.171066577043689e-09	0.9999999988289334
21857	4.529709940470639e-14	0.9999999999999547
21858	0.0	1.0
21859	0.0	1.0
21860	0.0	1.0
21861	0.0	1.0
21862	1.922912273855104e-09	0.9999999980770877
21863	0.0	1.0
21864	9.632294961647858e-13	0.9999999999990368
21865	0.0	1.0
21866	0.0	1.0
21867	1.2447820552097255e-12	0.9999999999987552
21868	0.0	1.0
21869	0.0	1.0
21871	6.132427898819515e-12	0.9999999999938676
21872	8.683212538995733e-07	0.9999991316787461
21873	0.0	1.0
21874	0.0	1.0
21875	0.0	1.0
21876	0.0	1.0
21877	1.2447820552097255e-12	0.9999999999987552
21878	0.0	1.0
21879	0.0	1.0
21880	0.0	1.0
21881	2.6393403018687422e-09	0.9999999973606597
21882	7.540429954877581e-07	0.9999992459570045
21883	0.0	1.0
21884	0.0	1.0
21885	0.0	1.0
21886	0.0	1.0
21887	0.0	1.0
21888	0.0	1.0
21889	0.0	1.0
21890	0.0	1.0
21891	4.9507731247899756e-11	0.9999999999504923
21892	0.0	1.0
21893	2.274040955541068e-10	0.9999999997725959
21894	0.0	1.0
21895	0.0	1.0
21896	0.0	1.0
21897	5.894813031592783e-06	0.9999941051869684
21898	0.0	1.0
21899	3.8130831825355926e-11	0.9999999999618692
21901	2.6590757262412446e-05	0.9999734092427376
21902	5.767705135717449e-08	0.9999999423229486
21903	3.759591471474977e-08	0.9999999624040853
21904	3.774758283725532e-14	0.9999999999999623
21905	0.0	1.0
21906	0.0	1.0
21907	0.0	1.0
21908	0.0	1.0
21909	0.0	1.0
21910	0.0	1.0
21911	0.0	1.0
21912	3.441802233883351e-06	0.9999965581977661
21913	0.0	1.0
21914	1.296058815825063e-10	0.9999999998703941
21915	0.007167388669512165	0.9928326113304878
21916	0.0	1.0
21917	0.0	1.0
21918	0.0	1.0
21919	5.734237529253505e-10	0.9999999994265762
21920	0.0	1.0
21921	0.0	1.0
21922	0.0	1.0
21923	4.9507731247899756e-11	0.9999999999504923
21924	0.0	1.0
21925	9.624345764791542e-11	0.9999999999037565
21926	0.0	1.0
21927	0.05992176608373667	0.9400782339162633
21928	0.0	1.0
21929	2.0689216784219866e-08	0.9999999793107832
21931	0.0	1.0
21932	0.0	1.0
21933	0.0	1.0
21934	3.334945208877116e-09	0.9999999966650548
21935	0.0	1.0
21936	0.0	1.0
21937	7.364575616009006e-09	0.9999999926354244
21938	0.0	1.0
21939	0.0	1.0
21940	0.0	1.0
21941	0.0	1.0
21942	6.189162322844943e-05	0.9999381083767716
21943	0.0	1.0
21944	7.48667794425728e-12	0.9999999999925133
21945	0.0	1.0
21946	0.0	1.0
21947	0.0	1.0
21948	0.0	1.0
21949	0.0	1.0
21950	7.188960537973799e-11	0.9999999999281104
21951	0.026608411802414578	0.9733915881975854
21952	9.005218792879077e-11	0.9999999999099478
21953	0.0	1.0
21954	0.0	1.0
21955	0.0	1.0
21956	0.0	1.0
21957	0.0	1.0
21958	0.0	1.0
21959	0.5239768678494663	0.47602313215053366
21961	0.0	1.0
21962	0.0	1.0
21963	0.0	1.0
21964	0.0	1.0
21965	3.6264324876356113e-12	0.9999999999963736
21966	0.0	1.0
21967	0.0	1.0
21968	0.0	1.0
21969	0.0	1.0
21970	0.0	1.0
21971	0.0	1.0
21972	0.0	1.0
21973	0.0	1.0
21974	0.0	1.0
21975	0.0	1.0
21976	4.667449982065364e-09	0.99999999533255
21977	0.0	1.0
21978	0.0	1.0
21979	0.0	1.0
21980	1.2918457414912154e-09	0.9999999987081543
21981	0.0	1.0
21982	4.67803573656056e-12	0.999999999995322
21983	2.7598590079946916e-11	0.9999999999724014
21984	0.0	1.0
21985	6.969980148596733e-13	0.999999999999303
21986	1.3100631690576847e-14	0.9999999999999869
21987	0.0	1.0
21988	0.0	1.0
21989	0.0	1.0
21991	0.0	1.0
21992	0.0	1.0
21993	0.0	1.0
21994	0.0	1.0
21995	0.0	1.0
21996	4.512148192747922e-06	0.9999954878518073
21997	0.0	1.0
21998	0.0	1.0
21999	0.0	1.0
22000	0.0	1.0
22001	0.0	1.0
22002	0.0	1.0
22003	4.563614075525635e-08	0.9999999543638592
22004	0.0	1.0
22005	0.0	1.0
22006	0.0	1.0
22007	3.4061642395499803e-13	0.9999999999996594
22008	0.0	1.0
22009	0.0	1.0
22010	0.0	1.0
22011	0.0	1.0
22012	1.3840040224977201e-12	0.999999999998616
22013	0.0	1.0
22014	0.0	1.0
22015	0.0	1.0
22016	3.0243356707870817e-09	0.9999999969756643
22017	0.0	1.0
22018	0.0	1.0
22019	0.0	1.0
22021	0.0	1.0
22022	0.0	1.0
22023	0.0	1.0
22024	1.1823491496976146e-07	0.999999881765085
22025	0.0010291522430359024	0.9989708477569641
22026	1.7979506772292098e-10	0.9999999998202049
22027	0.0	1.0
22028	0.0	1.0
22029	3.3608554730335527e-06	0.999996639144527
22030	0.0	1.0
22031	0.0	1.0
22032	0.0005449772823316046	0.9994550227176684
22033	0.0	1.0
22034	0.0	1.0
22035	0.0	1.0
22036	0.0	1.0
22037	4.4123717447552835e-05	0.9999558762825524
22038	0.0	1.0
22039	2.5193180874794052e-12	0.9999999999974807
22040	0.0	1.0
22041	0.0	1.0
22042	2.5588039727408862e-05	0.9999744119602726
22043	0.0	1.0
22044	0.0	1.0
22045	5.495839351798981e-05	0.999945041606482
22046	0.0	1.0
22047	0.0	1.0
22048	5.822009541134321e-13	0.9999999999994178
22049	0.0	1.0
22051	0.0	1.0
22052	0.0	1.0
22053	0.0	1.0
22054	0.0	1.0
22055	6.661338147750939e-16	0.9999999999999993
22056	0.0008233130502209862	0.999176686949779
22057	0.0	1.0
22058	0.0	1.0
22059	0.0	1.0
22060	0.0	1.0
22061	6.148859199583967e-12	0.9999999999938511
22062	0.0	1.0
22063	0.0	1.0
22064	0.0	1.0
22065	3.552891314484441e-11	0.9999999999644711
22066	0.0	1.0
22067	0.0	1.0
22068	0.0	1.0
22069	0.0	1.0
22070	0.0	1.0
22071	2.3026025530725747e-13	0.9999999999997697
22072	1.7472112645577909e-09	0.9999999982527887
22073	1.0598089072999528e-09	0.9999999989401911
22074	0.0	1.0
22075	0.0	1.0
22076	0.0	1.0
22077	0.0	1.0
22078	0.0	1.0
22079	1.7099614335602809e-07	0.9999998290038566
22081	0.0	1.0
22082	0.0	1.0
22083	6.296496368740634e-08	0.9999999370350363
22084	0.0	1.0
22085	0.0	1.0
22086	0.0	1.0
22087	1.1336589444965739e-09	0.999999998866341
22088	0.0	1.0
22089	2.1451729281807275e-12	0.9999999999978548
22090	0.0	1.0
22091	2.58970622724064e-12	0.9999999999974103
22092	0.0	1.0
22093	0.0	1.0
22094	0.0	1.0
22095	0.0	1.0
22096	0.0	1.0
22097	2.7111646261346323e-13	0.9999999999997289
22098	0.0	1.0
22099	0.0	1.0
22100	3.2460700793990327e-12	0.9999999999967539
22101	2.0752288776293426e-12	0.9999999999979248
22102	3.8656411405213476e-11	0.9999999999613436
22103	0.0	1.0
22104	4.55291490057963e-05	0.9999544708509942
22105	2.1602297728406938e-10	0.999999999783977
22106	0.0	1.0
22107	0.0	1.0
22108	0.0	1.0
22109	0.0	1.0
22111	0.0	1.0
22112	0.0	1.0
22113	0.0	1.0
22114	0.0	1.0
22115	7.822473779839356e-10	0.9999999992177526
22116	2.1873187006082873e-07	0.9999997812681299
22117	1.1816159621869105e-06	0.9999988183840378
22118	0.0	1.0
22119	0.0	1.0
22120	0.0	1.0
22121	3.0266900097331018e-12	0.9999999999969733
22122	0.0	1.0
22123	0.0	1.0
22124	0.0	1.0
22125	2.0872192862952943e-14	0.9999999999999791
22126	0.0	1.0
22127	0.0	1.0
22128	0.0	1.0
22129	0.0	1.0
22130	1.2878587085651816e-13	0.9999999999998712
22131	0.0	1.0
22132	0.005329249817357384	0.9946707501826426
22133	0.0	1.0
22134	0.0	1.0
22135	5.924126697687271e-05	0.9999407587330231
22136	0.0	1.0
22137	0.0	1.0
22138	0.0	1.0
22139	0.0	1.0
22141	0.0	1.0
22142	0.0	1.0
22143	1.9095836023552692e-14	0.9999999999999809
22144	0.5295462964394647	0.4704537035605353
22145	2.0359446339934806e-06	0.999997964055366
22146	0.0	1.0
22147	5.933346141084872e-05	0.9999406665385892
22148	5.101869355872424e-07	0.9999994898130644
22149	0.0	1.0
22150	0.0	1.0
22151	0.0	1.0
22152	0.1767926388668981	0.8232073611331019
22153	0.0	1.0
22154	0.0	1.0
22155	0.0	1.0
22156	0.0	1.0
22157	6.661338147750939e-16	0.9999999999999993
22158	0.0	1.0
22159	1.8584267458265913e-10	0.9999999998141573
22160	0.0	1.0
22161	0.0	1.0
22162	0.0	1.0
22163	1.3228818041000068e-10	0.9999999998677118
22164	0.0	1.0
22165	0.0	1.0
22166	0.0	1.0
22167	1.0123013538532177e-12	0.9999999999989877
22168	0.0	1.0
22169	0.0	1.0
22171	0.0	1.0
22172	0.0	1.0
22173	0.0	1.0
22174	0.0	1.0
22175	0.0	1.0
22176	0.0	1.0
22177	0.0	1.0
22178	0.0	1.0
22179	0.0	1.0
22180	0.0	1.0
22181	0.0	1.0
22182	0.0	1.0
22183	0.0	1.0
22184	0.0	1.0
22185	0.0	1.0
22186	0.0	1.0
22187	4.96269692007445e-13	0.9999999999995037
22188	0.0	1.0
22189	0.0	1.0
22190	0.0	1.0
22191	3.1293159175049823e-09	0.9999999968706841
22192	0.4028620190557479	0.5971379809442521
22193	4.4027535497259684e-05	0.9999559724645027
22194	0.0	1.0
22195	0.0	1.0
22196	0.0	1.0
22197	2.8888003100746573e-13	0.9999999999997111
22198	0.0	1.0
22199	0.0	1.0
22201	0.0	1.0
22202	1.3322676295501878e-15	0.9999999999999987
22203	0.0	1.0
22204	0.0	1.0
22205	0.0	1.0
22206	0.0	1.0
22207	1.480897626748856e-10	0.9999999998519102
22208	0.0	1.0
22209	2.4424906541753444e-15	0.9999999999999976
22210	0.0	1.0
22211	0.0	1.0
22212	0.0	1.0
22213	0.0	1.0
22214	0.0	1.0
22215	0.0	1.0
22216	0.323993621416635	0.676006378583365
22217	0.0	1.0
22218	0.0	1.0
22219	0.0	1.0
22220	0.0	1.0
22221	0.0	1.0
22222	1.1102230246251565e-15	0.9999999999999989
22223	0.0	1.0
22224	0.0	1.0
22225	0.0	1.0
22226	0.0	1.0
22227	0.0	1.0
22228	1.5760726057578722e-12	0.9999999999984239
22229	0.0	1.0
22231	0.0	1.0
22232	0.0	1.0
22233	2.798995035746543e-09	0.999999997201005
22234	0.0	1.0
22235	0.0	1.0
22236	0.0	1.0
22237	0.0	1.0
22238	2.510455687776414e-08	0.9999999748954431
22239	0.0	1.0
22240	0.0	1.0
22241	0.0	1.0
22242	0.0	1.0
22243	0.0	1.0
22244	0.0	1.0
22245	0.0	1.0
22246	0.0	1.0
22247	0.0	1.0
22248	0.0	1.0
22249	0.0	1.0
22250	0.0	1.0
22251	0.0	1.0
22252	0.0	1.0
22253	0.00022453969763958082	0.9997754603023604
22254	0.0	1.0
22255	0.0	1.0
22256	0.000629508908095544	0.9993704910919045
22257	0.0	1.0
22258	0.016087596090825662	0.9839124039091743
22259	0.0	1.0
22261	1.9825257413508268e-07	0.9999998017474259
22262	0.0	1.0
22263	0.0	1.0
22264	0.0	1.0
22265	0.0	1.0
22266	0.0	1.0
22267	0.0	1.0
22268	0.0	1.0
22269	0.0	1.0
22270	0.0	1.0
22271	0.0	1.0
22272	0.0	1.0
22273	0.0	1.0
22274	0.0	1.0
22275	1.4607381210396397e-05	0.9999853926187896
22276	0.0	1.0
22277	0.0	1.0
22278	2.618156601519317e-07	0.9999997381843398
22279	0.0	1.0
22280	0.0	1.0
22281	0.0	1.0
22282	0.0	1.0
22283	0.0	1.0
22284	0.0	1.0
22285	0.0	1.0
22286	0.0	1.0
22287	0.0	1.0
22288	0.0	1.0
22289	0.0	1.0
22291	0.0	1.0
22292	0.0	1.0
22293	0.0	1.0
22294	0.0	1.0
22295	9.94260007658454e-10	0.99999999900574
22296	2.353672812205332e-14	0.9999999999999765
22297	4.440892098500626e-16	0.9999999999999996
22298	0.0	1.0
22299	0.0	1.0
22300	0.0	1.0
22301	0.0	1.0
22302	0.0	1.0
22303	0.0002073163497083863	0.9997926836502916
22304	7.388127665208799e-09	0.9999999926118723
22305	0.9886453840640905	0.011354615935909468
22306	4.230700234586493e-10	0.99999999957693
22307	0.0	1.0
22308	0.0	1.0
22309	0.0	1.0
22310	0.0	1.0
22311	8.516855776186105e-09	0.9999999914831442
22312	5.5289106626332796e-14	0.9999999999999447
22313	0.0	1.0
22314	8.881784197001252e-16	0.9999999999999991
22315	0.0	1.0
22316	0.0	1.0
22317	0.0	1.0
22318	9.704903547458343e-12	0.9999999999902951
22319	0.0	1.0
22321	0.0	1.0
22322	1.643837288511918e-09	0.9999999983561627
22323	0.0	1.0
22324	4.440892098500626e-16	0.9999999999999996
22325	0.0	1.0
22326	0.0	1.0
22327	1.1270095967574889e-11	0.9999999999887299
22328	2.7615687514526144e-12	0.9999999999972384
22329	0.0	1.0
22330	0.0	1.0
22331	0.0	1.0
22332	6.661338147750939e-16	0.9999999999999993
22333	0.0	1.0
22334	1.3926459985214024e-09	0.999999998607354
22335	0.0	1.0
22336	0.0	1.0
22337	0.0	1.0
22338	0.0	1.0
22339	0.0	1.0
22340	2.8981950173090354e-10	0.9999999997101805
22341	1.5107710904516125e-07	0.999999848922891
22342	2.135625010168951e-12	0.9999999999978644
22343	0.0	1.0
22344	0.0	1.0
22345	1.7696955012524995e-13	0.999999999999823
22346	0.0	1.0
22347	0.0	1.0
22348	0.0	1.0
22349	0.0	1.0
22351	3.953915339582892e-07	0.999999604608466
22352	0.0	1.0
22353	0.0	1.0
22354	0.0	1.0
22355	0.0	1.0
22356	1.3082668282038412e-10	0.9999999998691733
22357	0.0	1.0
22358	0.0	1.0
22359	2.1604533717578533e-09	0.9999999978395466
22360	0.0	1.0
22361	0.0	1.0
22362	6.258165097250412e-10	0.9999999993741835
22363	0.0	1.0
22364	4.4008796606931355e-11	0.9999999999559912
22365	2.220446049250313e-16	0.9999999999999998
22366	0.0	1.0
22367	0.0	1.0
22368	0.01807303458428411	0.9819269654157159
22369	0.0	1.0
22370	0.0	1.0
22371	0.0	1.0
22372	0.0	1.0
22373	0.0	1.0
22374	3.1086244689504383e-15	0.9999999999999969
22375	9.587219906848077e-12	0.9999999999904128
22376	0.0	1.0
22377	2.220446049250313e-16	0.9999999999999998
22378	3.743139131984208e-11	0.9999999999625686
22379	1.7496670778882617e-11	0.9999999999825033
22381	2.220446049250313e-16	0.9999999999999998
22382	2.1250194714994564e-08	0.9999999787498053
22383	0.0	1.0
22384	0.0	1.0
22385	0.0	1.0
22386	0.0037636167970752643	0.9962363832029247
22387	0.0	1.0
22388	0.0	1.0
22389	0.0	1.0
22390	0.0	1.0
22391	0.0	1.0
22392	0.0	1.0
22393	3.204547738278052e-12	0.9999999999967955
22394	0.0	1.0
22395	0.0	1.0
22396	0.7637004452318616	0.23629955476813833
22397	0.30067989920476823	0.6993201007952318
22398	0.0	1.0
22399	8.026912468039882e-13	0.9999999999991973
22400	2.073609871366955e-06	0.9999979263901286
22401	0.03183879743937601	0.968161202560624
22402	7.317035866094557e-12	0.999999999992683
22403	1.6529866586623143e-08	0.9999999834701334
22404	0.0	1.0
22405	0.0	1.0
22406	0.0	1.0
22407	0.0	1.0
22408	0.0	1.0
22409	3.3306690738754696e-15	0.9999999999999967
22411	0.0	1.0
22412	0.0	1.0
22413	0.0	1.0
22414	0.0	1.0
22415	0.0	1.0
22416	2.69562150378988e-13	0.9999999999997304
22417	1.057154364048074e-11	0.9999999999894285
22418	2.4286300439047004e-05	0.999975713699561
22419	0.0	1.0
22420	0.0	1.0
22421	0.0	1.0
22422	6.439293542825908e-15	0.9999999999999936
22423	0.0	1.0
22424	1.1102230246251565e-15	0.9999999999999989
22425	0.0	1.0
22426	2.0339063766527943e-10	0.9999999997966094
22427	9.455147775838668e-11	0.9999999999054485
22428	4.879204151819749e-09	0.9999999951207958
22429	0.0	1.0
22430	0.0	1.0
22431	0.19795486002896046	0.8020451399710395
22432	2.05613304160579e-13	0.9999999999997944
22433	0.0	1.0
22434	0.0	1.0
22435	0.0	1.0
22436	0.0	1.0
22437	9.455147775838668e-11	0.9999999999054485
22438	0.0	1.0
22439	0.0	1.0
22441	0.0	1.0
22442	0.0	1.0
22443	0.0	1.0
22444	0.0	1.0
22445	3.5558067601471066e-10	0.9999999996444193
22446	0.0	1.0
22447	0.0	1.0
22448	0.0	1.0
22449	0.0	1.0
22450	0.0	1.0
22451	0.0	1.0
22452	0.0	1.0
22453	7.993605777301127e-15	0.999999999999992
22454	0.0	1.0
22455	1.446899874246732e-06	0.9999985531001258
22456	0.0	1.0
22457	2.2426505097428162e-14	0.9999999999999776
22458	0.0	1.0
22459	0.0	1.0
22460	0.0	1.0
22461	0.0	1.0
22462	0.0	1.0
22463	0.0	1.0
22464	0.0	1.0
22465	2.1796340732294084e-08	0.9999999782036593
22466	0.46350819626642836	0.5364918037335716
22467	0.00030756823295463587	0.9996924317670454
22468	0.0	1.0
22469	3.6352765242497753e-10	0.9999999996364723
22471	0.0	1.0
22472	1.976463516406568e-06	0.9999980235364836
22473	0.0	1.0
22474	0.0	1.0
22475	0.0	1.0
22476	0.0	1.0
22477	0.0	1.0
22478	1.0297615976262442e-05	0.9999897023840237
22479	2.6645352591003757e-15	0.9999999999999973
22480	3.658184866139891e-12	0.9999999999963418
22481	0.0	1.0
22482	0.0	1.0
22483	0.0	1.0
22484	0.0	1.0
22485	0.0	1.0
22486	5.6754601018838e-13	0.9999999999994325
22487	1.992761511360186e-11	0.9999999999800724
22488	0.0	1.0
22489	0.0	1.0
22490	0.0	1.0
22491	4.75175454539567e-14	0.9999999999999525
22492	8.043681520852886e-08	0.9999999195631848
22493	4.1604921452442767e-07	0.9999995839507855
22494	0.0	1.0
22495	0.0	1.0
22496	0.0	1.0
22497	5.329070518200751e-15	0.9999999999999947
22498	1.7763568394002505e-15	0.9999999999999982
22499	5.38813438311081e-12	0.9999999999946119
22501	0.00016053258532178205	0.9998394674146782
22502	0.0	1.0
22503	0.0	1.0
22504	0.9999845321729584	1.54678270416584e-05
22505	0.0	1.0
22506	2.284006102248881e-06	0.9999977159938978
22507	0.0	1.0
22508	0.0	1.0
22509	0.0	1.0
22510	0.0	1.0
22511	0.0	1.0
22512	0.33653648409988723	0.6634635159001128
22513	0.0	1.0
22514	0.0	1.0
22515	8.204548151979907e-13	0.9999999999991795
22516	1.0992158294698129e-09	0.9999999989007842
22517	0.0	1.0
22518	3.9968028886505635e-15	0.999999999999996
22519	0.0	1.0
22520	0.0	1.0
22521	0.0	1.0
22522	0.0	1.0
22523	2.220446049250313e-15	0.9999999999999978
22524	1.3411484778513838e-05	0.9999865885152215
22525	0.0	1.0
22526	0.8133832836003084	0.18661671639969155
22527	0.0	1.0
22528	0.0	1.0
22529	0.0	1.0
22531	0.42294051763053164	0.5770594823694684
22532	0.00040934846132234526	0.9995906515386777
22533	0.0	1.0
22534	0.0	1.0
22535	2.432823250630989e-07	0.9999997567176749
22536	2.6146639062862853e-05	0.9999738533609371
22537	6.469348911686268e-06	0.9999935306510883
22538	0.0	1.0
22539	0.0	1.0
22540	0.0	1.0
22541	1.0	0.0
22542	1.0	0.0
22543	1.0	0.0
22544	1.0	0.0
22545	1.0	0.0
22546	1.0	0.0
22547	1.0	0.0
22548	1.0	0.0
22549	1.0	0.0
22550	1.0	0.0
22551	1.0	0.0
22552	1.0	0.0
22553	0.9999998861894033	1.1381059676218084e-07
22554	0.0008015864622796798	0.9991984135377203
22555	1.0	0.0
22556	1.0	0.0
22557	0.9985474901382776	0.0014525098617223968
22558	1.0	0.0
22559	1.0	0.0
22561	1.0	0.0
22562	1.0	1.966515499246987e-29
22563	1.0	1.3651796000242508e-26
22564	1.0	0.0
22565	1.0	0.0
22566	0.9999999998746637	1.2533629570582587e-10
22567	1.0	0.0
22568	1.0	0.0
22569	1.0	0.0
22570	1.0	0.0
22571	1.0	0.0
22572	1.0	4.94196780873168e-22
22573	0.9999999999999999	1.2748138112878709e-16
22574	1.0	0.0
22575	1.0	0.0
22576	0.999999999990064	9.936018582033433e-12
22577	1.0	6.057208950963367e-25
22578	1.0	0.0
22579	1.0	0.0
22580	1.0	7.171215094595745e-23
22581	1.0	0.0
22582	1.0	0.0
22583	1.0	9.954278622648472e-42
22584	1.0	9.012093343561365e-23
22585	1.0	0.0
22586	1.0	0.0
22587	1.0	0.0
22588	1.0	0.0
22589	1.0	0.0
22591	0.9999999707627222	2.923727785097986e-08
22592	0.9999999999999976	2.4818652667562796e-15
22593	0.9976942081677788	0.0023057918322212847
22594	1.0	0.0
22595	1.0	0.0
22596	1.0	0.0
22597	1.0	1.668887875117061e-39
22598	0.9999999999999947	5.321335180003943e-15
22599	1.0	0.0
22600	1.0	0.0
22601	1.0	0.0
22602	1.0	1.0181838611735158e-24
22603	1.0	1.2840061356103352e-29
22604	1.0	1.468398307556717e-23
22605	1.0	0.0
22606	1.0	0.0
22607	1.0	0.0
22608	1.0	0.0
22609	1.0	0.0
22610	1.0	6.053340318748569e-31
22611	1.0	2.482524482337527e-30
22612	1.0	7.297881596614475e-36
22613	1.0	8.88892235671978e-41
22614	1.0	0.0
22615	1.0	2.0914868834357446e-20
22616	1.0	1.8553601831544496e-21
22617	0.9999999999999952	4.74203938976484e-15
22618	1.0	2.301024363984732e-19
22619	1.0	1.1393108890415899e-20
22621	1.0	0.0
22622	1.0	4.306076818252078e-43
22623	1.0	9.139096525111043e-32
22624	1.0	0.0
22625	1.0	1.389949593386492e-17
22626	1.0	2.9932213753046435e-17
22627	1.0	0.0
22628	1.0	4.5719005372544524e-26
22629	1.0	0.0
22630	1.0	0.0
22631	1.0	0.0
22632	1.0	0.0
22633	1.0	0.0
22634	1.0	9.124849320017678e-18
22635	1.0	1.8933788828674678e-32
22636	1.0	0.0
22637	1.0	0.0
22638	1.0	3.886657854520639e-31
22639	1.0	6.207742862445024e-34
22640	1.0	0.0
22641	1.0	0.0
22642	1.0	0.0
22643	1.0	0.0
22644	1.0	0.0
22645	1.0	1.2560207420260974e-33
22646	1.0	0.0
22647	1.0	0.0
22648	1.0	0.0
22649	1.0	0.0
22651	1.0	0.0
22652	1.0	0.0
22653	1.0	0.0
22654	1.0	0.0
22655	0.9999999999999951	4.9026218719638925e-15
22656	1.0	0.0
22657	0.999999479987702	5.20012297980746e-07
22658	1.0	0.0
22659	1.0	3.3869925745961523e-33
22660	1.0	1.664146638193543e-41
22661	0.9999999999999926	7.472022592798418e-15
22662	0.999999999940525	5.947498988424928e-11
22663	0.9999999999992115	7.885084707478268e-13
22664	1.0	0.0
22665	1.0	0.0
22666	1.0	0.0
22667	1.0	0.0
22668	1.0	0.0
22669	1.0	0.0
22670	1.0	0.0
22671	1.0	0.0
22672	1.0	0.0
22673	1.0	1.030556785139522e-38
22674	1.0	0.0
22675	1.0	0.0
22676	1.0	2.4732407081630064e-21
22677	1.0	0.0
22678	1.0	0.0
22679	1.0	1.9454361242291335e-39
22681	1.0	0.0
22682	0.999995289193068	4.710806932025062e-06
22683	1.0	9.48878842360763e-42
22684	1.0	0.0
22685	1.0	0.0
22686	1.0	0.0
22687	1.0	0.0
22688	1.0	0.0
22689	1.0	1.3720502777325234e-36
22690	0.9233108239926494	0.0766891760073506
22691	0.999999959883005	4.011699497321468e-08
22692	1.0	0.0
22693	1.0	0.0
22694	1.0	1.8184562149450222e-34
22695	1.0	0.0
22696	1.0	1.1163125821663504e-18
22697	1.0	0.0
22698	1.0	0.0
22699	1.0	0.0
22700	1.0	9.015368978870803e-18
22701	1.0	0.0
22702	1.0	0.0
22703	0.9999999968880572	3.1119428426940947e-09
22704	1.0	0.0
22705	1.0	0.0
22706	1.0	0.0
22707	0.999999975845378	2.4154621981490575e-08
22708	1.0	0.0
22709	0.9999999999999699	3.0033267942066167e-14
22711	1.0	3.318764094578717e-17
22712	1.0	8.074270429186815e-35
22713	1.0	0.0
22714	1.0	0.0
22715	1.0	1.872367744841562e-40
22716	1.0	0.0
22717	1.0	0.0
22718	1.0	0.0
22719	0.999999057266095	9.427339050774631e-07
22720	1.0	0.0
22721	1.0	0.0
22722	1.0	0.0
22723	1.0	0.0
22724	1.0	7.682139540277804e-20
22725	1.0	1.9008662717437557e-40
22726	1.0	0.0
22727	1.0	4.3765526524202096e-38
22728	1.0	0.0
22729	1.0	7.323726492323828e-21
22730	1.0	6.073401469530885e-35
22731	1.0	7.565852939397957e-24
22732	1.0	1.6375680779969327e-39
22733	1.0	0.0
22734	1.0	0.0
22735	1.0	0.0
22736	0.9999999999999629	3.712838855801426e-14
22737	1.0	0.0
22738	0.9999973971187839	2.6028812160818464e-06
22739	1.0	0.0
22741	0.0	1.0
22742	1.0	4.5410945052593563e-23
22743	1.0	0.0
22744	1.0	0.0
22745	1.0	3.391964192326187e-27
22746	1.0	0.0
22747	1.0	0.0
22748	1.0	0.0
22749	1.0	0.0
22750	0.9999911525871946	8.847412805367343e-06
22751	0.9999999998299784	1.7002153757178208e-10
22752	0.9999999999882339	1.1766117856563631e-11
22753	0.9999999999882339	1.1766117856563631e-11
22754	0.9999911525871946	8.847412805367343e-06
22755	1.0	0.0
22756	1.0	0.0
22757	1.0	0.0
22758	1.0	0.0
22759	1.0	0.0
22760	0.9999999999999634	3.6619956346048434e-14
22761	0.999999999999973	2.6970860191800098e-14
22762	1.0	0.0
22763	1.0	0.0
22764	1.0	0.0
22765	1.0	0.0
22766	1.0	0.0
22767	1.0	3.9469003642744e-18
22768	1.0	0.0
22769	0.999999995957158	4.042841966866534e-09
22771	0.999999995957158	4.042841966866534e-09
22772	1.0	0.0
22773	1.0	0.0
22774	1.0	0.0
22775	1.0	0.0
22776	1.0	0.0
22777	0.999997071853452	2.928146547970936e-06
22778	1.0	0.0
22779	1.0	0.0
22780	1.0	0.0
22781	1.0	0.0
22782	1.0	0.0
22783	1.0	0.0
22784	1.0	0.0
22785	1.0	0.0
22786	1.0	0.0
22787	1.0	1.287849342923812e-33
22788	1.0	2.1863688876557015e-24
22789	1.0	1.0348426706738076e-20
22790	1.0	0.0
22791	1.0	0.0
22792	1.0	1.0479754672531323e-38
22793	1.0	8.132112913409118e-42
22794	1.0	5.360532865642982e-42
22795	1.0	0.0
22796	1.0	0.0
22797	1.0	4.0045830164815236e-25
22798	1.0	1.0806198662892894e-24
22799	1.0	0.0
22801	1.0	0.0
22802	0.04597042807071239	0.9540295719292876
22803	1.0	0.0
22804	1.0	0.0
22805	1.0	8.261272305992776e-26
22806	1.0	3.044637627483344e-41
22807	1.0	0.0
22808	1.0	0.0
22809	0.9999999999999999	6.787967116492269e-17
22810	1.0	0.0
22811	1.0	0.0
22812	1.0	0.0
22813	1.0	0.0
22814	1.0	0.0
22815	1.0	0.0
22816	1.0	0.0
22817	1.0	2.9092590282272835e-20
22818	0.9998869671225139	0.0001130328774860887
22819	1.0	0.0
22820	1.0	0.0
22821	1.0	0.0
22822	1.0	3.021580953961812e-17
22823	1.0	4.714820566713856e-39
22824	1.0	1.0711741331258633e-37
22825	1.0	0.0
22826	1.0	0.0
22827	0.9999999999999999	7.463805506631824e-17
22828	0.999999999999994	5.954761253249815e-15
22829	0.9999999999988286	1.171412683097601e-12
22831	0.9999998848989126	1.1510108740702917e-07
22832	1.0	0.0
22833	0.9999999999988848	1.1152100070517273e-12
22834	1.0	0.0
22835	0.9999999999999316	6.839384106699284e-14
22836	1.0	1.0118999827373343e-33
22837	1.0	3.6163623040057225e-33
22838	1.0	9.620817425369278e-19
22839	0.9999999999994108	5.891468375549379e-13
22840	1.0	3.154591834817575e-25
22841	0.9999999990775863	9.224137513169777e-10
22842	1.0	0.0
22843	0.9999999999967925	3.2075351341073416e-12
22844	1.0	0.0
22845	1.0	0.0
22846	1.0	0.0
22847	1.0	0.0
22848	1.0	0.0
22849	1.0	1.588820697343983e-28
22850	0.9999999999999397	6.024311248382955e-14
22851	1.0	0.0
22852	1.0	0.0
22853	0.9177868228024004	0.08221317719759959
22854	0.9721088999642421	0.027891100035757923
22855	0.999999999953461	4.653900601381112e-11
22856	1.0	1.994287779718661e-37
22857	1.0	0.0
22858	0.9999999688589754	3.1141024690995934e-08
22859	0.9999598182629419	4.018173705813124e-05
22861	1.0	0.0
22862	1.0	0.0
22863	1.0	0.0
22864	0.9998700181532649	0.00012998184673502518
22865	0.9999999994127728	5.872272027019351e-10
22866	1.0	0.0
22867	0.9566691146945475	0.04333088530545244
22868	1.0	0.0
22869	1.0	0.0
22870	1.0	7.153610246206129e-24
22871	0.8346999268362889	0.1653000731637111
22872	1.0	0.0
22873	1.0	3.0378430775624488e-24
22874	1.0	0.0
22875	1.0	4.584277048355177e-30
22876	1.0	0.0
22877	0.9999337966859483	6.620331405173955e-05
22878	1.0	0.0
22879	1.0	9.802714511512045e-26
22880	1.0	0.0
22881	1.0	2.5149524973814677e-20
22882	1.0	0.0
22883	1.0	0.0
22884	1.0	0.0
22885	1.0	0.0
22886	1.0	4.103379882105524e-31
22887	1.0	0.0
22888	1.0	0.0
22889	0.998856373752831	0.0011436262471690639
22891	1.0	0.0
22892	1.0	0.0
22893	1.0	0.0
22894	1.0	0.0
22895	1.0	0.0
22896	0.998856373752831	0.0011436262471690639
22897	1.0	0.0
22898	0.9999999959118087	4.088191355781976e-09
22899	1.0	1.5631668062714246e-20
22900	0.999843283362493	0.00015671663750709735
22901	1.0	2.2562414412927608e-41
22902	1.0	0.0
22903	1.0	0.0
22904	1.0	1.4589610661278986e-32
22905	0.9999999999998522	1.4772922350549746e-13
22906	1.0	0.0
22907	1.0	0.0
22908	1.0	0.0
22909	1.0	1.4589610661278986e-32
22910	0.9999999999998522	1.4772922350549746e-13
22911	1.0	1.4252851562545557e-21
22912	0.9999999998048666	1.9513337682966206e-10
22913	1.0	0.0
22914	1.0	0.0
22915	0.9999999975119189	2.4880810468052364e-09
22916	1.0	0.0
22917	1.0	5.295410633340131e-42
22918	1.0	5.295410633340131e-42
22919	1.0	2.217901614531762e-19
22921	1.0	0.0
22922	1.0	0.0
22923	1.0	0.0
22924	1.0	0.0
22925	1.0	0.0
22926	0.9999999999990064	9.936422748125233e-13
22927	0.02726905728452056	0.9727309427154794
22928	1.0	0.0
22929	1.0	0.0
22930	1.0	0.0
22931	1.0	0.0
22932	0.9999999999989841	1.015873871232341e-12
22933	0.9999999999999999	1.3742323072613442e-16
22934	0.9999968389575055	3.161042494547764e-06
22935	1.0	0.0
22936	1.0	0.0
22937	0.9999999996102522	3.897477353095125e-10
22938	1.0	0.0
22939	1.0	0.0
22940	1.0	7.930829896754254e-34
22941	1.0	5.143243290031483e-22
22942	1.0	5.143243290031483e-22
22943	0.9999999999895796	1.042049631254958e-11
22944	0.9999999998895078	1.1049211581659226e-10
22945	1.0	0.0
22946	1.0	0.0
22947	1.0	0.0
22948	1.0	0.0
22949	1.0	0.0
22951	1.0	1.2668527186577705e-41
22952	1.0	4.862943102711819e-34
22953	0.9999999994170045	5.829955077613783e-10
22954	0.9579717753436048	0.04202822465639527
22955	0.9579717753436048	0.04202822465639527
22956	0.9970146026459393	0.0029853973540606973
22957	0.9999999999999987	1.3428619748770573e-15
22958	1.0	0.0
22959	0.9999896980385722	1.0301961427845099e-05
22960	1.0	1.1105890474700189e-33
22961	0.9999197120955903	8.028790440976664e-05
22962	0.999999999943953	5.604695205820806e-11
22963	0.9982911837686357	0.001708816231364364
22964	0.999999999943953	5.604695205820806e-11
22965	1.0	0.0
22966	0.9999731092684594	2.6890731540657672e-05
22967	1.0	1.1250147239857682e-23
22968	0.9997593781706864	0.00024062182931366247
22969	1.0	1.0936786887599846e-34
22970	1.0	0.0
22971	1.0	0.0
22972	1.0	0.0
22973	0.9193996231382129	0.08060037686178717
22974	0.1078062900192499	0.8921937099807501
22975	1.0	0.0
22976	1.0	0.0
22977	1.0	0.0
22978	1.0	8.083021084749835e-42
22979	1.0	0.0
22981	1.0	2.9321448558314613e-34
22982	1.0	0.0
22983	1.0	0.0
22984	1.0	0.0
22985	1.0	3.5951549830625437e-22
22986	1.0	0.0
22987	1.0	0.0
22988	1.0	2.9321448558314613e-34
22989	1.0	0.0
22990	1.0	0.0
22991	1.0	0.0
22992	1.0	0.0
22993	1.0	0.0
22994	0.9999995117359964	4.882640035844452e-07
22995	1.0	0.0
22996	1.0	0.0
22997	1.0	0.0
22998	0.9999999999492003	5.079972458772123e-11
22999	0.9999999999997925	2.0747693915717797e-13
23000	0.9999999999998714	1.2860787449533443e-13
23001	1.0	0.0
23002	1.0	0.0
23003	1.0	2.008048874080792e-43
23004	1.0	3.731207765134654e-28
23005	0.9999999999999999	9.978629981656625e-17
23006	1.0	0.0
23007	1.0	0.0
23008	1.0	3.930038026144289e-17
23009	0.9999999988193666	1.1806333399186278e-09
23011	1.0	0.0
23012	1.0	1.5819936905161566e-17
23013	1.0	1.340206305763236e-35
23014	1.0	2.3747343052579443e-29
23015	1.0	0.0
23016	1.0	0.0
23017	1.0	0.0
23018	0.9999999999141356	8.5864457800906e-11
23019	0.9999999999999746	2.5417766568301535e-14
23020	1.0	0.0
23021	1.0	0.0
23022	1.0	3.1590796151758475e-30
23023	1.0	4.5772143538446684e-34
23024	1.0	1.9503779691066203e-36
23025	0.9999999994898723	5.10127709498008e-10
23026	0.9999999897207439	1.027925613501258e-08
23027	1.0	0.0
23028	0.9999999999999999	8.131540153304531e-17
23029	1.0	1.757848227585441e-33
23030	1.0	0.0
23031	1.0	0.0
23032	1.0	0.0
23033	0.9999972052779691	2.7947220309546084e-06
23034	1.0	3.107804043716151e-18
23035	1.0	0.0
23036	1.0	3.90332768954615e-17
23037	1.0	0.0
23038	1.0	0.0
23039	0.9999997189118639	2.810881360763201e-07
23041	1.0	0.0
23042	1.0	0.0
23043	0.9999999999999999	1.3665514634500015e-16
23044	1.0	0.0
23045	1.0	0.0
23046	1.0	7.843576574323008e-22
23047	1.0	0.0
23048	1.0	0.0
23049	1.0	0.0
23050	1.0	0.0
23051	1.0	0.0
23052	0.9999999999999998	2.1199210554622022e-16
23053	1.0	0.0
23054	1.0	0.0
23055	1.0	0.0
23056	1.0	0.0
23057	1.0	0.0
23058	1.0	0.0
23059	1.0	0.0
23060	1.0	0.0
23061	1.0	0.0
23062	1.0	0.0
23063	1.0	0.0
23064	1.0	0.0
23065	1.0	0.0
23066	1.0	0.0
23067	1.0	1.0905791963389718e-40
23068	1.0	0.0
23069	1.0	0.0
23071	1.0	0.0
23072	1.0	0.0
23073	1.0	4.4312965168447e-20
23074	1.0	2.0395203532451016e-23
23075	1.0	2.0395203532451016e-23
23076	1.0	0.0
23077	1.0	0.0
23078	1.0	0.0
23079	1.0	2.853915297063487e-22
23080	1.0	0.0
23081	1.0	0.0
23082	0.9999999998662742	1.3372583264460633e-10
23083	1.0	0.0
23084	1.0	0.0
23085	1.0	3.5981692627467583e-19
23086	1.0	0.0
23087	0.08923856443406242	0.9107614355659376
23088	0.9999999987605696	1.2394304349969488e-09
23089	1.0	0.0
23090	1.0	0.0
23091	1.0	0.0
23092	0.9999999999800944	1.9905683057300683e-11
23093	0.9999999999893282	1.0671752345110654e-11
23094	1.0	0.0
23095	1.0	0.0
23096	1.0	0.0
23097	1.0	3.669464187155229e-32
23098	1.0	0.0
23099	0.9999999966144236	3.3855763510056228e-09
23101	0.9999999966144236	3.3855763510056228e-09
23102	1.0	0.0
23103	1.0	0.0
23104	0.9750518422274791	0.024948157772520917
23105	1.0	0.0
23106	0.9999999939032417	6.096758317989056e-09
23107	0.9999999999908668	9.133210222984491e-12
23108	1.0	2.850871522234744e-22
23109	1.0	0.0
23110	1.0	3.7318880820274894e-37
23111	0.9999999970341188	2.9658811928760324e-09
23112	1.0	3.7318880820274894e-37
23113	1.0	0.0
23114	1.0	3.8304785566247434e-22
23115	1.0	4.617528358963093e-39
23116	1.0	2.243473554416541e-31
23117	1.0	0.0
23118	1.0	0.0
23119	1.0	0.0
23120	0.9999999999999515	4.8494501249774025e-14
23121	0.999999999999991	8.985463568713616e-15
23122	1.0	2.9739375766923576e-36
23123	1.0	2.9739375766923576e-36
23124	1.0	1.048733732038414e-34
23125	0.9999999999999963	3.65147856874623e-15
23126	1.0	3.392580431542527e-25
23127	0.9999999999696118	3.038827516779404e-11
23128	1.0	0.0
23129	0.9999999999999931	6.828273229509939e-15
23131	0.9999999999999931	6.828273229509939e-15
23132	1.0	0.0
23133	0.9999999999999988	1.2421599302921995e-15
23134	1.0	0.0
23135	1.0	1.6083543872872703e-19
23136	1.0	0.0
23137	1.0	0.0
23138	1.0	0.0
23139	1.0	0.0
23140	1.0	2.272613301653331e-42
23141	1.0	2.8633306509657508e-28
23142	1.0	0.0
23143	1.0	0.0
23144	1.0	0.0
23145	1.0	0.0
23146	1.0	0.0
23147	1.0	0.0
23148	1.0	8.851662333360668e-37
23149	1.0	0.0
23150	1.0	0.0
23151	0.999999999999994	6.046709432270226e-15
23152	1.0	0.0
23153	0.9999999949073571	5.092642825383316e-09
23154	1.0	0.0
23155	1.0	0.0
23156	1.0	0.0
23157	1.0	0.0
23158	0.9999997332731126	2.667268873185943e-07
23159	1.0	0.0
23161	0.9999999926763404	7.32365958629245e-09
23162	1.0	6.518745616742625e-27
23163	1.0	2.2278112421274952e-29
23164	1.0	2.9982228062854076e-20
23165	1.0	0.0
23166	0.9999764279763081	2.3572023691798927e-05
23167	1.0	0.0
23168	1.0	0.0
23169	1.0	0.0
23170	1.0	0.0
23171	1.0	0.0
23172	1.0	1.1977699232793128e-32
23173	1.0	0.0
23174	1.0	0.0
23175	1.0	2.8463002250081058e-33
23176	1.0	1.344712281797997e-18
23177	1.0	1.4712062102084997e-35
23178	1.0	4.913710858035678e-19
23179	0.9999999999999999	1.0382710750140993e-16
23180	1.0	0.0
23181	1.0	1.065705857724276e-22
23182	1.0	0.0
23183	1.0	4.4988328669248806e-17
23184	1.0	0.0
23185	1.0	0.0
23186	1.0	0.0
23187	0.9999999997303244	2.6967563405032225e-10
23188	1.0	2.842528094009561e-17
23189	1.0	0.0
23191	1.0	1.3192426249570343e-18
23192	1.0	0.0
23193	1.0	0.0
23194	1.0	0.0
23195	1.0	0.0
23196	1.0	2.0923094528840978e-19
23197	1.0	0.0
23198	1.0	0.0
23199	0.9999982855909045	1.7144090954312932e-06
23200	1.0	0.0
23201	1.0	5.827427162411992e-23
23202	1.0	5.827427162411992e-23
23203	1.0	0.0
23204	1.0	0.0
23205	0.999985547520505	1.4452479495097456e-05
23206	1.0	0.0
23207	1.0	7.023870270120216e-24
23208	0.9999999999681001	3.1899908122130225e-11
23209	1.0	0.0
23210	0.9999999996981396	3.0186044509229397e-10
23211	1.0	0.0
23212	1.0	0.0
23213	1.0	0.0
23214	1.0	5.710039895525615e-38
23215	1.0	0.0
23216	1.0	0.0
23217	1.0	0.0
23218	1.0	6.587314745494871e-19
23219	1.0	0.0
23221	1.0	0.0
23222	1.0	3.0440113762916866e-27
23223	1.0	0.0
23224	1.0	0.0
23225	0.9999779828368227	2.2017163177291526e-05
23226	1.0	0.0
23227	0.9937992902616833	0.006200709738316653
23228	1.0	0.0
23229	1.0	0.0
23230	1.0	0.0
23231	1.0	0.0
23232	1.0	0.0
23233	1.0	0.0
23234	1.0	0.0
23235	0.9999999999999822	1.7745185005718827e-14
23236	1.0	0.0
23237	1.0	0.0
23238	1.0	0.0
23239	1.0	3.0283589953199705e-42
23240	0.9999865893769415	1.3410623058537825e-05
23241	1.0	0.0
23242	1.0	0.0
23243	1.0	0.0
23244	1.0	8.137517645847715e-42
23245	1.0	0.0
23246	1.0	8.137517645847715e-42
23247	1.0	0.0
23248	0.9999999999999993	6.566738845163048e-16
23249	1.0	0.0
23251	1.0	0.0
23252	1.0	0.0
23253	1.0	0.0
23254	1.0	0.0
23255	1.0	0.0
23256	1.0	5.3954917831615445e-36
23257	1.0	0.0
23258	1.0	1.215238633358551e-17
23259	1.0	0.0
23260	1.0	2.783110760529975e-39
23261	1.0	0.0
23262	1.0	0.0
23263	1.0	0.0
23264	1.0	3.5503256315294653e-22
23265	0.9999999972964928	2.703507203624227e-09
23266	1.0	0.0
23267	1.0	0.0
23268	1.0	5.485922791268878e-35
23269	1.0	0.0
23270	1.0	8.739757178324189e-42
23271	1.0	3.2018069050806196e-43
23272	1.0	0.0
23273	0.9999992092356087	7.907643912707774e-07
23274	1.0	0.0
23275	0.9999986284310678	1.3715689321794317e-06
23276	1.0	0.0
23277	1.0	0.0
23278	1.0	0.0
23279	0.9999986284310678	1.3715689321794317e-06
23281	1.0	0.0
23282	1.0	1.277592041161742e-30
23283	1.0	0.0
23284	1.0	1.1181128103335209e-17
23285	1.0	0.0
23286	1.0	0.0
23287	0.9999924460878657	7.553912134291413e-06
23288	1.0	0.0
23289	1.0	0.0
23290	1.0	0.0
23291	1.0	0.0
23292	1.0	3.382027999147116e-28
23293	0.9999999999286061	7.139391733557817e-11
23294	1.0	7.461311279904488e-23
23295	1.0	2.965823701543623e-29
23296	1.0	0.0
23297	1.0	3.737453145957708e-41
23298	1.0	3.728544916356435e-21
23299	1.0	0.0
23300	1.0	0.0
23301	1.0	0.0
23302	1.0	0.0
23303	1.0	0.0
23304	1.0	5.7645917332618645e-18
23305	1.0	0.0
23306	0.9997252605839871	0.00027473941601289934
23307	0.9999999999763736	2.3626489305219687e-11
23308	1.0	0.0
23309	1.0	0.0
23311	1.0	0.0
23312	1.0	5.440050234556095e-29
23313	1.0	1.203054519731145e-25
23314	1.0	0.0
23315	1.0	1.9957009545751735e-33
23316	1.0	1.3111792564492166e-22
23317	1.0	0.0
23318	1.0	3.47339870737864e-18
23319	1.0	0.0
23320	1.0	0.0
23321	1.0	0.0
23322	1.0	0.0
23323	1.0	0.0
23324	1.0	0.0
23325	1.0	0.0
23326	1.0	0.0
23327	1.0	0.0
23328	0.9999999999999941	5.925250637536754e-15
23329	1.0	0.0
23330	0.9999998832341076	1.1676589238946594e-07
23331	0.9977953913899934	0.0022046086100066496
23332	0.9999999958038465	4.1961535447383986e-09
23333	1.0	2.2440088350250717e-18
23334	1.0	2.1202071865120303e-38
23335	1.0	2.767523321104553e-27
23336	1.0	4.754042795672752e-21
23337	1.0	0.0
23338	0.9999999730798496	2.6920150474910787e-08
23339	1.0	2.767523321104553e-27
23341	1.0	0.0
23342	1.0	0.0
23343	1.0	0.0
23344	1.0	0.0
23345	1.0	0.0
23346	1.0	5.24173277080007e-19
23347	1.0	1.42888611697815e-23
23348	1.0	0.0
23349	0.999999999999996	3.948127740700063e-15
23350	0.9999999999994882	5.118433063796325e-13
23351	1.0	2.0765798269214785e-34
23352	1.0	0.0
23353	1.0	0.0
23354	1.0	0.0
23355	1.0	0.0
23356	1.0	0.0
23357	0.9999514784432861	4.852155671389806e-05
23358	1.0	0.0
23359	1.0	0.0
23360	0.9999999999854918	1.4508212436013911e-11
23361	1.0	5.0383506145318225e-18
23362	0.999999998409576	1.5904240236534525e-09
23363	0.999999998409576	1.5904240236534525e-09
23364	1.0	0.0
23365	1.0	0.0
23366	1.0	0.0
23367	0.9999987426295737	1.2573704263247818e-06
23368	1.0	0.0
23369	0.9999999999991763	8.236528275692338e-13
23371	1.0	0.0
23372	1.0	0.0
23373	1.0	0.0
23374	1.0	1.0582628035395807e-27
23375	1.0	1.0582628035395807e-27
23376	1.0	0.0
23377	1.0	0.0
23378	1.0	1.4349727806297547e-40
23379	1.0	0.0
23380	1.0	0.0
23381	0.9999999999998459	1.541250264740306e-13
23382	1.0	0.0
23383	0.9999995127942157	4.872057843271228e-07
23384	0.9999999999991646	8.354365464347361e-13
23385	1.0	0.0
23386	0.9924229092039087	0.007577090796091223
23387	1.0	0.0
23388	1.0	0.0
23389	0.9999999999935713	6.428711220499228e-12
23390	1.0	0.0
23391	1.0	0.0
23392	0.999999589239781	4.10760218993668e-07
23393	1.0	2.6401548126449083e-21
23394	1.0	3.4137627973550964e-23
23395	1.0	2.5956285957122607e-34
23396	1.0	0.0
23397	0.9999826513613168	1.7348638683229585e-05
23398	1.0	0.0
23399	1.0	0.0
23401	1.0	4.503191713802012e-17
23402	0.9999999999999976	2.399840315282644e-15
23403	1.0	0.0
23404	1.0	0.0
23405	1.0	0.0
23406	1.0	5.870983578277137e-22
23407	1.0	0.0
23408	1.0	0.0
23409	1.0	0.0
23410	1.0	0.0
23411	1.0	0.0
23412	1.0	0.0
23413	0.9999999999999923	7.711017803576868e-15
23414	1.0	0.0
23415	1.0	0.0
23416	0.9999999987170759	1.2829240455706364e-09
23417	1.0	0.0
23418	0.9999999911970834	8.802916607915676e-09
23419	0.9999999998964042	1.0359582577002693e-10
23420	1.0	0.0
23421	1.0	0.0
23422	1.0	2.722926859866203e-28
23423	1.0	3.7757917944477196e-37
23424	1.0	0.0
23425	0.9999958375982361	4.162401763891196e-06
23426	1.0	0.0
23427	1.0	0.0
23428	1.0	0.0
23429	1.0	0.0
23431	1.0	0.0
23432	1.0	0.0
23433	1.0	0.0
23434	1.0	1.4441926766141145e-26
23435	1.0	1.1412008557657838e-20
23436	0.99999960847874	3.915212599990645e-07
23437	0.99999960847874	3.915212599990645e-07
23438	1.0	1.1362842779026494e-22
23439	1.0	0.0
23440	1.0	0.0
23441	0.9999994679929283	5.320070717208698e-07
23442	1.0	0.0
23443	1.0	0.0
23444	1.0	0.0
23445	1.0	0.0
23446	0.9999999999243995	7.560057509001892e-11
23447	0.9999982980823914	1.701917608652696e-06
23448	1.0	0.0
23449	1.0	0.0
23450	0.9999999999878089	1.2191157833564999e-11
23451	1.0	2.360719373609493e-24
23452	1.0	0.0
23453	1.0	7.014350776895675e-21
23454	0.9999999999878089	1.2191157833564999e-11
23455	1.0	0.0
23456	0.9999999999713316	2.86683741408462e-11
23457	1.0	0.0
23458	1.0	0.0
23459	1.0	0.0
23461	1.0	0.0
23462	0.9999999880241905	1.1975809428226668e-08
23463	1.0	0.0
23464	1.0	1.1558006124050643e-26
23465	1.0	0.0
23466	1.0	0.0
23467	1.0	0.0
23468	1.0	0.0
23469	1.0	0.0
23470	0.9999999999638796	3.6120436560958924e-11
23471	1.0	0.0
23472	1.0	3.0575839796869396e-27
23473	0.9999999999412625	5.873744266936938e-11
23474	1.0	1.6392797774564214e-21
23475	1.0	0.0
23476	1.0	8.959212876146307e-19
23477	0.6464732564332211	0.35352674356677893
23478	1.0	1.4417706970503765e-34
23479	1.0	3.816481874849516e-19
23480	1.0	1.0838824935856924e-18
23481	1.0	0.0
23482	1.0	0.0
23483	1.0	0.0
23484	0.9999981495765866	1.8504234133716971e-06
23485	1.0	0.0
23486	1.0	0.0
23487	1.0	0.0
23488	1.0	0.0
23489	1.0	0.0
23491	0.8910977476973833	0.10890225230261677
23492	1.0	0.0
23493	0.9999998926083541	1.0739164589449129e-07
23494	1.0	0.0
23495	1.0	0.0
23496	1.0	0.0
23497	1.0	0.0
23498	1.0	0.0
23499	1.0	0.0
23500	1.0	0.0
23501	0.9999999998796041	1.203959196639434e-10
23502	1.0	0.0
23503	0.9999690083002623	3.099169973775711e-05
23504	1.0	0.0
23505	0.9999999272556386	7.274436141995497e-08
23506	1.0	0.0
23507	1.0	0.0
23508	1.0	0.0
23509	1.0	0.0
23510	1.0	0.0
23511	1.0	1.8034642297833933e-37
23512	1.0	2.593603341515075e-41
23513	1.0	3.954339050082229e-30
23514	0.9996601669398121	0.00033983306018788706
23515	0.9999993606527293	6.393472706277718e-07
23516	1.0	0.0
23517	1.0	0.0
23518	1.0	0.0
23519	1.0	0.0
23521	1.0	2.4716594758846463e-20
23522	0.9999999999992695	7.304831795169628e-13
23523	0.9999999958454018	4.1545982028300925e-09
23524	1.0	9.332800441789144e-24
23525	1.0	6.249428300149948e-25
23526	1.0	2.6859894417331212e-24
23527	1.0	7.992075309134335e-24
23528	1.0	5.3516521568588135e-25
23529	1.0	1.4042422346412779e-24
23530	1.0	2.7978576039823727e-25
23531	1.0	6.76087330420012e-24
23532	1.0	2.838473206931247e-23
23533	1.0	1.900697962980215e-24
23534	1.0	1.3470582437329823e-24
23535	1.0	4.5426754520626993e-26
23536	0.7202397121621305	0.2797602878378695
23537	1.0	8.84481778351676e-23
23538	1.0	0.0
23539	0.9999999999999989	1.1612403709806772e-15
23540	1.0	1.9561777685308005e-21
23541	1.0	5.110465969420853e-29
23542	1.0	0.0
23543	1.0	0.0
23544	1.0	0.0
23545	1.0	0.0
23546	1.0	0.0
23547	1.0	0.0
23548	1.0	6.660752918835907e-35
23549	1.0	0.0
23551	1.0	0.0
23552	1.0	0.0
23553	1.0	7.679171453578952e-21
23554	0.9999999999998641	1.3592041924161666e-13
23555	1.0	0.0
23556	1.0	1.9777239975554955e-26
23557	1.0	3.1523972574733076e-27
23558	1.0	2.6238399105249838e-24
23559	1.0	1.3292462605865085e-21
23560	1.0	1.1879704815903465e-26
23561	1.0	3.99255017904422e-27
23562	1.0	0.0
23563	0.9999999994107566	5.892434719735271e-10
23564	0.9980757645873701	0.001924235412629911
23565	0.9999046733101213	9.532668987871049e-05
23566	0.998733720540967	0.0012662794590330602
23567	1.0	0.0
23568	1.0	1.8567717704260694e-24
23569	0.9868186145717145	0.013181385428285513
23570	1.0	2.5249314998740946e-22
23571	1.0	4.5946748670364414e-24
23572	1.0	1.406080683473877e-24
23573	1.0	7.726895834432784e-23
23574	1.0	9.64709151058541e-28
23575	1.0	0.0
23576	1.0	0.0
23577	1.0	0.0
23578	1.0	9.936446985068963e-44
23579	1.0	0.0
23581	1.0	1.1731287073406606e-17
23582	1.0	0.0
23583	1.0	0.0
23584	0.9999999999999997	2.870882130392409e-16
23585	1.0	0.0
23586	1.0	0.0
23587	1.0	0.0
23588	0.9999999999713475	2.8652493530296027e-11
23589	0.9406161663314364	0.059383833668563576
23590	1.0	0.0
23591	1.0	0.0
23592	1.0	0.0
23593	1.0	0.0
23594	1.0	0.0
23595	1.0	6.913100318333325e-24
23596	1.0	2.323365802554786e-24
23597	1.0	0.0
23598	1.0	0.0
23599	1.0	4.0465883856231436e-18
23600	0.9965409827369532	0.0034590172630467753
23601	1.0	2.665604020735758e-26
23602	1.0	6.106183422895511e-21
23603	0.9999999999993388	6.612950535895942e-13
23604	1.0	0.0
23605	1.0	7.20993456964929e-19
23606	1.0	0.0
23607	1.0	8.403632485599691e-27
23608	0.9999999999999788	2.1197132439847648e-14
23609	1.0	2.5204770251745705e-19
23611	1.0	7.120122334917185e-25
23612	1.0	1.1677460902037708e-23
23613	1.0	1.06330815686474e-23
23614	1.0	3.5735830459248685e-24
23615	1.0	9.370090452859838e-26
23616	1.0	1.9732577623103748e-19
23617	1.0	0.0
23618	0.9999999999999752	2.479745828782123e-14
23619	1.0	0.0
23620	1.0	3.454377778980052e-23
23621	1.0	1.0571224317287844e-23
23622	1.0	1.3355005124892946e-23
23623	0.9999999998935319	1.0646803508761958e-10
23624	1.0	0.0
23625	0.9999857820977038	1.4217902296159444e-05
23626	1.0	0.0
23627	1.0	3.3839865709693285e-23
23628	1.0	1.77674858499917e-24
23629	1.0	3.6868384233256336e-24
23630	1.0	1.8936529017823184e-23
23631	1.0	5.634503384585077e-23
23632	1.0	3.424544611380572e-21
23633	0.9999999999952287	4.771246200334738e-12
23634	1.0	0.0
23635	1.0	0.0
23636	1.0	0.0
23637	0.9999999999960397	3.9602529961390294e-12
23638	1.0	0.0
23639	0.9999999999999976	2.390871852171198e-15
23641	1.0	8.41042867271195e-27
23642	1.0	0.0
23643	1.0	0.0
23644	1.0	0.0
23645	0.9999999999726656	2.7334337391982708e-11
23646	0.9999999999880474	1.1952497138999878e-11
23647	1.0	1.8624258437369516e-24
23648	1.0	0.0
23649	1.0	1.8939613729130583e-40
23650	1.0	0.0
23651	0.9999999991062337	8.937662660033733e-10
23652	1.0	0.0
23653	1.0	0.0
23654	0.9999999999768582	2.3141855748389312e-11
23655	0.9999999999971276	2.872339713482323e-12
23656	1.0	0.0
23657	1.0	0.0
23658	1.0	8.074864259678248e-19
23659	0.9999999992950798	7.049202537719604e-10
23660	1.0	0.0
23661	0.9999999999999998	1.828532208282045e-16
23662	1.0	7.266731601499171e-23
23663	1.0	2.341512966922876e-20
23664	0.9988109630227455	0.0011890369772544936
23665	1.0	0.0
23666	1.0	0.0
23667	0.9999999999966206	3.3793927247851844e-12
23668	0.9999999999999999	1.629575070828261e-16
23669	1.0	0.0
23671	0.9999999999968866	3.11343250452276e-12
23672	0.9999999999975969	2.4030665504453594e-12
23673	0.9999999809748998	1.9025100122209347e-08
23674	1.0	0.0
23675	0.9999932256761765	6.774323823497464e-06
23676	1.0	0.0
23677	1.0	1.0050712810946894e-17
23678	1.0	0.0
23679	1.0	0.0
23680	1.0	0.0
23681	1.0	2.950914642858052e-23
23682	0.9998240919593742	0.00017590804062580075
23683	0.9149033696921736	0.08509663030782641
23684	0.9998652096494074	0.00013479035059264777
23685	0.9875838420937255	0.012416157906274506
23686	0.975065972563839	0.024934027436161
23687	1.0	6.245822165467237e-34
23688	0.16975021347716346	0.8302497865228365
23689	1.0	5.013061517655997e-30
23690	1.0	0.0
23691	1.0	1.7089099755633406e-35
23692	0.9999882793656002	1.172063439983747e-05
23693	0.999999972512273	2.7487726995452283e-08
23694	0.9632930437454341	0.03670695625456584
23695	1.0	0.0
23696	0.9995295366586009	0.00047046334139909363
23697	0.9873660180102012	0.012633981989798771
23698	0.954763797622952	0.045236202377048
23699	0.015079408490311197	0.9849205915096888
23701	1.0	0.0
23702	1.0	0.0
23703	0.06957800643177892	0.9304219935682211
23704	0.32711280533439546	0.6728871946656045
23705	0.9977264137118135	0.002273586288186524
23706	0.9659899973229793	0.03401000267702069
23707	0.08434688372950361	0.9156531162704964
23708	0.002643791844112564	0.9973562081558874
23709	0.9764863406856761	0.02351365931432388
23710	0.9999999806189088	1.9381091140606138e-08
23711	0.0002476735347817227	0.9997523264652183
23712	1.0	5.3623299487749815e-20
23713	1.0	0.0
23714	1.0	3.0835458414155785e-17
23715	1.0	0.0
23716	0.3287053294068065	0.6712946705931935
23717	0.9999975627901596	2.4372098403442505e-06
23718	0.5277580698415523	0.4722419301584477
23719	0.3845784720237768	0.6154215279762232
23720	1.0	8.170988302034505e-18
23721	1.0	6.637668102925214e-18
23722	1.0	3.661914405864762e-18
23723	1.0	0.0
23724	1.0	0.0
23725	0.999776907775269	0.00022309222473100338
23726	1.0	0.0
23727	0.999999995535828	4.4641719808344276e-09
23728	1.0	2.0530288764730818e-22
23729	0.9999999999998386	1.613983329782183e-13
23731	1.0	0.0
23732	1.0	1.612359251574169e-22
23733	0.5027231750318861	0.49727682496811393
23734	0.9999999999974961	2.5039104490954895e-12
23735	1.0	0.0
23736	1.0	0.0
23737	1.0	2.5312393855595837e-23
23738	1.0	2.5661992678679346e-31
23739	0.9999999999999998	2.6823252504981756e-16
23740	1.0	5.785169246485451e-44
23741	0.999999999999978	2.195343022090512e-14
23742	1.0	0.0
23743	1.0	0.0
23744	0.9999999891778079	1.0822192111402833e-08
23745	1.0	0.0
23746	0.9997265042786712	0.0002734957213287993
23747	1.0	0.0
23748	0.0	1.0
23749	1.0	0.0
23750	1.0	0.0
23751	1.0	1.1209993147782783e-38
23752	1.0	0.0
23753	1.0	0.0
23754	1.0	2.3042228396054405e-30
23755	0.0	1.0
23756	1.0	0.0
23757	1.0	0.0
23758	1.0	5.227699161639219e-21
23759	1.0	0.0
23761	0.9999999996296963	3.7030362619506663e-10
23762	1.0	0.0
23763	0.9999999936866859	6.313314114150587e-09
23764	1.0	0.0
23765	1.0	0.0
23766	1.0	1.9602691581999295e-27
23767	1.0	0.0
23768	1.0	0.0
23769	0.9999999999999981	1.88865890806206e-15
23770	1.0	1.433313642231281e-17
23771	0.999999976726955	2.3273045035194802e-08
23772	0.9999970479566196	2.9520433804386514e-06
23773	1.0	8.307056155341803e-43
23774	0.24570478446851707	0.7542952155314829
23775	1.0	0.0
23776	1.0	9.557102659124783e-20
23777	1.0	0.0
23778	0.4987405597376474	0.5012594402623526
23779	1.0	0.0
23780	1.0	1.6349538769505963e-17
23781	1.0	3.824805050525366e-18
23782	1.0	4.3939530041206276e-20
23783	1.0	3.362337208584965e-22
23784	1.0	2.224446724223061e-32
23785	1.0	1.0722432491541306e-38
23786	1.0	0.0
23787	1.0	0.0
23788	0.9999999951475064	4.852493616415541e-09
23789	1.0	1.0144366461386456e-21
23791	1.0	1.9851997994359876e-29
23792	0.9425855157526624	0.05741448424733761
23793	1.0	0.0
23794	1.0	3.4698406815523264e-17
23795	1.0	0.0
23796	0.9999999999968782	3.121832857426031e-12
23797	1.0	1.940441165058355e-18
23798	1.0	2.336435597138038e-26
23799	1.0	0.0
23800	1.0	0.0
23801	1.0	5.0439416178600826e-23
23802	1.0	1.2011578069112842e-24
23803	1.0	0.0
23804	0.9947591465582859	0.005240853441714093
23805	0.010119243797500621	0.9898807562024994
23806	1.0	0.0
23807	1.0	9.20227181837642e-21
23808	1.0	0.0
23809	1.0	0.0
23810	0.9999999601302413	3.9869758736715047e-08
23811	1.0	2.7119362099852277e-26
23812	1.0	1.2801390572924676e-27
23813	1.0	1.5622626054176488e-17
23814	0.9999999998165833	1.8341674556668996e-10
23815	0.9999999989211096	1.0788903761731484e-09
23816	1.0	0.0
23817	1.0	0.0
23818	1.0	5.761124892520284e-32
23819	0.9999999999998941	1.059166604595313e-13
23821	1.0	0.0
23822	1.0	0.0
23823	1.0	0.0
23824	1.0	2.134203608554404e-18
23825	1.0	0.0
23826	1.0	1.827025713708317e-24
23827	1.0	8.367219524990354e-19
23828	1.0	9.174611544917735e-35
23829	1.0	0.0
23830	1.0	0.0
23831	0.9998732901520943	0.00012670984790579651
23832	1.0	5.145360808572562e-24
23833	1.0	4.3705767266545e-27
23834	1.0	5.680274030621574e-37
23835	1.0	0.0
23836	1.0	2.342210480540186e-29
23837	1.0	0.0
23838	1.0	7.037369679341949e-18
23839	1.0	0.0
23840	0.9999999983796986	1.6203013964981676e-09
23841	1.0	2.8922790073624866e-32
23842	1.0	2.3190561496398777e-38
23843	0.9999999999899926	1.0007431188188473e-11
23844	1.0	0.0
23845	1.0	4.381043440143827e-31
23846	0.9999999999999959	4.114927959579125e-15
23847	1.0	5.65554422252364e-34
23848	0.9999999999999997	3.617935069329845e-16
23849	1.0	1.840133171889894e-26
23851	1.0	0.0
23852	1.0	0.0
23853	1.0	0.0
23854	0.9999999999976885	2.311472931006882e-12
23855	1.0	0.0
23856	1.0	0.0
23857	1.0	4.504457047389592e-42
23858	1.0	0.0
23859	1.0	2.374736911041774e-37
23860	1.0	0.0
23861	1.0	8.580757125538721e-35
23862	1.0	0.0
23863	1.0	0.0
23864	1.0	0.0
23865	1.0	0.0
23866	0.9999999999999999	9.725251066864666e-17
23867	0.9999985178326404	1.482167359610462e-06
23868	1.0	0.0
23869	1.0	0.0
23870	1.0	6.589052373657198e-38
23871	1.0	6.919571148157089e-32
23872	0.0	1.0
23873	0.9999984820156755	1.5179843244459171e-06
23874	1.0	0.0
23875	1.0	0.0
23876	1.0	0.0
23877	1.0	0.0
23878	1.0	1.2431960075803787e-18
23879	1.0	1.1928373984661276e-31
23881	1.0	9.356561733664311e-23
23882	1.0	2.3628411651875598e-23
23883	1.0	0.0
23884	1.0	0.0
23885	1.0	0.0
23886	1.0	0.0
23887	1.0	3.855855009222168e-27
23888	1.0	0.0
23889	1.0	0.0
23890	1.0	0.0
23891	1.0	3.5408276899901834e-18
23892	1.0	0.0
23893	0.9999999999997876	2.1242934316508696e-13
23894	1.0	0.0
23895	1.0	1.278792119242543e-33
23896	1.0	0.0
23897	1.0	0.0
23898	1.0	0.0
23899	0.9999963111471178	3.688852882210801e-06
23900	1.0	0.0
23901	0.9999963111471178	3.688852882210801e-06
23902	1.0	3.2516720600361817e-20
23903	1.0	4.970114723625607e-22
23904	1.0	4.970114723625607e-22
23905	1.0	0.0
23906	1.0	0.0
23907	1.0	0.0
23908	1.0	0.0
23909	1.0	0.0
23911	1.0	4.507345104121662e-17
23912	1.0	4.507345104121662e-17
23913	0.9999992324295429	7.675704571162704e-07
23914	0.9999992324295429	7.675704571162704e-07
23915	1.0	0.0
23916	1.0	6.762833812415196e-19
23917	1.0	0.0
23918	1.0	1.0708621942639743e-40
23919	1.0	2.272772442050459e-34
23920	1.0	0.0
23921	1.0	0.0
23922	1.0	2.1050625603684097e-26
23923	1.0	2.3143939060100738e-23
23924	1.0	2.3143939060100738e-23
23925	1.0	5.90296790436998e-20
23926	0.9999996684829685	3.315170315266352e-07
23927	1.0	2.616347164928967e-17
23928	0.9999995442186933	4.55781306739655e-07
23929	1.0	0.0
23930	1.0	0.0
23931	1.0	0.0
23932	1.0	0.0
23933	0.9999999999999998	2.6918554130171235e-16
23934	1.0	0.0
23935	0.9999999999999998	2.6918554130171235e-16
23936	1.0	0.0
23937	1.0	0.0
23938	1.0	0.0
23939	1.0	0.0
23941	1.0	0.0
23942	1.0	0.0
23943	1.0	0.0
23944	1.0	0.0
23945	1.0	0.0
23946	1.0	0.0
23947	1.0	0.0
23948	1.0	0.0
23949	1.0	0.0
23950	1.0	0.0
23951	1.0	0.0
23952	1.0	0.0
23953	1.0	0.0
23954	1.0	1.4638323513584744e-36
23955	1.0	2.086740494138651e-25
23956	1.0	0.0
23957	1.0	0.0
23958	1.0	0.0
23959	1.0	0.0
23960	1.0	0.0
23961	0.9999999999999988	1.1891029803026467e-15
23962	1.0	6.1449338862337494e-21
23963	0.9999999999999988	1.1891029803026467e-15
23964	1.0	6.1449338862337494e-21
23965	1.0	4.0370159616440774e-23
23966	1.0	4.0370159616440774e-23
23967	1.0	0.0
23968	1.0	0.0
23969	1.0	0.0
23971	1.0	0.0
23972	1.0	0.0
23973	1.0	0.0
23974	1.0	0.0
23975	0.999999999999902	9.801948832296041e-14
23976	0.999999999999902	9.801948832296041e-14
23977	1.0	0.0
23978	1.0	0.0
23979	1.0	4.9082356686768644e-39
23980	1.0	0.0
23981	1.0	8.308675367093947e-30
23982	1.0	0.0
23983	0.9999999999985605	1.439507099073933e-12
23984	1.0	0.0
23985	1.0	0.0
23986	0.9999999999980628	1.937243001088538e-12
23987	1.0	0.0
23988	1.0	1.7639653292610506e-21
23989	1.0	1.7639653292610506e-21
23990	1.0	0.0
23991	0.9999999999999379	6.204711220384438e-14
23992	0.9999999999999379	6.204711220384438e-14
23993	1.0	1.1795784777809701e-29
23994	1.0	1.4570858295017517e-22
23995	1.0	1.4570858295017517e-22
23996	1.0	2.789791045416591e-40
23997	1.0	0.0
23998	1.0	2.789791045416591e-40
23999	1.0	0.0
24001	1.0	5.353723083333464e-19
24002	1.0	6.216699105320582e-41
24003	0.9999999999999982	1.808790671436449e-15
24004	1.0	1.036844952987137e-43
24005	1.0	1.036844952987137e-43
24006	1.0	0.0
24007	0.9999999645365766	3.5463423435969734e-08
24008	0.9999999645365766	3.5463423435969734e-08
24009	1.0	0.0
24010	1.0	0.0
24011	1.0	3.961122753208461e-31
24012	1.0	3.961122753208461e-31
24013	1.0	4.0303281553954824e-32
24014	1.0	1.641490259354132e-26
24015	1.0	1.641490259354132e-26
24016	1.0	0.0
24017	0.9999999999999958	4.175507271518422e-15
24018	1.0	0.0
24019	0.9999999999999958	4.175507271518422e-15
24020	1.0	3.394080931784218e-23
24021	1.0	3.394080931784218e-23
24022	1.0	0.0
24023	1.0	0.0
24024	1.0	0.0
24025	1.0	0.0
24026	1.0	0.0
24027	1.0	0.0
24028	1.0	5.915627897101524e-39
24029	1.0	5.915627897101524e-39
24031	0.9999999999999998	2.583577798011179e-16
24032	1.0	1.2111204913116349e-29
24033	1.0	1.2111204913116349e-29
24034	1.0	0.0
24035	1.0	1.855565475291983e-34
24036	1.0	9.930008792095318e-43
24037	0.9999999999999379	6.204711220384438e-14
24038	1.0	2.8658837774386814e-28
24039	1.0	0.0
24040	1.0	8.169270844005478e-33
24041	4.440892098500626e-15	0.9999999999999956
24042	5.706546346573305e-14	0.9999999999999429
24043	1.0680976338939274e-06	0.9999989319023661
24044	0.018037881929731325	0.9819621180702687
24045	0.0	1.0
24046	0.0	1.0
24047	0.0	1.0
24048	0.0	1.0
24049	0.0	1.0
24050	0.0	1.0
24051	0.0	1.0
24052	0.0	1.0
24053	0.0	1.0
24054	0.0	1.0
24055	0.0	1.0
24056	0.0	1.0
24057	0.0	1.0
24058	0.0	1.0
24059	2.1951941331366243e-07	0.9999997804805867
24061	0.0	1.0
24062	3.0822899788063296e-11	0.9999999999691771
24063	0.0	1.0
24064	0.0	1.0
24065	0.0	1.0
24066	0.0	1.0
24067	2.0723478633133396e-07	0.9999997927652137
24068	0.0	1.0
24069	0.0	1.0
24070	0.0	1.0
24071	0.0	1.0
24072	0.0	1.0
24073	0.0	1.0
24074	0.0	1.0
24075	0.0	1.0
24076	0.009443387385711044	0.990556612614289
24077	1.375856317764601e-09	0.9999999986241437
24078	0.0	1.0
24079	0.0	1.0
24080	0.9468538319597014	0.05314616804029855
24081	0.0	1.0
24082	0.0	1.0
24083	0.0	1.0
24084	0.0	1.0
24085	1.2656542480726785e-14	0.9999999999999873
24086	0.0	1.0
24087	0.0	1.0
24088	0.11280634847639959	0.8871936515236004
24089	5.052962492868573e-10	0.9999999994947038
24091	0.0	1.0
24092	0.0	1.0
24093	0.0	1.0
24094	0.0	1.0
24095	0.0	1.0
24096	0.0	1.0
24097	0.0	1.0
24098	0.0	1.0
24099	0.0	1.0
24100	2.2335641169934917e-07	0.9999997766435883
24101	0.0	1.0
24102	0.0	1.0
24103	0.0	1.0
24104	1.6672392666450264e-07	0.9999998332760733
24105	0.0	1.0
24106	0.0	1.0
24107	0.0	1.0
24108	0.0	1.0
24109	0.0	1.0
24110	0.0	1.0
24111	0.0	1.0
24112	4.9960036108132044e-14	0.99999999999995
24113	0.0	1.0
24114	0.0	1.0
24115	0.0	1.0
24116	2.428568820489474e-07	0.999999757143118
24117	4.5075054799781356e-14	0.9999999999999549
24118	0.0	1.0
24119	0.0	1.0
24121	0.0	1.0
24122	0.46262719916909434	0.5373728008309057
24123	0.0	1.0
24124	0.0	1.0
24125	0.0	1.0
24126	0.0	1.0
24127	0.0	1.0
24128	0.0	1.0
24129	1.9984014443252818e-15	0.999999999999998
24130	1.0156320229270932e-12	0.9999999999989844
24131	2.3381296898605797e-13	0.9999999999997662
24132	0.0	1.0
24133	0.0	1.0
24134	0.0	1.0
24135	0.0	1.0
24136	0.0	1.0
24137	0.0	1.0
24138	0.0	1.0
24139	0.0	1.0
24140	0.0	1.0
24141	0.0	1.0
24142	0.0	1.0
24143	0.0	1.0
24144	0.0	1.0
24145	0.0	1.0
24146	0.0	1.0
24147	0.0	1.0
24148	0.0	1.0
24149	0.0	1.0
24151	4.108968709726213e-08	0.9999999589103129
24152	0.0	1.0
24153	0.0	1.0
24154	0.0	1.0
24155	0.0	1.0
24156	0.0	1.0
24157	2.220446049250313e-16	0.9999999999999998
24158	0.0	1.0
24159	0.0	1.0
24160	0.0	1.0
24161	0.0	1.0
24162	0.0	1.0
24163	0.0	1.0
24164	0.0	1.0
24165	4.3520742565306136e-14	0.9999999999999565
24166	0.0	1.0
24167	0.0	1.0
24168	0.0	1.0
24169	0.0	1.0
24170	2.886579864025407e-15	0.9999999999999971
24171	0.0	1.0
24172	2.2647927977459403e-10	0.9999999997735207
24173	0.0	1.0
24174	0.0	1.0
24175	0.0	1.0
24176	0.0	1.0
24177	0.0	1.0
24178	0.0	1.0
24179	2.0480078707363347e-06	0.9999979519921293
24181	0.0	1.0
24182	0.0	1.0
24183	0.0005852155745745824	0.9994147844254254
24184	0.0	1.0
24185	0.0	1.0
24186	0.0	1.0
24187	0.0	1.0
24188	1.0521443716271506e-09	0.9999999989478556
24189	0.0	1.0
24190	0.0	1.0
24191	0.0	1.0
24192	3.560707284577802e-12	0.9999999999964393
24193	0.0	1.0
24194	2.284838984678572e-13	0.9999999999997715
24195	3.5513814111709507e-12	0.9999999999964486
24196	0.0	1.0
24197	0.0	1.0
24198	2.1106671965753776e-11	0.9999999999788933
24199	0.0	1.0
24200	7.729701987368998e-07	0.9999992270298013
24201	0.0	1.0
24202	0.0	1.0
24203	1.5042567191869693e-09	0.9999999984957433
24204	0.0	1.0
24205	2.8181901257084974e-11	0.9999999999718181
24206	0.0	1.0
24207	0.0	1.0
24208	0.0	1.0
24209	0.0	1.0
24211	3.0069500223106616e-09	0.99999999699305
24212	4.872516168319407e-09	0.9999999951274838
24213	0.0	1.0
24214	0.0	1.0
24215	0.0	1.0
24216	0.0	1.0
24217	0.0	1.0
24218	0.0	1.0
24219	0.0	1.0
24220	0.0	1.0
24221	0.0	1.0
24222	0.0	1.0
24223	0.0	1.0
24224	2.220446049250313e-16	0.9999999999999998
24225	1.5276668818842154e-13	0.9999999999998472
24226	9.854133374542773e-05	0.9999014586662546
24227	4.196643033083092e-14	0.999999999999958
24228	0.0	1.0
24229	0.0	1.0
24230	0.0	1.0
24231	0.0	1.0
24232	0.0	1.0
24233	0.0	1.0
24234	0.0	1.0
24235	0.0	1.0
24236	0.0010907274261338085	0.9989092725738662
24237	0.0	1.0
24238	0.0	1.0
24239	0.0	1.0
24241	0.0	1.0
24242	0.033982992003296686	0.9660170079967033
24243	0.0	1.0
24244	0.0	1.0
24245	3.0279112550601894e-11	0.9999999999697209
24246	0.0	1.0
24247	0.0	1.0
24248	0.0	1.0
24249	0.0	1.0
24250	0.0	1.0
24251	0.0	1.0
24252	0.0	1.0
24253	0.0	1.0
24254	4.4866987902736355e-09	0.9999999955133012
24255	0.0	1.0
24256	4.32720526077901e-12	0.9999999999956728
24257	0.0	1.0
24258	0.0	1.0
24259	0.0	1.0
24260	1.5845103007450234e-12	0.9999999999984155
24261	3.9412917374193057e-13	0.9999999999996059
24262	0.0	1.0
24263	0.0	1.0
24264	0.0	1.0
24265	0.0	1.0
24266	2.4969443090938626e-07	0.9999997503055691
24267	0.0	1.0
24268	0.0	1.0
24269	0.0	1.0
24271	0.0	1.0
24272	0.0	1.0
24273	0.0	1.0
24274	0.0	1.0
24275	0.0	1.0
24276	2.220446049250313e-16	0.9999999999999998
24277	0.0	1.0
24278	0.0	1.0
24279	7.818629021993928e-08	0.9999999218137098
24280	0.0	1.0
24281	0.0	1.0
24282	0.0	1.0
24283	0.0	1.0
24284	3.5121018859829434e-07	0.9999996487898114
24285	3.3164582191602676e-12	0.9999999999966835
24286	0.0	1.0
24287	0.0	1.0
24288	0.0	1.0
24289	0.0	1.0
24290	0.0	1.0
24291	0.0	1.0
24292	0.0	1.0
24293	0.0	1.0
24294	0.0	1.0
24295	0.0	1.0
24296	0.0	1.0
24297	0.0	1.0
24298	0.0	1.0
24299	0.0010498659816200462	0.99895013401838
24301	0.0	1.0
24302	0.0	1.0
24303	0.0	1.0
24304	0.0	1.0
24305	0.0	1.0
24306	0.1490478281172346	0.8509521718827654
24307	0.0	1.0
24308	0.0	1.0
24309	0.0	1.0
24310	0.0	1.0
24311	0.0	1.0
24312	0.0	1.0
24313	0.0	1.0
24314	0.0	1.0
24315	0.0	1.0
24316	0.0	1.0
24317	0.0	1.0
24318	0.0	1.0
24319	0.0	1.0
24320	0.0	1.0
24321	0.0	1.0
24322	0.0	1.0
24323	0.0	1.0
24324	0.0	1.0
24325	5.262457136723242e-14	0.9999999999999474
24326	0.0	1.0
24327	0.0	1.0
24328	0.0	1.0
24329	0.0	1.0
24331	0.0	1.0
24332	0.001230116599542752	0.9987698834004572
24333	0.0	1.0
24334	1.7878085228906215e-06	0.9999982121914771
24335	9.703349235223868e-14	0.999999999999903
24336	0.0	1.0
24337	0.0	1.0
24338	0.0	1.0
24339	5.087216281562945e-08	0.9999999491278372
24340	0.0	1.0
24341	0.0	1.0
24342	0.0	1.0
24343	0.0	1.0
24344	2.3805857285452703e-09	0.9999999976194143
24345	0.0	1.0
24346	0.0	1.0
24347	0.0	1.0
24348	0.0	1.0
24349	0.0	1.0
24350	0.0	1.0
24351	1.5345612780492957e-08	0.9999999846543872
24352	0.0	1.0
24353	0.0	1.0
24354	0.0	1.0
24355	0.0	1.0
24356	0.0	1.0
24357	0.0	1.0
24358	0.0	1.0
24359	0.0	1.0
24361	3.377631507817114e-10	0.9999999996622368
24362	0.0	1.0
24363	1.4232325003860069e-05	0.9999857676749961
24364	0.0	1.0
24365	0.0	1.0
24366	0.0	1.0
24367	0.0	1.0
24368	0.0	1.0
24369	0.0	1.0
24370	0.0	1.0
24371	0.0	1.0
24372	0.0	1.0
24373	0.0	1.0
24374	0.7106245590575718	0.2893754409424282
24375	0.0	1.0
24376	6.639133687258436e-14	0.9999999999999336
24377	0.0	1.0
24378	0.0	1.0
24379	0.0	1.0
24380	0.0	1.0
24381	0.0	1.0
24382	0.0	1.0
24383	9.718156834814806e-09	0.9999999902818432
24384	0.0	1.0
24385	0.0	1.0
24386	0.0	1.0
24387	2.220446049250313e-16	0.9999999999999998
24388	0.0	1.0
24389	3.4442848573235096e-10	0.9999999996555715
24391	0.0	1.0
24392	0.0	1.0
24393	0.0	1.0
24394	0.0	1.0
24395	0.0	1.0
24396	0.0	1.0
24397	0.0	1.0
24398	0.0	1.0
24399	0.0	1.0
24400	0.0	1.0
24401	0.0	1.0
24402	0.0	1.0
24403	0.0	1.0
24404	0.0	1.0
24405	0.0	1.0
24406	0.0	1.0
24407	0.0	1.0
24408	8.711698029628678e-12	0.9999999999912883
24409	0.0	1.0
24410	0.0	1.0
24411	0.0	1.0
24412	0.0	1.0
24413	7.997199014120326e-09	0.999999992002801
24414	0.0	1.0
24415	0.0	1.0
24416	0.0	1.0
24417	0.0	1.0
24418	0.0	1.0
24419	0.0	1.0
24421	0.0	1.0
24422	0.0	1.0
24423	0.0	1.0
24424	0.0	1.0
24425	0.0	1.0
24426	4.884981308350689e-14	0.9999999999999512
24427	0.0	1.0
24428	0.0	1.0
24429	0.0	1.0
24430	0.0	1.0
24431	2.5088442434650915e-09	0.9999999974911558
24432	0.0	1.0
24433	0.0	1.0
24434	0.0	1.0
24435	0.0	1.0
24436	0.0	1.0
24437	0.0	1.0
24438	0.0	1.0
24439	0.0	1.0
24440	0.0	1.0
24441	0.0	1.0
24442	0.0	1.0
24443	0.0	1.0
24444	0.0	1.0
24445	0.0	1.0
24446	0.0	1.0
24447	0.0	1.0
24448	4.884981308350689e-15	0.9999999999999951
24449	0.0	1.0
24451	1.5432100042289676e-12	0.9999999999984568
24452	0.0	1.0
24453	0.0	1.0
24454	0.0	1.0
24455	0.0	1.0
24456	7.940613622192672e-08	0.9999999205938638
24457	0.0	1.0
24458	0.0	1.0
24459	0.0	1.0
24460	0.0	1.0
24461	0.0	1.0
24462	0.0	1.0
24463	0.0	1.0
24464	0.0	1.0
24465	0.0	1.0
24466	0.0	1.0
24467	0.0	1.0
24468	2.220446049250313e-16	0.9999999999999998
24469	0.0	1.0
24470	0.0	1.0
24471	0.0	1.0
24472	0.0	1.0
24473	0.0	1.0
24474	0.0	1.0
24475	0.0	1.0
24476	0.0	1.0
24477	0.0	1.0
24478	0.0	1.0
24479	0.0	1.0
24481	0.0	1.0
24482	0.0	1.0
24483	4.884981308350689e-15	0.9999999999999951
24484	0.0	1.0
24485	0.0	1.0
24486	0.0	1.0
24487	0.0	1.0
24488	0.0	1.0
24489	0.0	1.0
24490	0.0	1.0
24491	0.0	1.0
24492	0.0	1.0
24493	0.0	1.0
24494	0.0	1.0
24495	0.0	1.0
24496	4.250932938987262e-11	0.9999999999574907
24497	0.0	1.0
24498	0.0	1.0
24499	0.0	1.0
24500	0.0	1.0
24501	0.0	1.0
24502	0.0	1.0
24503	0.0	1.0
24504	0.0	1.0
24505	1.199040866595169e-14	0.999999999999988
24506	0.0	1.0
24507	0.0	1.0
24508	0.0	1.0
24509	0.0	1.0
24511	0.0	1.0
24512	0.0	1.0
24513	0.0	1.0
24514	2.220446049250313e-16	0.9999999999999998
24515	0.0	1.0
24516	0.0	1.0
24517	0.0	1.0
24518	0.0	1.0
24519	0.0	1.0
24520	0.0	1.0
24521	0.0	1.0
24522	0.0	1.0
24523	0.0	1.0
24524	0.0	1.0
24525	4.440892098500626e-16	0.9999999999999996
24526	0.0	1.0
24527	0.0	1.0
24528	0.0	1.0
24529	0.0	1.0
24530	0.0	1.0
24531	0.0	1.0
24532	0.0	1.0
24533	0.0	1.0
24534	0.0	1.0
24535	0.0	1.0
24536	3.5638159090467525e-13	0.9999999999996436
24537	0.0	1.0
24538	0.0	1.0
24539	0.0	1.0
24541	0.0	1.0
24542	0.0	1.0
24543	0.0	1.0
24544	0.0	1.0
24545	0.0	1.0
24546	0.0	1.0
24547	0.0	1.0
24548	0.0	1.0
24549	0.0	1.0
24550	0.0	1.0
24551	0.0	1.0
24552	0.0	1.0
24553	0.0	1.0
24554	0.0	1.0
24555	0.0	1.0
24556	0.0	1.0
24557	6.152782768276133e-06	0.9999938472172317
24558	0.0	1.0
24559	0.0	1.0
24560	0.0	1.0
24561	0.0	1.0
24562	0.0	1.0
24563	0.0	1.0
24564	0.0	1.0
24565	0.0	1.0
24566	0.0	1.0
24567	0.0	1.0
24568	0.0	1.0
24569	0.0	1.0
24571	0.0	1.0
24572	0.0	1.0
24573	0.0	1.0
24574	0.0	1.0
24575	0.0	1.0
24576	0.0	1.0
24577	0.0	1.0
24578	0.0	1.0
24579	0.0	1.0
24580	1.6431300764452317e-14	0.9999999999999836
24581	0.0	1.0
24582	0.0	1.0
24583	0.0	1.0
24584	0.0	1.0
24585	0.1384255664261348	0.8615744335738652
24586	0.0	1.0
24587	0.0	1.0
24588	0.0	1.0
24589	0.0	1.0
24590	0.0	1.0
24591	0.0	1.0
24592	0.0	1.0
24593	0.0	1.0
24594	0.0	1.0
24595	0.0	1.0
24596	0.0	1.0
24597	0.0	1.0
24598	0.1633035641083812	0.8366964358916188
24599	0.0	1.0
24601	0.0	1.0
24602	1.5664864960740488e-09	0.9999999984335135
24603	0.0	1.0
24604	0.0	1.0
24605	0.0	1.0
24606	0.0	1.0
24607	0.0	1.0
24608	0.0	1.0
24609	1.6431300764452317e-14	0.9999999999999836
24610	0.0	1.0
24611	0.0	1.0
24612	0.0	1.0
24613	0.0	1.0
24614	2.748258824181171e-06	0.9999972517411758
24615	0.0	1.0
24616	0.0	1.0
24617	0.0	1.0
24618	0.0	1.0
24619	0.0	1.0
24620	0.0	1.0
24621	0.0	1.0
24622	0.0	1.0
24623	0.0	1.0
24624	0.0	1.0
24625	0.0	1.0
24626	0.0	1.0
24627	0.0	1.0
24628	0.0	1.0
24629	0.0	1.0
24631	0.0	1.0
24632	0.0	1.0
24633	3.5196206152887655e-06	0.9999964803793847
24634	0.0	1.0
24635	0.0	1.0
24636	0.0	1.0
24637	0.0	1.0
24638	0.0	1.0
24639	0.0	1.0
24640	0.0	1.0
24641	0.0	1.0
24642	3.1065150452036505e-11	0.9999999999689348
24643	0.0	1.0
24644	0.0	1.0
24645	0.0	1.0
24646	0.0	1.0
24647	0.0	1.0
24648	0.0	1.0
24649	1.0569142645522334e-06	0.9999989430857354
24650	0.0	1.0
24651	0.0	1.0
24652	0.0	1.0
24653	0.0	1.0
24654	0.0	1.0
24655	5.3745300440555255e-05	0.9999462546995594
24656	0.0	1.0
24657	0.0	1.0
24658	0.0	1.0
24659	0.0	1.0
24661	0.0	1.0
24662	0.0	1.0
24663	0.0	1.0
24664	0.0	1.0
24665	0.0	1.0
24666	0.00017497665023502584	0.999825023349765
24667	0.0	1.0
24668	0.0	1.0
24669	0.0	1.0
24670	0.0	1.0
24671	0.0	1.0
24672	1.0897349966842995e-07	0.9999998910265003
24673	0.12509385860949396	0.874906141390506
24674	1.5514526712223642e-06	0.9999984485473288
24675	0.0	1.0
24676	0.0	1.0
24677	0.0	1.0
24678	0.0	1.0
24679	0.0	1.0
24680	0.0	1.0
24681	1.7763568394002505e-15	0.9999999999999982
24682	1.5813992637614405e-07	0.9999998418600736
24683	0.0	1.0
24684	0.0	1.0
24685	0.0	1.0
24686	0.0	1.0
24687	0.0	1.0
24688	0.0	1.0
24689	0.0	1.0
24691	8.165987632757776e-07	0.9999991834012367
24692	0.0	1.0
24693	0.0	1.0
24694	0.0	1.0
24695	0.0	1.0
24696	0.0	1.0
24697	0.0	1.0
24698	0.0	1.0
24699	0.0	1.0
24700	0.0	1.0
24701	0.0	1.0
24702	0.0	1.0
24703	7.733653717423294e-10	0.9999999992266346
24704	0.0	1.0
24705	0.0	1.0
24706	0.0	1.0
24707	0.0	1.0
24708	0.0	1.0
24709	6.0458051565071e-08	0.9999999395419484
24710	2.220446049250313e-16	0.9999999999999998
24711	0.0	1.0
24712	0.0	1.0
24713	0.03836394435474999	0.96163605564525
24714	0.0	1.0
24715	0.0	1.0
24716	0.0	1.0
24717	2.937428078553239e-12	0.9999999999970626
24718	0.0	1.0
24719	8.195688572243398e-11	0.9999999999180431
24721	0.0	1.0
24722	0.0	1.0
24723	0.0	1.0
24724	0.0	1.0
24725	2.949862576429041e-12	0.9999999999970501
24726	0.0	1.0
24727	3.9968028886505635e-15	0.999999999999996
24728	0.0	1.0
24729	0.0	1.0
24730	0.0	1.0
24731	0.0	1.0
24732	0.0	1.0
24733	0.0	1.0
24734	0.0	1.0
24735	0.0	1.0
24736	0.0	1.0
24737	0.0	1.0
24738	0.0	1.0
24739	0.0	1.0
24740	0.0	1.0
24741	0.0	1.0
24742	0.0	1.0
24743	0.0	1.0
24744	0.0	1.0
24745	0.0	1.0
24746	0.0	1.0
24747	0.0	1.0
24748	0.0	1.0
24749	0.0	1.0
24751	0.0	1.0
24752	0.0	1.0
24753	0.0	1.0
24754	0.0	1.0
24755	1.0	0.0
24756	0.0	1.0
24757	0.0	1.0
24758	0.0	1.0
24759	0.0	1.0
24760	0.0	1.0
24761	6.043610056849502e-12	0.9999999999939564
24762	0.0	1.0
24763	0.0	1.0
24764	0.0	1.0
24765	1.1480357705373478e-05	0.9999885196422946
24766	0.0	1.0
24767	0.0	1.0
24768	0.0	1.0
24769	7.327471962526033e-15	0.9999999999999927
24770	4.947248498310408e-06	0.9999950527515017
24771	0.0	1.0
24772	0.0	1.0
24773	0.0	1.0
24774	0.0	1.0
24775	0.0	1.0
24776	2.309278246404034e-08	0.9999999769072175
24777	0.0	1.0
24778	0.0	1.0
24779	0.0	1.0
24781	0.0	1.0
24782	0.0	1.0
24783	5.398455952154713e-06	0.9999946015440478
24784	0.0	1.0
24785	0.0	1.0
24786	1.203812605155008e-10	0.9999999998796187
24787	0.0	1.0
24788	0.0	1.0
24789	0.0	1.0
24790	0.0	1.0
24791	0.0	1.0
24792	0.0	1.0
24793	1.0278851114708942e-07	0.9999998972114889
24794	0.0	1.0
24795	0.0	1.0
24796	0.0	1.0
24797	0.0	1.0
24798	0.0	1.0
24799	0.0	1.0
24800	0.0	1.0
24801	8.881784197001252e-16	0.9999999999999991
24802	0.0	1.0
24803	0.0	1.0
24804	0.0	1.0
24805	0.0	1.0
24806	0.0	1.0
24807	1.7763568394002505e-15	0.9999999999999982
24808	4.8183679268731794e-14	0.9999999999999518
24809	0.0	1.0
24811	0.9999996725896118	3.2741038821517064e-07
24812	3.6781037363597946e-05	0.9999632189626364
24813	0.0	1.0
24814	2.1747936784777266e-11	0.9999999999782521
24815	0.0	1.0
24816	0.0	1.0
24817	0.0	1.0
24818	0.0	1.0
24819	0.0	1.0
24820	0.0	1.0
24821	0.0	1.0
24822	0.0	1.0
24823	0.0	1.0
24824	6.596644304690535e-06	0.9999934033556953
24825	8.624063685402916e-10	0.9999999991375936
24826	0.0	1.0
24827	0.0	1.0
24828	0.0	1.0
24829	7.54390105939251e-10	0.9999999992456099
24830	0.0	1.0
24831	0.0	1.0
24832	0.0	1.0
24833	0.0	1.0
24834	0.0	1.0
24835	0.0	1.0
24836	0.0	1.0
24837	0.0	1.0
24838	0.0	1.0
24839	0.0	1.0
24841	0.0	1.0
24842	0.0	1.0
24843	0.0	1.0
24844	0.0	1.0
24845	0.0	1.0
24846	0.0	1.0
24847	0.0	1.0
24848	0.0	1.0
24849	1.743513633467586e-08	0.9999999825648637
24850	1.4150902671872245e-12	0.9999999999985849
24851	0.0	1.0
24852	0.0	1.0
24853	0.0	1.0
24854	0.0	1.0
24855	0.0	1.0
24856	0.0	1.0
24857	0.0	1.0
24858	0.0	1.0
24859	0.0	1.0
24860	0.0	1.0
24861	0.0	1.0
24862	0.0	1.0
24863	0.0	1.0
24864	0.0	1.0
24865	0.0	1.0
24866	0.0	1.0
24867	0.0	1.0
24868	0.0	1.0
24869	5.994336360615193e-09	0.9999999940056636
24871	0.0	1.0
24872	0.0	1.0
24873	0.0	1.0
24874	0.0	1.0
24875	0.0	1.0
24876	0.0	1.0
24877	0.0	1.0
24878	0.0	1.0
24879	0.0	1.0
24880	0.0	1.0
24881	4.68982408463603e-10	0.9999999995310176
24882	0.0	1.0
24883	1.882472677738889e-08	0.9999999811752732
24884	0.0	1.0
24885	5.376900829379139e-05	0.9999462309917062
24886	0.0	1.0
24887	0.0	1.0
24888	0.0	1.0
24889	0.0	1.0
24890	0.0	1.0
24891	8.590470435332342e-06	0.9999914095295647
24892	0.9999668749845175	3.312501548242273e-05
24893	0.0	1.0
24894	0.0	1.0
24895	0.0	1.0
24896	1.993960552226781e-12	0.999999999998006
24897	0.0	1.0
24898	0.0	1.0
24899	0.0	1.0
24901	0.0	1.0
24902	0.0	1.0
24903	0.0	1.0
24904	0.0011636085202252344	0.9988363914797748
24905	0.0	1.0
24906	0.0	1.0
24907	0.0	1.0
24908	0.0	1.0
24909	0.0	1.0
24910	0.0	1.0
24911	9.839098424890835e-10	0.9999999990160902
24912	1.4452883334570288e-11	0.9999999999855471
24913	2.6453772283829835e-08	0.9999999735462277
24914	0.0	1.0
24915	0.0	1.0
24916	2.8992428847129936e-05	0.9999710075711529
24917	0.0	1.0
24918	0.0	1.0
24919	0.0	1.0
24920	0.0	1.0
24921	0.0	1.0
24922	1.3514987859952754e-06	0.999998648501214
24923	0.0	1.0
24924	0.0	1.0
24925	0.0	1.0
24926	0.0	1.0
24927	0.0	1.0
24928	0.0	1.0
24929	0.0	1.0
24931	0.0	1.0
24932	0.0	1.0
24933	0.0	1.0
24934	0.0	1.0
24935	0.0	1.0
24936	0.0	1.0
24937	0.038254453976412583	0.9617455460235874
24938	0.0	1.0
24939	0.0	1.0
24940	0.0	1.0
24941	0.0	1.0
24942	0.0	1.0
24943	0.0	1.0
24944	0.0	1.0
24945	0.0	1.0
24946	0.0	1.0
24947	0.0	1.0
24948	0.0	1.0
24949	0.0	1.0
24950	0.0	1.0
24951	0.0	1.0
24952	0.0	1.0
24953	0.0	1.0
24954	0.0	1.0
24955	0.0	1.0
24956	0.0	1.0
24957	0.0	1.0
24958	0.0	1.0
24959	0.0	1.0
24961	0.0	1.0
24962	0.0	1.0
24963	0.0	1.0
24964	0.0	1.0
24965	1.1013412404281553e-13	0.9999999999998899
24966	8.424816400065538e-12	0.9999999999915752
24967	0.0	1.0
24968	0.0	1.0
24969	0.0	1.0
24970	0.0	1.0
24971	0.0	1.0
24972	0.0	1.0
24973	0.0	1.0
24974	0.0	1.0
24975	0.0	1.0
24976	0.0	1.0
24977	0.0	1.0
24978	0.0	1.0
24979	0.0	1.0
24980	0.0	1.0
24981	0.0	1.0
24982	0.0	1.0
24983	3.3306690738754696e-15	0.9999999999999967
24984	0.0	1.0
24985	0.0	1.0
24986	1.3635315099236323e-11	0.9999999999863647
24987	0.0	1.0
24988	0.0	1.0
24989	0.0	1.0
24991	0.0	1.0
24992	0.0	1.0
24993	0.0	1.0
24994	0.0	1.0
24995	0.0	1.0
24996	0.0	1.0
24997	0.0	1.0
24998	0.0	1.0
24999	0.0	1.0
25000	0.0	1.0
25001	0.0	1.0
25002	0.0	1.0
25003	0.0	1.0
25004	1.5110357409753306e-11	0.9999999999848896
25005	0.0	1.0
25006	0.0	1.0
25007	1.0897125667708174e-05	0.9999891028743323
25008	0.0	1.0
25009	0.03443803681854851	0.9655619631814515
25010	0.0	1.0
25011	0.0	1.0
25012	0.0	1.0
25013	0.0	1.0
25014	0.0	1.0
25015	2.5757174171303632e-14	0.9999999999999742
25016	0.0	1.0
25017	0.9999999587839654	4.121603463398327e-08
25018	0.0	1.0
25019	2.9043434324194095e-13	0.9999999999997096
25021	0.0	1.0
25022	0.0	1.0
25023	0.0	1.0
25024	0.0	1.0
25025	0.0	1.0
25026	0.0	1.0
25027	0.0	1.0
25028	0.0020258316052563785	0.9979741683947436
25029	2.5071056342085285e-12	0.9999999999974929
25030	0.0	1.0
25031	0.0	1.0
25032	0.0	1.0
25033	0.0	1.0
25034	0.0	1.0
25035	0.0	1.0
25036	0.0	1.0
25037	0.0	1.0
25038	0.0	1.0
25039	0.0	1.0
25040	0.0	1.0
25041	0.0	1.0
25042	0.0	1.0
25043	0.0	1.0
25044	0.0	1.0
25045	0.0	1.0
25046	0.0	1.0
25047	0.0	1.0
25048	0.0	1.0
25049	0.0	1.0
25051	0.0	1.0
25052	0.0	1.0
25053	0.0	1.0
25054	0.0	1.0
25055	0.0	1.0
25056	0.0	1.0
25057	0.0	1.0
25058	0.0	1.0
25059	0.0	1.0
25060	0.0	1.0
25061	0.0	1.0
25062	0.0	1.0
25063	8.345102386897452e-12	0.9999999999916549
25064	0.0	1.0
25065	6.266098750984384e-13	0.9999999999993734
25066	0.0	1.0
25067	0.0	1.0
25068	0.0	1.0
25069	0.0	1.0
25070	0.0	1.0
25071	0.0	1.0
25072	0.0	1.0
25073	0.0	1.0
25074	0.0	1.0
25075	0.0	1.0
25076	0.0	1.0
25077	0.0	1.0
25078	0.0	1.0
25079	4.647614222363927e-07	0.9999995352385778
25081	0.0	1.0
25082	8.992806499463768e-14	0.9999999999999101
25083	0.0027145828250445536	0.9972854171749554
25084	0.0	1.0
25085	0.0	1.0
25086	0.0	1.0
25087	0.0	1.0
25088	2.589994219093228e-09	0.9999999974100058
25089	0.0	1.0
25090	0.0	1.0
25091	0.0	1.0
25092	0.0	1.0
25093	0.0	1.0
25094	2.3923014393356645e-05	0.9999760769856066
25095	0.0	1.0
25096	0.0	1.0
25097	0.0	1.0
25098	0.0	1.0
25099	0.0	1.0
25100	8.97482088646484e-12	0.9999999999910252
25101	8.97482088646484e-12	0.9999999999910252
25102	0.0	1.0
25103	0.0	1.0
25104	0.0	1.0
25105	0.0	1.0
25106	0.0	1.0
25107	0.0	1.0
25108	0.0	1.0
25109	0.0	1.0
25111	0.0	1.0
25112	1.0420797558197137e-10	0.999999999895792
25113	0.0	1.0
25114	0.0	1.0
25115	0.0	1.0
25116	7.759993780886987e-08	0.9999999224000622
25117	7.759993780886987e-08	0.9999999224000622
25118	0.0	1.0
25119	0.0	1.0
25120	4.802824804528427e-13	0.9999999999995197
25121	0.0	1.0
25122	0.0	1.0
25123	0.0	1.0
25124	0.0	1.0
25125	5.816014336801345e-11	0.9999999999418399
25126	0.0	1.0
25127	0.0	1.0
25128	0.0	1.0
25129	0.0	1.0
25130	0.0	1.0
25131	0.0	1.0
25132	0.0	1.0
25133	5.081735032774759e-11	0.9999999999491826
25134	0.0	1.0
25135	2.4282609956127743e-07	0.9999997571739004
25136	0.0	1.0
25137	0.0	1.0
25138	0.0	1.0
25139	0.0	1.0
25141	0.0	1.0
25142	0.0	1.0
25143	0.0	1.0
25144	0.0	1.0
25145	0.0	1.0
25146	0.0	1.0
25147	0.0	1.0
25148	2.8196140977598816e-09	0.9999999971803859
25149	2.8196140977598816e-09	0.9999999971803859
25150	0.0	1.0
25151	0.0	1.0
25152	0.0	1.0
25153	0.0	1.0
25154	0.0	1.0
25155	0.0	1.0
25156	0.0	1.0
25157	5.284661597215745e-14	0.9999999999999472
25158	0.0	1.0
25159	0.0	1.0
25160	0.0	1.0
25161	2.935429677108914e-13	0.9999999999997065
25162	4.778488715828644e-11	0.9999999999522151
25163	0.0	1.0
25164	0.0	1.0
25165	0.0	1.0
25166	0.0	1.0
25167	1.7243497258956353e-06	0.9999982756502741
25168	3.143175817399424e-07	0.9999996856824183
25169	0.0	1.0
25171	0.0	1.0
25172	0.0	1.0
25173	0.0	1.0
25174	0.0	1.0
25175	0.0	1.0
25176	0.0	1.0
25177	0.0	1.0
25178	0.0	1.0
25179	0.0	1.0
25180	0.0	1.0
25181	0.0	1.0
25182	0.0	1.0
25183	0.0	1.0
25184	0.0	1.0
25185	0.0	1.0
25186	1.2584773223522916e-09	0.9999999987415227
25187	0.0	1.0
25188	0.0	1.0
25189	0.0	1.0
25190	0.0	1.0
25191	0.0	1.0
25192	0.0	1.0
25193	0.0	1.0
25194	1.1733393701085504e-08	0.9999999882666063
25195	0.0	1.0
25196	0.0	1.0
25197	0.0	1.0
25198	0.0	1.0
25199	3.9612757518625585e-13	0.9999999999996039
25201	0.0	1.0
25202	0.0	1.0
25203	0.0	1.0
25204	0.0	1.0
25205	4.596323321948148e-14	0.999999999999954
25206	4.0895731245882416e-11	0.9999999999591043
25207	0.0	1.0
25208	0.0	1.0
25209	0.0	1.0
25210	0.0	1.0
25211	0.0	1.0
25212	0.0	1.0
25213	0.0	1.0
25214	0.0	1.0
25215	0.0	1.0
25216	0.0	1.0
25217	0.7640148911594057	0.2359851088405943
25218	0.0	1.0
25219	6.213938833155019e-06	0.9999937860611668
25220	0.0	1.0
25221	0.0	1.0
25222	0.0	1.0
25223	0.0	1.0
25224	0.0	1.0
25225	0.00021646575538114554	0.9997835342446189
25226	0.0	1.0
25227	5.996589891310578e-10	0.999999999400341
25228	0.0	1.0
25229	0.0	1.0
25231	0.0	1.0
25232	0.0	1.0
25233	2.6330049252010213e-12	0.999999999997367
25234	0.0	1.0
25235	0.0	1.0
25236	0.0	1.0
25237	0.0	1.0
25238	0.0	1.0
25239	0.0	1.0
25240	0.0	1.0
25241	1.6155965454345278e-11	0.999999999983844
25242	0.0	1.0
25243	0.0	1.0
25244	4.351384463863184e-08	0.9999999564861554
25245	0.0	1.0
25246	0.0	1.0
25247	0.0	1.0
25248	0.0	1.0
25249	0.0	1.0
25250	0.0	1.0
25251	0.0	1.0
25252	0.0	1.0
25253	0.0	1.0
25254	0.0	1.0
25255	0.0	1.0
25256	0.0	1.0
25257	6.435923966763291e-06	0.9999935640760332
25258	0.0	1.0
25259	0.0	1.0
25261	0.0	1.0
25262	1.4758459679908853e-06	0.999998524154032
25263	0.0	1.0
25264	0.0	1.0
25265	5.653255641391297e-13	0.9999999999994347
25266	0.0	1.0
25267	0.0	1.0
25268	0.0	1.0
25269	0.0	1.0
25270	0.0	1.0
25271	0.0	1.0
25272	0.0	1.0
25273	0.0	1.0
25274	0.0	1.0
25275	0.0	1.0
25276	0.0	1.0
25277	0.0	1.0
25278	0.0	1.0
25279	0.0	1.0
25280	0.0	1.0
25281	0.0	1.0
25282	0.0	1.0
25283	0.0	1.0
25284	0.0	1.0
25285	7.963367631980134e-09	0.9999999920366324
25286	0.9995919245712909	0.00040807542870913583
25287	6.579770618542202e-05	0.9999342022938146
25288	6.579770618542202e-05	0.9999342022938146
25289	0.0	1.0
25291	1.4161027905856827e-10	0.9999999998583897
25292	0.0	1.0
25293	0.0	1.0
25294	0.0	1.0
25295	0.0	1.0
25296	0.0	1.0
25297	0.0	1.0
25298	0.0	1.0
25299	0.0	1.0
25300	0.0	1.0
25301	0.0	1.0
25302	0.0	1.0
25303	0.0	1.0
25304	0.0	1.0
25305	0.0	1.0
25306	0.0	1.0
25307	0.0	1.0
25308	0.0	1.0
25309	0.0	1.0
25310	0.0	1.0
25311	3.0668800832245324e-12	0.9999999999969331
25312	0.0	1.0
25313	1.9482719008312444e-05	0.9999805172809917
25314	1.9482719008312444e-05	0.9999805172809917
25315	0.0	1.0
25316	7.323919248847233e-12	0.9999999999926761
25317	4.8827608623014385e-12	0.9999999999951172
25318	0.0	1.0
25319	3.9277788527192214e-06	0.9999960722211473
25321	0.39114171836612	0.60885828163388
25322	0.0	1.0
25323	4.0084502726633886e-05	0.9999599154972734
25324	0.0	1.0
25325	0.0	1.0
25326	0.0	1.0
25327	0.0	1.0
25328	0.0	1.0
25329	0.0	1.0
25330	0.0	1.0
25331	0.0	1.0
25332	0.0	1.0
25333	0.0	1.0
25334	0.0	1.0
25335	0.0	1.0
25336	0.0	1.0
25337	0.0	1.0
25338	0.0	1.0
25339	0.006321544203917173	0.9936784557960828
25340	0.0	1.0
25341	0.0	1.0
25342	0.0	1.0
25343	0.0	1.0
25344	0.0	1.0
25345	0.0	1.0
25346	0.0	1.0
25347	0.0	1.0
25348	0.0	1.0
25349	0.0	1.0
25351	0.0	1.0
25352	0.00011092956997293957	0.9998890704300271
25353	0.0	1.0
25354	0.0	1.0
25355	0.0	1.0
25356	0.0	1.0
25357	0.0	1.0
25358	0.0	1.0
25359	0.0	1.0
25360	0.0	1.0
25361	0.0	1.0
25362	0.0	1.0
25363	0.0	1.0
25364	0.0	1.0
25365	0.0	1.0
25366	0.0	1.0
25367	0.0	1.0
25368	0.0	1.0
25369	5.551115123125783e-15	0.9999999999999944
25370	0.0	1.0
25371	0.0	1.0
25372	0.0	1.0
25373	0.0	1.0
25374	0.0	1.0
25375	0.0	1.0
25376	0.0	1.0
25377	0.0	1.0
25378	0.0	1.0
25379	0.0	1.0
25381	0.0	1.0
25382	0.0	1.0
25383	0.0	1.0
25384	2.90878432451791e-14	0.9999999999999709
25385	0.0	1.0
25386	5.773159728050814e-15	0.9999999999999942
25387	0.0	1.0
25388	0.0	1.0
25389	0.0	1.0
25390	0.0	1.0
25391	0.0	1.0
25392	0.0	1.0
25393	0.0	1.0
25394	0.0	1.0
25395	0.0	1.0
25396	0.0	1.0
25397	0.0	1.0
25398	2.220446049250313e-14	0.9999999999999778
25399	0.0	1.0
25400	0.0	1.0
25401	6.661338147750939e-16	0.9999999999999993
25402	0.0	1.0
25403	0.0	1.0
25404	0.0	1.0
25405	0.005330158495358006	0.994669841504642
25406	1.9730883593638282e-12	0.9999999999980269
25407	0.0	1.0
25408	0.0	1.0
25409	0.0	1.0
25411	0.0	1.0
25412	0.0	1.0
25413	0.0	1.0
25414	0.0	1.0
25415	0.0	1.0
25416	0.0	1.0
25417	0.0	1.0
25418	0.0	1.0
25419	0.0	1.0
25420	0.0	1.0
25421	0.0	1.0
25422	0.0	1.0
25423	0.0	1.0
25424	0.0	1.0
25425	0.0	1.0
25426	0.0	1.0
25427	0.0001740863748986854	0.9998259136251013
25428	1.988342823722178e-11	0.9999999999801166
25429	0.0	1.0
25430	0.0	1.0
25431	0.0	1.0
25432	1.0602919949254108e-05	0.9999893970800507
25433	0.0	1.0
25434	0.0	1.0
25435	0.0	1.0
25436	0.0	1.0
25437	0.0	1.0
25438	0.0	1.0
25439	0.0	1.0
25441	0.0	1.0
25442	0.0	1.0
25443	8.667927323680047e-07	0.9999991332072676
25444	0.0	1.0
25445	0.0	1.0
25446	0.0	1.0
25447	0.0	1.0
25448	0.0	1.0
25449	0.0	1.0
25450	0.0	1.0
25451	1.6160406346443779e-12	0.999999999998384
25452	0.0	1.0
25453	0.0	1.0
25454	0.0	1.0
25455	5.224709553885987e-13	0.9999999999994775
25456	3.481659405224491e-13	0.9999999999996518
25457	0.0	1.0
25458	1.1089741233871742e-05	0.9999889102587661
25459	1.1089741233871742e-05	0.9999889102587661
25460	2.2328361382051298e-11	0.9999999999776716
25461	0.0	1.0
25462	0.0	1.0
25463	0.0	1.0
25464	0.0	1.0
25465	0.0	1.0
25466	0.0	1.0
25467	0.0	1.0
25468	0.014621705731167167	0.9853782942688328
25469	0.43207283234689886	0.5679271676531011
25471	0.5284051723600391	0.4715948276399608
25472	0.0	1.0
25473	0.0	1.0
25474	0.0	1.0
25475	0.0	1.0
25476	0.0	1.0
25477	0.0	1.0
25478	0.0	1.0
25479	4.440892098500626e-16	0.9999999999999996
25480	0.0	1.0
25481	0.0	1.0
25482	0.0	1.0
25483	3.6880114961945765e-08	0.999999963119885
25484	0.0	1.0
25485	0.0	1.0
25486	0.0	1.0
25487	0.0	1.0
25488	0.0	1.0
25489	0.0	1.0
25490	0.0	1.0
25491	0.0	1.0
25492	0.0	1.0
25493	0.0	1.0
25494	0.0	1.0
25495	0.0	1.0
25496	0.0	1.0
25497	8.738743062508547e-11	0.9999999999126126
25498	0.0	1.0
25499	0.0	1.0
25501	0.0	1.0
25502	0.0	1.0
25503	0.0	1.0
25504	0.0	1.0
25505	0.0	1.0
25506	0.0	1.0
25507	0.0	1.0
25508	0.0	1.0
25509	0.0	1.0
25510	0.0	1.0
25511	0.0	1.0
25512	0.0	1.0
25513	0.0	1.0
25514	0.0	1.0
25515	4.440892098500626e-16	0.9999999999999996
25516	0.0	1.0
25517	0.0	1.0
25518	6.778577699151356e-12	0.9999999999932214
25519	0.0	1.0
25520	0.0	1.0
25521	2.2133962218617853e-08	0.9999999778660378
25522	0.0	1.0
25523	0.0	1.0
25524	0.0	1.0
25525	0.0	1.0
25526	2.504663143554353e-13	0.9999999999997495
25527	1.6804962199579165e-08	0.9999999831950378
25528	0.0	1.0
25529	0.0	1.0
25531	0.0	1.0
25532	0.0	1.0
25533	0.0	1.0
25534	0.0	1.0
25535	0.0	1.0
25536	0.0	1.0
25537	1.592422860241527e-09	0.9999999984075771
25538	0.0	1.0
25539	0.0	1.0
25540	0.0	1.0
25541	0.0	1.0
25542	2.1082890988566305e-10	0.9999999997891711
25543	0.0	1.0
25544	0.0	1.0
25545	0.0	1.0
25546	0.0	1.0
25547	0.0	1.0
25548	0.0	1.0
25549	3.1504522568504e-06	0.9999968495477431
25550	0.0	1.0
25551	0.0	1.0
25552	0.0	1.0
25553	0.0	1.0
25554	0.0	1.0
25555	0.0	1.0
25556	0.0	1.0
25557	0.0	1.0
25558	0.0	1.0
25559	3.3698155377237526e-11	0.9999999999663018
25561	2.220446049250313e-16	0.9999999999999998
25562	0.0	1.0
25563	0.0	1.0
25564	0.0	1.0
25565	0.0	1.0
25566	0.0	1.0
25567	1.823163842118447e-11	0.9999999999817684
25568	2.7347457631776706e-11	0.9999999999726525
25569	0.0	1.0
25570	0.0	1.0
25571	0.0	1.0
25572	6.366018823200648e-13	0.9999999999993634
25573	9.550138457825597e-13	0.999999999999045
25574	0.0	1.0
25575	2.220446049250313e-16	0.9999999999999998
25576	0.0	1.0
25577	0.12570913363417058	0.8742908663658294
25578	0.0	1.0
25579	0.0	1.0
25580	0.0	1.0
25581	1.2718714970105793e-11	0.9999999999872813
25582	3.8551947467713177e-07	0.9999996144805253
25583	1.1111378483974477e-10	0.9999999998888862
25584	0.0	1.0
25585	0.0	1.0
25586	4.3566217300394783e-10	0.9999999995643378
25587	7.255610745549035e-08	0.9999999274438925
25588	7.831299819738291e-08	0.9999999216870018
25589	0.0	1.0
25591	0.0	1.0
25592	0.0	1.0
25593	0.0	1.0
25594	0.0	1.0
25595	0.0	1.0
25596	0.0	1.0
25597	0.0	1.0
25598	0.0	1.0
25599	6.796912703110891e-06	0.9999932030872969
25600	0.0	1.0
25601	0.0	1.0
25602	4.099875836605094e-06	0.9999959001241634
25603	0.0	1.0
25604	0.0	1.0
25605	0.0	1.0
25606	0.0	1.0
25607	0.0	1.0
25608	3.3494181485571595e-05	0.9999665058185144
25609	3.3494181485571595e-05	0.9999665058185144
25610	0.0	1.0
25611	0.0	1.0
25612	0.0	1.0
25613	0.0	1.0
25614	0.0	1.0
25615	5.461329087896871e-05	0.999945386709121
25616	0.0	1.0
25617	0.0	1.0
25618	0.0	1.0
25619	0.0	1.0
25621	0.0	1.0
25622	0.0	1.0
25623	0.0	1.0
25624	0.0	1.0
25625	0.0	1.0
25626	0.0	1.0
25627	0.0	1.0
25628	2.795103655195419e-07	0.9999997204896345
25629	0.0	1.0
25630	0.0	1.0
25631	0.0	1.0
25632	0.0	1.0
25633	0.0	1.0
25634	0.0	1.0
25635	0.0	1.0
25636	0.0	1.0
25637	0.0	1.0
25638	0.0	1.0
25639	2.220446049250313e-16	0.9999999999999998
25640	0.0	1.0
25641	0.0	1.0
25642	0.0	1.0
25643	0.0	1.0
25644	0.0	1.0
25645	1.4810375148499588e-13	0.9999999999998519
25646	0.0	1.0
25647	2.011257826950441e-11	0.9999999999798874
25648	0.0	1.0
25649	0.0	1.0
25651	2.0872192862952943e-14	0.9999999999999791
25652	0.0	1.0
25653	0.0	1.0
25654	0.0	1.0
25655	0.0	1.0
25656	0.0	1.0
25657	0.0	1.0
25658	0.0	1.0
25659	0.0	1.0
25660	0.0	1.0
25661	0.0	1.0
25662	0.0	1.0
25663	0.0	1.0
25664	0.0	1.0
25665	0.0	1.0
25666	2.220446049250313e-16	0.9999999999999998
25667	0.0	1.0
25668	0.0	1.0
25669	0.0	1.0
25670	0.0	1.0
25671	0.0	1.0
25672	0.0	1.0
25673	6.176662670220878e-08	0.9999999382333733
25674	0.0	1.0
25675	0.0	1.0
25676	0.0	1.0
25677	0.0	1.0
25678	0.0	1.0
25679	0.0	1.0
25681	8.215650382226158e-15	0.9999999999999918
25682	0.0	1.0
25683	1.1102230246251565e-14	0.9999999999999889
25684	0.0	1.0
25685	2.984723579402271e-12	0.9999999999970153
25686	6.661338147750939e-16	0.9999999999999993
25687	0.0	1.0
25688	0.0	1.0
25689	0.0	1.0
25690	0.0	1.0
25691	3.2888512802031755e-08	0.9999999671114872
25692	3.2888512802031755e-08	0.9999999671114872
25693	9.281464485866309e-14	0.9999999999999072
25694	3.064659637175282e-12	0.9999999999969353
25695	0.0	1.0
25696	0.0	1.0
25697	0.0	1.0
25698	0.0	1.0
25699	0.0	1.0
25700	0.0	1.0
25701	0.0	1.0
25702	0.0	1.0
25703	0.0	1.0
25704	0.0	1.0
25705	0.0	1.0
25706	2.7879254460572156e-11	0.9999999999721207
25707	0.0	1.0
25708	0.0	1.0
25709	0.0	1.0
25711	0.0	1.0
25712	0.0	1.0
25713	0.0	1.0
25714	0.0	1.0
25715	0.0	1.0
25716	0.0	1.0
25717	0.0	1.0
25718	0.0	1.0
25719	0.0	1.0
25720	0.0	1.0
25721	5.080550347857926e-05	0.9999491944965214
25722	0.0	1.0
25723	0.0	1.0
25724	0.0	1.0
25725	0.0	1.0
25726	0.0	1.0
25727	0.0	1.0
25728	1.7541523789077473e-14	0.9999999999999825
25729	0.0	1.0
25730	0.0	1.0
25731	0.0	1.0
25732	0.0	1.0
25733	0.0	1.0
25734	0.0	1.0
25735	0.0	1.0
25736	0.0	1.0
25737	0.0	1.0
25738	0.0	1.0
25739	0.0	1.0
25741	0.0	1.0
25742	0.0	1.0
25743	0.0	1.0
25744	0.0	1.0
25745	0.0	1.0
25746	0.0	1.0
25747	0.0	1.0
25748	0.0	1.0
25749	0.0	1.0
25750	7.349676423018536e-14	0.9999999999999265
25751	0.0	1.0
25752	0.0	1.0
25753	0.0	1.0
25754	0.0	1.0
25755	0.0	1.0
25756	0.0	1.0
25757	0.0	1.0
25758	0.0	1.0
25759	0.0	1.0
25760	0.0	1.0
25761	0.0	1.0
25762	0.0	1.0
25763	0.0	1.0
25764	0.0	1.0
25765	0.0	1.0
25766	0.0	1.0
25767	0.0	1.0
25768	0.0	1.0
25769	0.0	1.0
25771	0.0	1.0
25772	0.0	1.0
25773	0.0	1.0
25774	0.0	1.0
25775	2.754751982081416e-11	0.9999999999724525
25776	0.0	1.0
25777	1.3322676295501878e-15	0.9999999999999987
25778	0.0	1.0
25779	0.0	1.0
25780	0.0	1.0
25781	0.0	1.0
25782	0.0	1.0
25783	0.0	1.0
25784	5.904166044956582e-13	0.9999999999994096
25785	0.0	1.0
25786	0.0	1.0
25787	0.0	1.0
25788	0.0	1.0
25789	0.0	1.0
25790	0.999999998581676	1.4183240160006854e-09
25791	6.112887973586112e-13	0.9999999999993887
25792	6.112887973586112e-13	0.9999999999993887
25793	0.0	1.0
25794	0.0	1.0
25795	0.0	1.0
25796	0.0	1.0
25797	1.0	8.567085603086944e-30
25798	0.0	1.0
25799	0.0	1.0
25801	0.0	1.0
25802	2.3802517611359875e-06	0.9999976197482389
25803	2.928697284687587e-10	0.9999999997071303
25804	0.0	1.0
25805	4.440892098500626e-16	0.9999999999999996
25806	0.0	1.0
25807	2.220446049250313e-16	0.9999999999999998
25808	0.0	1.0
25809	1.5003553954784365e-12	0.9999999999984996
25810	0.0	1.0
25811	0.0	1.0
25812	0.0	1.0
25813	0.0	1.0
25814	0.0	1.0
25815	0.16573947949573942	0.8342605205042606
25816	0.0	1.0
25817	0.0	1.0
25818	0.0	1.0
25819	0.0	1.0
25820	0.0	1.0
25821	0.0	1.0
25822	0.0	1.0
25823	0.0	1.0
25824	0.0	1.0
25825	0.0	1.0
25826	0.0	1.0
25827	0.0	1.0
25828	0.0	1.0
25829	0.0	1.0
25831	0.0	1.0
25832	0.0	1.0
25833	0.0	1.0
25834	0.0	1.0
25835	0.0	1.0
25836	2.0553558854885523e-11	0.9999999999794464
25837	8.58424442640171e-13	0.9999999999991416
25838	0.0	1.0
25839	0.0	1.0
25840	0.0	1.0
25841	0.0	1.0
25842	0.0	1.0
25843	0.0	1.0
25844	0.0	1.0
25845	9.550138457825597e-13	0.999999999999045
25846	6.366018823200648e-13	0.9999999999993634
25847	2.7915447731174936e-12	0.9999999999972085
25848	0.0	1.0
25849	0.0	1.0
25850	0.0	1.0
25851	0.0	1.0
25852	0.0	1.0
25853	0.0	1.0
25854	0.0	1.0
25855	1.687538997430238e-14	0.9999999999999831
25856	2.985087111939677e-07	0.9999997014912888
25857	0.0	1.0
25858	0.0	1.0
25859	2.932058373872337e-08	0.9999999706794163
25861	0.0	1.0
25862	0.0	1.0
25863	0.0	1.0
25864	0.0	1.0
25865	0.0	1.0
25866	0.0	1.0
25867	0.0	1.0
25868	0.0	1.0
25869	0.0	1.0
25870	2.886579864025407e-14	0.9999999999999711
25871	0.0	1.0
25872	0.0	1.0
25873	0.0	1.0
25874	0.0	1.0
25875	0.0	1.0
25876	0.0	1.0
25877	0.0	1.0
25878	0.0	1.0
25879	0.0	1.0
25880	0.0	1.0
25881	0.0	1.0
25882	0.0	1.0
25883	0.0	1.0
25884	0.002108149940216242	0.9978918500597838
25885	0.0	1.0
25886	0.0	1.0
25887	0.0	1.0
25888	1.2846612662542611e-11	0.9999999999871534
25889	0.0	1.0
25891	0.0	1.0
25892	0.0	1.0
25893	0.0	1.0
25894	0.0	1.0
25895	5.232481115058363e-12	0.9999999999947675
25896	0.0	1.0
25897	8.881784197001252e-16	0.9999999999999991
25898	0.0	1.0
25899	0.0	1.0
25900	1.0667844385636727e-10	0.9999999998933216
25901	0.0	1.0
25902	0.0	1.0
25903	0.0	1.0
25904	0.0	1.0
25905	0.0	1.0
25906	1.0652876421657353e-05	0.9999893471235783
25907	1.5979229520124427e-05	0.9999840207704799
25908	0.00038607919018252	0.9996139208098175
25909	3.165110840086527e-09	0.9999999968348892
25910	0.0	1.0
25911	0.0	1.0
25912	0.0	1.0
25913	0.0	1.0
25914	0.0	1.0
25915	0.0	1.0
25916	0.0	1.0
25917	1.438849039914203e-13	0.9999999999998561
25918	3.8767373349735124e-05	0.9999612326266503
25919	0.0	1.0
25921	1.910623881329343e-09	0.9999999980893761
25922	1.9984014443252818e-15	0.999999999999998
25923	0.0	1.0
25924	0.0	1.0
25925	0.0	1.0
25926	0.0	1.0
25927	0.0	1.0
25928	0.0	1.0
25929	0.0	1.0
25930	0.0	1.0
25931	0.0	1.0
25932	0.0	1.0
25933	0.0	1.0
25934	0.0	1.0
25935	0.001280249992742899	0.9987197500072571
25936	0.0	1.0
25937	0.0	1.0
25938	0.0	1.0
25939	0.0	1.0
25940	0.0	1.0
25941	4.178658308262584e-09	0.9999999958213417
25942	0.0	1.0
25943	0.0	1.0
25944	0.0	1.0
25945	0.0	1.0
25946	0.0	1.0
25947	0.0	1.0
25948	0.0	1.0
25949	3.8347103270552907e-13	0.9999999999996165
25951	0.0	1.0
25952	2.865796489004424e-11	0.999999999971342
25953	0.0	1.0
25954	0.99798237384281	0.0020176261571899887
25955	0.00044028734177936624	0.9995597126582206
25956	0.0	1.0
25957	0.0	1.0
25958	0.0	1.0
25959	0.0	1.0
25960	2.3788349068354364e-10	0.9999999997621165
25961	1.5858891977416079e-10	0.9999999998414111
25962	0.0	1.0
25963	0.0	1.0
25964	0.0	1.0
25965	0.9999999989384392	1.0615608107179439e-09
25966	0.0	1.0
25967	0.0	1.0
25968	1.1236337121744988e-05	0.9999887636628783
25969	0.0	1.0
25970	0.0	1.0
25971	0.0	1.0
25972	8.659739592076221e-15	0.9999999999999913
25973	0.0	1.0
25974	0.0	1.0
25975	0.0	1.0
25976	0.0	1.0
25977	0.0	1.0
25978	0.0	1.0
25979	1.5224532745605757e-10	0.9999999998477547
25981	0.0	1.0
25982	0.0	1.0
25983	0.9999970354782285	2.964521771523392e-06
25984	0.005000944620319525	0.9949990553796805
25985	0.0	1.0
25986	4.803490938343202e-12	0.9999999999951965
25987	2.886579864025407e-15	0.9999999999999971
25988	0.0	1.0
25989	4.098943406916078e-13	0.9999999999995901
25990	0.0	1.0
25991	0.0	1.0
25992	7.58593188265877e-11	0.9999999999241407
25993	2.1538326677728037e-14	0.9999999999999785
25994	0.0	1.0
25995	0.0	1.0
25996	0.0	1.0
25997	0.0	1.0
25998	0.0	1.0
25999	0.0	1.0
26000	0.0	1.0
26001	0.0	1.0
26002	0.0	1.0
26003	6.367405713803009e-09	0.9999999936325943
26004	0.0	1.0
26005	0.0	1.0
26006	0.0	1.0
26007	0.0	1.0
26008	0.0	1.0
26009	0.0	1.0
26011	0.0	1.0
26012	2.6645352591003757e-15	0.9999999999999973
26013	1.5543122344752192e-15	0.9999999999999984
26014	2.3788349068354364e-10	0.9999999997621165
26015	0.0	1.0
26016	0.0	1.0
26017	0.0	1.0
26018	3.6193270602780103e-14	0.9999999999999638
26019	0.0	1.0
26020	1.5858891977416079e-10	0.9999999998414111
26021	9.747758156208874e-14	0.9999999999999025
26022	0.0	1.0
26023	0.0	1.0
26024	9.067857575928429e-12	0.9999999999909321
26025	0.0	1.0
26026	0.0	1.0
26027	0.0	1.0
26028	0.0	1.0
26029	0.0	1.0
26030	1.7186252421197423e-13	0.9999999999998281
26031	0.0	1.0
26032	0.0	1.0
26033	0.0	1.0
26034	0.0	1.0
26035	0.0	1.0
26036	0.0	1.0
26037	0.0	1.0
26038	0.0	1.0
26039	4.08765199466643e-09	0.999999995912348
26041	0.0	1.0
26042	0.0	1.0
26043	0.0	1.0
26044	0.0	1.0
26045	0.0	1.0
26046	0.0	1.0
26047	0.0	1.0
26048	0.0	1.0
26049	2.220446049250313e-16	0.9999999999999998
26050	0.0	1.0
26051	0.0	1.0
26052	0.0	1.0
26053	0.0	1.0
26054	3.143551197126726e-09	0.9999999968564488
26055	8.201054613188319e-09	0.9999999917989454
26056	0.0	1.0
26057	0.0	1.0
26058	0.0	1.0
26059	0.0	1.0
26060	0.0	1.0
26061	0.0	1.0
26062	0.0	1.0
26063	0.0	1.0
26064	0.0	1.0
26065	0.0	1.0
26066	0.0	1.0
26067	0.0	1.0
26068	1.0880185641326534e-14	0.9999999999999891
26069	0.0	1.0
26071	0.0	1.0
26072	0.0	1.0
26073	0.0	1.0
26074	0.0	1.0
26075	0.0	1.0
26076	0.0	1.0
26077	0.0	1.0
26078	0.0	1.0
26079	0.0	1.0
26080	0.0002321112542702508	0.9997678887457297
26081	0.0	1.0
26082	0.0	1.0
26083	0.0	1.0
26084	4.9649839795051776e-11	0.9999999999503502
26085	0.0	1.0
26086	0.0	1.0
26087	3.7015306686427607e-07	0.9999996298469331
26088	0.0	1.0
26089	0.0	1.0
26090	0.0	1.0
26091	0.0	1.0
26092	0.0	1.0
26093	0.0	1.0
26094	1.4777068457760834e-12	0.9999999999985223
26095	0.0	1.0
26096	0.0	1.0
26097	0.0	1.0
26098	0.0	1.0
26099	0.0	1.0
26101	0.0	1.0
26102	0.0	1.0
26103	0.0	1.0
26104	0.0	1.0
26105	0.0	1.0
26106	0.0	1.0
26107	0.0	1.0
26108	0.0	1.0
26109	0.0	1.0
26110	0.0	1.0
26111	0.0	1.0
26112	0.0	1.0
26113	0.0	1.0
26114	0.0	1.0
26115	0.0	1.0
26116	3.7903014060702844e-13	0.999999999999621
26117	2.7989914830328644e-09	0.9999999972010085
26118	0.0	1.0
26119	0.0	1.0
26120	1.256449422282202e-08	0.9999999874355058
26121	0.0	1.0
26122	0.0	1.0
26123	0.0	1.0
26124	0.0	1.0
26125	3.481659405224491e-13	0.9999999999996518
26126	3.481659405224491e-13	0.9999999999996518
26127	0.0	1.0
26128	0.0	1.0
26129	0.0	1.0
26131	0.0	1.0
26132	0.0	1.0
26133	0.0	1.0
26134	1.6176076034213338e-08	0.999999983823924
26135	0.0	1.0
26136	0.0	1.0
26137	0.0	1.0
26138	0.0	1.0
26139	0.0	1.0
26140	0.0	1.0
26141	0.0	1.0
26142	7.514211475267984e-12	0.9999999999924858
26143	0.0	1.0
26144	0.00034346786739380963	0.9996565321326062
26145	0.0	1.0
26146	0.0	1.0
26147	2.6071589331877476e-11	0.9999999999739284
26148	2.6071589331877476e-11	0.9999999999739284
26149	1.2989609388114332e-13	0.9999999999998701
26150	0.0	1.0
26151	0.5009739921714758	0.49902600782852424
26152	9.679545498464392e-09	0.9999999903204545
26153	3.9720626354711186e-07	0.9999996027937365
26154	9.847593951395339e-08	0.9999999015240605
26155	0.0	1.0
26156	0.0	1.0
26157	0.0	1.0
26158	0.0	1.0
26159	1.6586731987899839e-13	0.9999999999998341
26161	0.0	1.0
26162	0.0	1.0
26163	0.0	1.0
26164	5.129169089457264e-09	0.9999999948708309
26165	0.0	1.0
26166	0.0	1.0
26167	0.0	1.0
26168	0.0	1.0
26169	0.0	1.0
26170	0.0	1.0
26171	0.0	1.0
26172	0.0	1.0
26173	0.0	1.0
26174	0.0	1.0
26175	0.0	1.0
26176	0.0	1.0
26177	0.0	1.0
26178	0.0	1.0
26179	0.0	1.0
26180	0.0	1.0
26181	0.0	1.0
26182	0.0	1.0
26183	0.0	1.0
26184	0.0	1.0
26185	0.0	1.0
26186	0.0	1.0
26187	0.010088175416228862	0.9899118245837711
26188	0.0	1.0
26189	0.0	1.0
26191	0.0	1.0
26192	0.0	1.0
26193	0.0	1.0
26194	0.0	1.0
26195	0.0	1.0
26196	0.0	1.0
26197	0.0	1.0
26198	0.0	1.0
26199	0.0	1.0
26200	0.0	1.0
26201	0.0	1.0
26202	0.0	1.0
26203	0.0	1.0
26204	0.0	1.0
26205	0.0	1.0
26206	5.289845173006569e-08	0.9999999471015483
26207	0.0	1.0
26208	0.0	1.0
26209	0.0	1.0
26210	0.0	1.0
26211	0.0	1.0
26212	0.0	1.0
26213	1.1102230246251565e-15	0.9999999999999989
26214	0.0	1.0
26215	0.0	1.0
26216	0.0	1.0
26217	0.0	1.0
26218	0.0	1.0
26219	0.0	1.0
26221	0.0	1.0
26222	0.0	1.0
26223	0.0	1.0
26224	0.0	1.0
26225	0.0	1.0
26226	0.0	1.0
26227	0.0	1.0
26228	0.0	1.0
26229	0.0	1.0
26230	0.0	1.0
26231	0.0	1.0
26232	0.0	1.0
26233	0.0	1.0
26234	0.0	1.0
26235	0.0	1.0
26236	0.0	1.0
26237	0.0	1.0
26238	0.0	1.0
26239	0.0	1.0
26240	0.0	1.0
26241	0.0	1.0
26242	0.0	1.0
26243	1.3367085216486885e-13	0.9999999999998663
26244	0.0	1.0
26245	0.0	1.0
26246	0.0	1.0
26247	0.0	1.0
26248	0.0	1.0
26249	0.0	1.0
26251	0.0	1.0
26252	9.260115640952193e-08	0.9999999073988436
26253	0.0	1.0
26254	0.0	1.0
26255	0.0	1.0
26256	0.0	1.0
26257	0.0	1.0
26258	9.777778586794739e-11	0.9999999999022222
26259	0.0	1.0
26260	0.0067180097105074	0.9932819902894926
26261	0.0	1.0
26262	2.930988785010413e-14	0.9999999999999707
26263	1.6753770070376817e-05	0.9999832462299296
26264	0.0	1.0
26265	0.0	1.0
26266	0.0	1.0
26267	0.0	1.0
26268	1.5750673509895563e-07	0.9999998424932649
26269	4.301452527499805e-09	0.9999999956985475
26270	0.0	1.0
26271	0.0	1.0
26272	0.0	1.0
26273	0.0	1.0
26274	0.0	1.0
26275	0.0	1.0
26276	0.0	1.0
26277	0.0	1.0
26278	0.0	1.0
26279	0.0	1.0
26281	0.0	1.0
26282	0.0	1.0
26283	0.0	1.0
26284	8.504308368628699e-14	0.999999999999915
26285	1.5858891977416079e-10	0.9999999998414111
26286	0.0	1.0
26287	0.0	1.0
26288	2.219113781620763e-12	0.9999999999977809
26289	1.3790770154731291e-06	0.9999986209229845
26290	0.0	1.0
26291	0.0	1.0
26292	4.730307795464128e-07	0.9999995269692205
26293	2.6645352591003757e-14	0.9999999999999734
26294	2.227886763961351e-10	0.9999999997772113
26295	1.2124590220707887e-10	0.9999999998787541
26296	0.0	1.0
26297	0.0	1.0
26298	0.0	1.0
26299	0.0	1.0
26300	2.220446049250313e-16	0.9999999999999998
26301	0.0	1.0
26302	0.017607897063799727	0.9823921029362003
26303	0.0	1.0
26304	0.0	1.0
26305	6.661338147750939e-16	0.9999999999999993
26306	0.0	1.0
26307	0.0	1.0
26308	0.0	1.0
26309	0.0	1.0
26311	0.0	1.0
26312	0.0	1.0
26313	0.0	1.0
26314	1.2066565420854047e-05	0.9999879334345791
26315	1.2066565420854047e-05	0.9999879334345791
26316	0.0	1.0
26317	1.0835776720341528e-13	0.9999999999998916
26318	0.0	1.0
26319	2.9665159217984183e-13	0.9999999999997033
26320	0.0	1.0
26321	1.7454357958968103e-09	0.9999999982545642
26322	1.092237411626229e-12	0.9999999999989078
26323	0.0	1.0
26324	0.0	1.0
26325	0.0	1.0
26326	0.0	1.0
26327	0.0	1.0
26328	0.0	1.0
26329	0.0	1.0
26330	0.0	1.0
26331	0.0	1.0
26332	0.0	1.0
26333	0.0	1.0
26334	0.0	1.0
26335	7.233369458958805e-11	0.9999999999276663
26336	7.233369458958805e-11	0.9999999999276663
26337	0.0002646385342603974	0.9997353614657396
26338	0.0002646385342603974	0.9997353614657396
26339	0.0	1.0
26341	0.0	1.0
26342	5.961457105740919e-09	0.9999999940385429
26343	0.0	1.0
26344	0.0	1.0
26345	0.0	1.0
26346	0.0	1.0
26347	0.0	1.0
26348	0.0	1.0
26349	0.0	1.0
26350	0.0	1.0
26351	2.6645352591003757e-15	0.9999999999999973
26352	0.0	1.0
26353	0.0	1.0
26354	0.0	1.0
26355	4.75175454539567e-14	0.9999999999999525
26356	0.0	1.0
26357	0.0	1.0
26358	0.0	1.0
26359	0.0	1.0
26360	0.0	1.0
26361	0.6916945172842199	0.30830548271578007
26362	0.0	1.0
26363	0.0	1.0
26364	0.0	1.0
26365	0.0	1.0
26366	0.0	1.0
26367	0.0	1.0
26368	0.0	1.0
26369	0.0	1.0
26371	8.489395852961934e-10	0.9999999991510604
26372	0.0	1.0
26373	0.0	1.0
26374	0.0	1.0
26375	3.866214015602054e-10	0.9999999996133786
26376	0.0	1.0
26377	3.311839691377827e-11	0.9999999999668816
26378	1.8228307752110595e-11	0.9999999999817717
26379	0.0	1.0
26380	0.0	1.0
26381	3.232036860367771e-11	0.9999999999676796
26382	0.0	1.0
26383	0.0	1.0
26384	0.0	1.0
26385	0.0	1.0
26386	2.220446049250313e-16	0.9999999999999998
26387	0.8859021196201158	0.11409788037988416
26388	0.0	1.0
26389	5.451195050909519e-13	0.9999999999994549
26390	0.0	1.0
26391	0.0	1.0
26392	0.0	1.0
26393	2.220446049250313e-16	0.9999999999999998
26394	0.0	1.0
26395	0.0	1.0
26396	1.5543122344752192e-15	0.9999999999999984
26397	0.0	1.0
26398	0.0	1.0
26399	0.0	1.0
26401	0.0	1.0
26402	0.0	1.0
26403	0.0	1.0
26404	0.0	1.0
26405	0.0	1.0
26406	0.0	1.0
26407	0.0	1.0
26408	7.250200440012122e-12	0.9999999999927498
26409	1.0512264725370812e-08	0.9999999894877353
26410	2.898616902058393e-09	0.9999999971013831
26411	6.003328945070052e-10	0.9999999993996671
26412	4.0022207770107343e-10	0.9999999995997779
26413	4.1064263101020515e-11	0.9999999999589357
26414	4.1064263101020515e-11	0.9999999999589357
26415	5.062996688565136e-10	0.9999999994937003
26416	0.0	1.0
26417	0.0	1.0
26418	0.0	1.0
26419	0.0	1.0
26420	0.0	1.0
26421	0.0	1.0
26422	0.0	1.0
26423	0.0	1.0
26424	0.0	1.0
26425	2.6645352591003757e-15	0.9999999999999973
26426	0.0	1.0
26427	0.0	1.0
26428	0.0	1.0
26429	0.0	1.0
26431	9.192646643896296e-14	0.9999999999999081
26432	6.845635169838715e-13	0.9999999999993154
26433	0.0	1.0
26434	6.439293542825908e-15	0.9999999999999936
26435	9.68491953301509e-12	0.9999999999903151
26436	0.0	1.0
26437	1.5543122344752192e-15	0.9999999999999984
26438	0.0	1.0
26439	0.0	1.0
26440	0.0	1.0
26441	0.0	1.0
26442	0.0	1.0
26443	0.0	1.0
26444	0.0	1.0
26445	0.0	1.0
26446	0.0	1.0
26447	0.0	1.0
26448	0.0	1.0
26449	0.0	1.0
26450	0.0	1.0
26451	0.0	1.0
26452	0.0	1.0
26453	2.050803971087589e-12	0.9999999999979492
26454	1.55954856695395e-07	0.9999998440451433
26455	0.0	1.0
26456	2.220446049250313e-16	0.9999999999999998
26457	1.5858891977416079e-10	0.9999999998414111
26458	2.4202861936828413e-14	0.9999999999999758
26459	0.0	1.0
26461	4.987121826616203e-13	0.9999999999995013
26462	2.3788349068354364e-10	0.9999999997621165
26463	1.2852889863523842e-09	0.999999998714711
26464	0.0	1.0
26465	0.0	1.0
26466	6.796674334452746e-11	0.9999999999320333
26467	2.3788349068354364e-10	0.9999999997621165
26468	2.3788349068354364e-10	0.9999999997621165
26469	0.0	1.0
26470	0.0	1.0
26471	0.0	1.0
26472	0.0	1.0
26473	0.0	1.0
26474	0.0	1.0
26475	8.881784197001252e-16	0.9999999999999991
26476	0.0	1.0
26477	0.0	1.0
26478	0.0	1.0
26479	0.0	1.0
26480	0.0	1.0
26481	0.0	1.0
26482	0.0	1.0
26483	0.0	1.0
26484	2.3788349068354364e-10	0.9999999997621165
26485	2.3788349068354364e-10	0.9999999997621165
26486	0.0	1.0
26487	0.0	1.0
26488	0.0	1.0
26489	0.0	1.0
26491	0.0	1.0
26492	0.0	1.0
26493	0.0	1.0
26494	2.3788349068354364e-10	0.9999999997621165
26495	0.0	1.0
26496	2.220446049250313e-16	0.9999999999999998
26497	0.0	1.0
26498	0.0	1.0
26499	0.0	1.0
26500	0.0	1.0
26501	9.180989302137732e-11	0.9999999999081901
26502	0.0	1.0
26503	0.0	1.0
26504	2.3788349068354364e-10	0.9999999997621165
26505	0.0	1.0
26506	0.0	1.0
26507	0.0	1.0
26508	0.0	1.0
26509	2.042810365310288e-14	0.9999999999999796
26510	0.0	1.0
26511	0.0	1.0
26512	0.0	1.0
26513	0.0	1.0
26514	0.0	1.0
26515	0.0	1.0
26516	0.0	1.0
26517	0.0	1.0
26518	0.0	1.0
26519	1.5858891977416079e-10	0.9999999998414111
26521	0.0	1.0
26522	0.0	1.0
26523	0.0	1.0
26524	0.0	1.0
26525	0.0	1.0
26526	2.3788349068354364e-10	0.9999999997621165
26527	0.0	1.0
26528	0.0	1.0
26529	0.0	1.0
26530	0.0010283094171287255	0.9989716905828713
26531	4.543920795185841e-12	0.9999999999954561
26532	0.0	1.0
26533	0.0	1.0
26534	2.3788349068354364e-10	0.9999999997621165
26535	5.902005550950662e-10	0.9999999994097994
26536	0.0	1.0
26537	1.7763568394002505e-15	0.9999999999999982
26538	3.774758283725532e-15	0.9999999999999962
26539	0.0	1.0
26540	0.0	1.0
26541	1.5858891977416079e-10	0.9999999998414111
26542	0.0	1.0
26543	2.3788349068354364e-10	0.9999999997621165
26544	0.0	1.0
26545	1.1339240657548544e-10	0.9999999998866076
26546	0.0	1.0
26547	0.0	1.0
26548	0.0	1.0
26549	0.0	1.0
26551	0.0	1.0
26552	5.848654893725325e-13	0.9999999999994151
26553	0.0	1.0
26554	0.0	1.0
26555	0.09100652379469953	0.9089934762053005
26556	0.0	1.0
26557	0.0	1.0
26558	0.0	1.0
26559	2.4202861936828413e-14	0.9999999999999758
26560	1.5858891977416079e-10	0.9999999998414111
26561	6.936509409083413e-07	0.9999993063490591
26562	1.1365544061447963e-09	0.9999999988634456
26563	0.0	1.0
26564	0.0	1.0
26565	0.0	1.0
26566	8.827757880247589e-08	0.9999999117224212
26567	0.0	1.0
26568	0.0	1.0
26569	5.323621099506681e-09	0.9999999946763789
26570	0.0	1.0
26571	3.130637971082706e-10	0.9999999996869362
26572	0.0	1.0
26573	0.0	1.0
26574	0.0	1.0
26575	0.0005961950732595866	0.9994038049267404
26576	0.0005961950732595866	0.9994038049267404
26577	0.0	1.0
26578	0.0007115450180924521	0.9992884549819075
26579	0.0	1.0
26581	0.0006264648498660597	0.9993735351501339
26582	0.0	1.0
26583	0.0	1.0
26584	0.0	1.0
26585	3.7381697737259856e-10	0.999999999626183
26586	0.0	1.0
26587	0.0	1.0
26588	1.2225597989523607e-07	0.9999998777440201
26589	0.0	1.0
26590	0.0	1.0
26591	0.0	1.0
26592	0.0	1.0
26593	0.0	1.0
26594	0.0	1.0
26595	0.0	1.0
26596	0.0	1.0
26597	4.951594689828198e-14	0.9999999999999505
26598	0.0	1.0
26599	0.0	1.0
26600	0.0	1.0
26601	0.0	1.0
26602	0.0	1.0
26603	1.833839585740904e-07	0.9999998166160414
26604	2.220446049250313e-16	0.9999999999999998
26605	0.0	1.0
26606	0.0	1.0
26607	0.0	1.0
26608	1.3322676295501878e-15	0.9999999999999987
26609	0.02852767987322946	0.9714723201267705
26611	0.0	1.0
26612	0.0	1.0
26613	0.0	1.0
26614	0.0	1.0
26615	0.0	1.0
26616	0.0	1.0
26617	0.0	1.0
26618	0.0	1.0
26619	0.0	1.0
26620	0.0	1.0
26621	0.0	1.0
26622	0.0	1.0
26623	0.0	1.0
26624	0.0	1.0
26625	0.0	1.0
26626	2.220446049250313e-16	0.9999999999999998
26627	2.220446049250313e-16	0.9999999999999998
26628	0.0	1.0
26629	0.0	1.0
26630	3.844879969960857e-11	0.9999999999615512
26631	0.0	1.0
26632	0.0	1.0
26633	0.0	1.0
26634	0.0	1.0
26635	0.0	1.0
26636	0.0	1.0
26637	0.0	1.0
26638	0.0	1.0
26639	0.0	1.0
26641	0.0	1.0
26642	0.0	1.0
26643	0.0	1.0
26644	6.117004680561422e-10	0.9999999993882995
26645	0.0	1.0
26646	0.0	1.0
26647	0.0	1.0
26648	0.0	1.0
26649	1.5858891977416079e-10	0.9999999998414111
26650	0.0	1.0
26651	3.9647241045770443e-10	0.9999999996035276
26652	0.0	1.0
26653	0.0	1.0
26654	0.0	1.0
26655	0.0	1.0
26656	0.0	1.0
26657	0.0	1.0
26658	0.0	1.0
26659	0.0	1.0
26660	0.0	1.0
26661	0.0	1.0
26662	1.6312009520902393e-09	0.999999998368799
26663	0.0	1.0
26664	0.0	1.0
26665	9.515339627341746e-10	0.999999999048466
26666	0.0	1.0
26667	0.0	1.0
26668	1.9202417433916708e-12	0.9999999999980798
26669	8.90443793144513e-08	0.9999999109556207
26671	3.6955555060558254e-08	0.9999999630444449
26672	0.0	1.0
26673	7.969180870759374e-13	0.9999999999992031
26674	0.0	1.0
26675	0.0	1.0
26676	0.0	1.0
26677	0.0	1.0
26678	0.0	1.0
26679	1.3022201761359042e-08	0.9999999869777982
26680	1.9627455627446722e-07	0.9999998037254437
26681	9.054621018078635e-06	0.9999909453789819
26682	1.3581870037637778e-05	0.9999864181299624
26683	0.0	1.0
26684	0.0	1.0
26685	5.926370505449086e-13	0.9999999999994074
26686	5.384515056050532e-10	0.9999999994615485
26687	8.076774804521847e-10	0.9999999991923225
26688	0.0	1.0
26689	5.943135650277043e-08	0.9999999405686435
26690	2.3788349068354364e-10	0.9999999997621165
26691	0.0	1.0
26692	0.0	1.0
26693	0.0	1.0
26694	0.0	1.0
26695	0.0	1.0
26696	0.0	1.0
26697	0.0	1.0
26698	0.0	1.0
26699	0.0	1.0
26701	0.0	1.0
26702	1.7444787836495834e-09	0.9999999982555212
26703	8.171241461241152e-14	0.9999999999999183
26704	3.1086244689504383e-15	0.9999999999999969
26705	9.547918011776346e-15	0.9999999999999905
26706	0.0	1.0
26707	0.0	1.0
26708	1.609823385706477e-13	0.999999999999839
26709	3.861333475185802e-11	0.9999999999613867
26710	0.0	1.0
26711	5.15430101599712e-07	0.9999994845698984
26712	0.8537886669856527	0.14621133301434736
26713	0.009109193061134557	0.9908908069388654
26714	0.0	1.0
26715	0.0	1.0
26716	1.6129128715958174e-05	0.999983870871284
26717	0.0	1.0
26718	0.0	1.0
26719	0.0	1.0
26720	0.0	1.0
26721	0.0	1.0
26722	0.0	1.0
26723	0.0	1.0
26724	0.0	1.0
26725	1.59601221128014e-11	0.9999999999840399
26726	2.3788349068354364e-10	0.9999999997621165
26727	0.0	1.0
26728	5.947087267088591e-11	0.9999999999405291
26729	0.0	1.0
26731	0.0	1.0
26732	0.0	1.0
26733	0.0	1.0
26734	2.3788349068354364e-10	0.9999999997621165
26735	0.0	1.0
26736	0.0	1.0
26737	0.0	1.0
26738	8.947509400059062e-12	0.9999999999910525
26739	0.0	1.0
26740	1.3406143042793417e-05	0.9999865938569572
26741	3.5461069636255615e-09	0.999999996453893
26742	6.0311755589737e-12	0.9999999999939688
26743	0.0	1.0
26744	3.4017233474514796e-13	0.9999999999996598
26745	0.0	1.0
26746	1.9199706269290573e-09	0.9999999980800294
26747	0.0	1.0
26748	2.068655469145142e-09	0.9999999979313445
26749	0.0	1.0
26750	0.0	1.0
26751	0.0	1.0
26752	0.0	1.0
26753	0.20282572027155932	0.7971742797284407
26754	1.1101228825083354e-09	0.9999999988898771
26755	0.0	1.0
26756	0.0	1.0
26757	0.0	1.0
26758	0.0	1.0
26759	0.0	1.0
26761	6.084022174945858e-14	0.9999999999999392
26762	0.0	1.0
26763	0.0	1.0
26764	0.0	1.0
26765	5.087041898832467e-13	0.9999999999994913
26766	1.5720758028692217e-13	0.9999999999998428
26767	0.0	1.0
26768	0.0	1.0
26769	0.0	1.0
26770	0.0	1.0
26771	0.0	1.0
26772	3.781115787138134e-08	0.9999999621888421
26773	6.752221004546755e-11	0.9999999999324778
26774	2.220446049250313e-16	0.9999999999999998
26775	0.0	1.0
26776	8.373968185537706e-12	0.999999999991626
26777	5.582645457025137e-12	0.9999999999944174
26778	0.0	1.0
26779	0.0	1.0
26780	0.0	1.0
26781	0.0	1.0
26782	0.0	1.0
26783	0.0	1.0
26784	0.0	1.0
26785	0.0	1.0
26786	0.0	1.0
26787	0.0	1.0
26788	0.0	1.0
26789	0.0	1.0
26791	0.0	1.0
26792	0.0	1.0
26793	0.0	1.0
26794	0.0	1.0
26795	0.0	1.0
26796	0.8468378591881423	0.1531621408118577
26797	0.0	1.0
26798	0.0	1.0
26799	0.0	1.0
26800	7.192868523020479e-11	0.9999999999280713
26801	0.000406317033960657	0.9995936829660393
26802	2.3788349068354364e-10	0.9999999997621165
26803	0.0	1.0
26804	0.0	1.0
26805	0.0	1.0
26806	4.002473317443744e-06	0.9999959975266826
26807	0.0	1.0
26808	0.0	1.0
26809	1.0	1.401193365432609e-25
26810	1.0693823604412955e-10	0.9999999998930618
26811	1.6040724304389187e-10	0.9999999998395928
26812	0.0	1.0
26813	0.0	1.0
26814	5.129230373768223e-14	0.9999999999999487
26815	0.0	1.0
26816	0.0	1.0
26817	0.0	1.0
26818	3.3306690738754696e-15	0.9999999999999967
26819	0.0	1.0
26821	0.0	1.0
26822	0.0	1.0
26823	0.0	1.0
26824	0.0	1.0
26825	1.5858891977416079e-10	0.9999999998414111
26826	0.0	1.0
26827	0.0	1.0
26828	7.929457090938286e-11	0.9999999999207054
26829	0.0	1.0
26830	0.08944595319444071	0.9105540468055593
26831	0.0	1.0
26832	0.0	1.0
26833	0.0	1.0
26834	0.0	1.0
26835	0.0	1.0
26836	2.3788349068354364e-10	0.9999999997621165
26837	7.275513524973576e-12	0.9999999999927245
26838	0.0	1.0
26839	2.504811913439653e-10	0.9999999997495188
26840	0.0	1.0
26841	2.220446049250313e-16	0.9999999999999998
26842	0.0	1.0
26843	9.103828801926284e-15	0.9999999999999909
26844	2.731148640577885e-14	0.9999999999999727
26845	1.1375345110309354e-12	0.9999999999988625
26846	0.0	1.0
26847	0.0	1.0
26848	0.0	1.0
26849	1.5858891977416079e-10	0.9999999998414111
26851	0.0	1.0
26852	0.0	1.0
26853	0.0	1.0
26854	0.0	1.0
26855	0.0	1.0
26856	7.705533141844079e-05	0.9999229446685816
26857	0.0	1.0
26858	2.220446049250313e-16	0.9999999999999998
26859	2.924162467721203e-09	0.9999999970758375
26860	1.5565326805244695e-12	0.9999999999984435
26861	2.130515985854231e-09	0.999999997869484
26862	8.881784197001252e-16	0.9999999999999991
26863	8.881784197001252e-16	0.9999999999999991
26864	0.0	1.0
26865	0.0	1.0
26866	0.0	1.0
26867	0.0	1.0
26868	0.0	1.0
26869	0.0	1.0
26870	0.0	1.0
26871	0.0	1.0
26872	0.0	1.0
26873	0.0	1.0
26874	0.0	1.0
26875	0.0	1.0
26876	1.411300873344068e-05	0.9999858869912666
26877	0.0	1.0
26878	0.0	1.0
26879	0.0	1.0
26881	0.0	1.0
26882	0.0	1.0
26883	0.0	1.0
26884	0.0	1.0
26885	0.0	1.0
26886	0.0	1.0
26887	4.2250567489077184e-09	0.9999999957749433
26888	0.0	1.0
26889	0.0	1.0
26890	0.0	1.0
26891	0.0	1.0
26892	0.0	1.0
26893	1.770037449944084e-10	0.9999999998229963
26894	0.0	1.0
26895	0.0	1.0
26896	0.0	1.0
26897	0.0	1.0
26898	4.440892098500626e-16	0.9999999999999996
26899	0.0	1.0
26900	0.0	1.0
26901	0.0	1.0
26902	0.0	1.0
26903	3.8051783946002615e-12	0.9999999999961948
26904	5.448974604860268e-13	0.9999999999994551
26905	0.0	1.0
26906	8.881784197001252e-16	0.9999999999999991
26907	0.0	1.0
26908	0.0	1.0
26909	0.0	1.0
26911	0.0	1.0
26912	0.0	1.0
26913	2.9685143232427436e-12	0.9999999999970315
26914	0.0	1.0
26915	0.0	1.0
26916	5.908429301371143e-11	0.9999999999409157
26917	0.0	1.0
26918	2.7382407452591906e-10	0.9999999997261759
26919	6.927791673660977e-14	0.9999999999999307
26920	1.5543122344752192e-15	0.9999999999999984
26921	0.0	1.0
26922	0.0	1.0
26923	0.0	1.0
26924	0.0	1.0
26925	0.0008632603796151495	0.9991367396203849
26926	0.0	1.0
26927	0.0	1.0
26928	0.0	1.0
26929	0.0	1.0
26930	0.004823334752899089	0.9951766652471009
26931	0.0	1.0
26932	1.4219536495496676e-05	0.9999857804635045
26933	0.0	1.0
26934	0.0	1.0
26935	6.6280314570121845e-12	0.999999999993372
26936	2.8863800238809745e-10	0.999999999711362
26937	0.0	1.0
26938	0.0	1.0
26939	1.1227285767745343e-10	0.9999999998877271
26941	0.0	1.0
26942	0.0	1.0
26943	0.0	1.0
26944	0.0	1.0
26945	0.0	1.0
26946	1.9637001913430652e-08	0.9999999803629981
26947	0.0	1.0
26948	6.511280403742603e-11	0.9999999999348872
26949	0.0	1.0
26950	0.0	1.0
26951	0.0	1.0
26952	0.0	1.0
26953	2.220446049250313e-16	0.9999999999999998
26954	0.0	1.0
26955	4.315948491928623e-07	0.9999995684051508
26956	2.877299407622047e-07	0.9999997122700592
26957	0.0	1.0
26958	6.439293542825908e-15	0.9999999999999936
26959	0.0	1.0
26960	0.0	1.0
26961	0.0	1.0
26962	0.0	1.0
26963	0.0	1.0
26964	0.0	1.0
26965	1.3637979634495423e-12	0.9999999999986362
26966	0.0	1.0
26967	0.0	1.0
26968	0.0	1.0
26969	0.0	1.0
26971	0.0	1.0
26972	0.0	1.0
26973	0.0	1.0
26974	0.0	1.0
26975	0.0	1.0
26976	0.0	1.0
26977	0.0	1.0
26978	3.1401703459721375e-10	0.999999999685983
26979	0.0	1.0
26980	0.0	1.0
26981	0.0	1.0
26982	0.0	1.0
26983	5.3299586966204515e-12	0.99999999999467
26984	1.208833033672363e-11	0.9999999999879117
26985	0.0	1.0
26986	0.0	1.0
26987	0.0	1.0
26988	0.0	1.0
26989	0.0	1.0
26990	0.0	1.0
26991	0.0	1.0
26992	0.0	1.0
26993	0.0	1.0
26994	1.1702751046005488e-07	0.9999998829724895
26995	1.1702751046005488e-07	0.9999998829724895
26996	0.0	1.0
26997	0.0	1.0
26998	0.002604762656848836	0.9973952373431512
26999	0.0	1.0
27001	2.2264212695688457e-10	0.9999999997773579
27002	0.0	1.0
27003	0.0	1.0
27004	0.0	1.0
27005	0.0	1.0
27006	2.4001245435556484e-11	0.9999999999759988
27007	0.0	1.0
27008	0.0	1.0
27009	0.0	1.0
27010	0.07778144040498447	0.9222185595950155
27011	0.0	1.0
27012	0.0	1.0
27013	0.0	1.0
27014	8.789895589167429e-09	0.9999999912101044
27015	2.660094367001875e-13	0.999999999999734
27016	0.0	1.0
27017	0.0	1.0
27018	0.0	1.0
27019	1.685226591607858e-07	0.9999998314773408
27020	0.0	1.0
27021	0.0	1.0
27022	0.0	1.0
27023	0.0	1.0
27024	0.0	1.0
27025	0.0	1.0
27026	1.192157483842493e-12	0.9999999999988078
27027	0.0	1.0
27028	1.6682211168017602e-12	0.9999999999983318
27029	1.0777045922338857e-10	0.9999999998922295
27031	2.0310420012492614e-12	0.999999999997969
27032	3.0466740241763546e-12	0.9999999999969533
27033	0.0	1.0
27034	6.554246034795597e-11	0.9999999999344575
27035	4.262745051386574e-07	0.9999995737254949
27036	2.4311316582092957e-07	0.9999997568868342
27037	0.0	1.0
27038	0.5389707305814206	0.4610292694185793
27039	1.621480727465041e-11	0.9999999999837852
27040	5.9747762293227424e-12	0.9999999999940252
27041	2.440270208126094e-13	0.999999999999756
27042	7.105427357601002e-15	0.9999999999999929
27043	0.0	1.0
27044	0.0	1.0
27045	0.0	1.0
27046	0.0	1.0
27047	0.0	1.0
27048	5.327516205966276e-11	0.9999999999467248
27049	5.995204332975845e-15	0.999999999999994
27050	0.0	1.0
27051	0.0	1.0
27052	2.117528374867561e-11	0.9999999999788247
27053	3.9968028886505635e-15	0.999999999999996
27054	0.0	1.0
27055	8.8662410746565e-13	0.9999999999991134
27056	0.0	1.0
27057	0.0	1.0
27058	0.0	1.0
27059	0.0	1.0
27061	4.806333109286243e-10	0.9999999995193667
27062	0.0	1.0
27063	0.0	1.0
27064	0.0	1.0
27065	1.9391599437312834e-11	0.9999999999806084
27066	0.0	1.0
27067	0.0	1.0
27068	2.6578027825241435e-06	0.9999973421972175
27069	3.6771972133919917e-09	0.9999999963228028
27070	0.0	1.0
27071	2.148725641859528e-12	0.9999999999978513
27072	0.0	1.0
27073	0.0	1.0
27074	7.014963738782853e-07	0.9999992985036261
27075	0.0	1.0
27076	7.949196856316121e-14	0.9999999999999205
27077	0.0	1.0
27078	1.2474267951922968e-08	0.999999987525732
27079	3.0495450930034806e-06	0.999996950454907
27080	0.0	1.0
27081	0.0	1.0
27082	0.0	1.0
27083	0.0	1.0
27084	2.221708594873917e-09	0.9999999977782914
27085	3.8413716652030416e-14	0.9999999999999616
27086	1.616555778127804e-10	0.9999999998383444
27087	1.9304846610168624e-10	0.9999999998069515
27088	0.0	1.0
27089	0.0	1.0
27091	0.0	1.0
27092	1.2807532812075806e-12	0.9999999999987192
27093	0.09474585675774505	0.905254143242255
27094	0.0	1.0
27095	0.0	1.0
27096	0.0	1.0
27097	7.801834323029055e-08	0.9999999219816568
27098	1.1702751046005488e-07	0.9999998829724895
27099	1.2612133559741778e-13	0.9999999999998739
27100	0.0	1.0
27101	0.0	1.0
27102	0.0	1.0
27103	0.0	1.0
27104	0.0	1.0
27105	0.0	1.0
27106	4.063416270128073e-14	0.9999999999999594
27107	0.0	1.0
27108	0.0	1.0
27109	0.0	1.0
27110	0.0	1.0
27111	0.0	1.0
27112	0.0	1.0
27113	0.0	1.0
27114	9.525713551283843e-14	0.9999999999999047
27115	5.595301999505864e-12	0.9999999999944047
27116	0.0	1.0
27117	0.0	1.0
27118	6.548487530011471e-09	0.9999999934515125
27119	2.26929586233382e-13	0.9999999999997731
27121	0.0	1.0
27122	0.0	1.0
27123	0.0	1.0
27124	1.0	1.217424350284872e-18
27125	0.0	1.0
27126	0.0	1.0
27127	0.0	1.0
27128	0.0	1.0
27129	0.0	1.0
27130	6.2658767063794585e-12	0.9999999999937341
27131	2.2035210248683157e-06	0.9999977964789751
27132	0.0	1.0
27133	0.0	1.0
27134	0.0	1.0
27135	0.0	1.0
27136	0.0	1.0
27137	0.0	1.0
27138	0.0	1.0
27139	0.0	1.0
27140	1.021405182655144e-14	0.9999999999999898
27141	0.0	1.0
27142	0.0	1.0
27143	0.0	1.0
27144	2.1316282072803006e-14	0.9999999999999787
27145	3.774758283725532e-15	0.9999999999999962
27146	0.0	1.0
27147	0.0004114553768109763	0.999588544623189
27148	1.1510870034925347e-09	0.999999998848913
27149	0.0	1.0
27151	7.105427357601002e-15	0.9999999999999929
27152	0.0	1.0
27153	0.0	1.0
27154	0.0	1.0
27155	0.0	1.0
27156	0.0	1.0
27157	0.0	1.0
27158	4.39781544514517e-11	0.9999999999560218
27159	0.0	1.0
27160	6.623590564913684e-13	0.9999999999993376
27161	0.0	1.0
27162	3.770239016431809e-06	0.9999962297609836
27163	1.6475709685437323e-13	0.9999999999998352
27164	1.9406698470447736e-13	0.9999999999998059
27165	0.0	1.0
27166	0.0	1.0
27167	0.0	1.0
27168	1.742204414068027e-08	0.9999999825779559
27169	3.5367829442911614e-06	0.9999964632170557
27170	6.503686478254167e-12	0.9999999999934963
27171	1.5898393712632242e-11	0.9999999999841016
27172	0.0	1.0
27173	2.590663309209873e-06	0.9999974093366908
27174	0.0	1.0
27175	0.0	1.0
27176	0.0	1.0
27177	4.440892098500626e-16	0.9999999999999996
27178	0.0	1.0
27179	1.0392939842063242e-09	0.999999998960706
27181	0.0	1.0
27182	1.3744561044859438e-13	0.9999999999998626
27183	0.0	1.0
27184	0.0	1.0
27185	0.0	1.0
27186	0.0	1.0
27187	0.0	1.0
27188	6.585346258969338e-06	0.999993414653741
27189	5.832374884162661e-06	0.9999941676251158
27190	2.2446385927743506e-06	0.9999977553614072
27191	8.887401243606874e-06	0.9999911125987564
27192	1.3095129425266805e-09	0.9999999986904871
27193	0.00011429771340953909	0.9998857022865905
27194	5.8389404615888374e-05	0.9999416105953841
27195	1.9310375520831258e-10	0.9999999998068962
27196	7.494442588740213e-08	0.9999999250555741
27197	6.326126728017911e-07	0.9999993673873272
27198	1.609758344722767e-05	0.9999839024165528
27199	1.198863230911229e-10	0.9999999998801137
27200	5.312902746634762e-07	0.9999994687097253
27201	3.5844660573047804e-12	0.9999999999964155
27202	9.484094878553506e-06	0.9999905159051214
27203	9.259146405149465e-07	0.9999990740853595
27204	0.0	1.0
27205	0.0	1.0
27206	0.0	1.0
27207	1.709743457922741e-14	0.9999999999999829
27208	0.0	1.0
27209	2.8634872251132037e-12	0.9999999999971365
27211	0.0	1.0
27212	0.0	1.0
27213	0.01915261588968864	0.9808473841103114
27214	0.0	1.0
27215	0.0	1.0
27216	0.0	1.0
27217	0.0	1.0
27218	0.0	1.0
27219	0.0	1.0
27220	0.0	1.0
27221	1.822986206434507e-13	0.9999999999998177
27222	0.0	1.0
27223	0.0	1.0
27224	0.0	1.0
27225	0.0	1.0
27226	0.0	1.0
27227	0.946822202838642	0.05317779716135796
27228	0.0	1.0
27229	0.00023571971168845351	0.9997642802883115
27230	0.0	1.0
27231	0.0	1.0
27232	0.0023606927815239542	0.997639307218476
27233	3.3460071269253433e-07	0.9999996653992873
27234	0.0	1.0
27235	4.2025462665407076e-08	0.9999999579745373
27236	0.0	1.0
27237	4.827693800280031e-12	0.9999999999951723
27238	1.0517087534189784e-08	0.9999999894829125
27239	0.0	1.0
27241	0.01717058507504643	0.9828294149249536
27242	0.0	1.0
27243	0.0	1.0
27244	0.0	1.0
27245	1.9984014443252818e-15	0.999999999999998
27246	0.0	1.0
27247	1.4227318823056834e-06	0.9999985772681177
27248	1.20570220474292e-13	0.9999999999998794
27249	3.416245064613577e-11	0.9999999999658375
27250	0.0	1.0
27251	0.0	1.0
27252	0.0	1.0
27253	4.089595329048734e-11	0.999999999959104
27254	0.0	1.0
27255	0.0	1.0
27256	2.2282312439614316e-08	0.9999999777176876
27257	0.0	1.0
27258	0.0006864135537023586	0.9993135864462976
27259	0.0	1.0
27260	0.0	1.0
27261	0.0	1.0
27262	0.0	1.0
27263	0.0	1.0
27264	6.293010557101297e-11	0.9999999999370699
27265	0.3015246433363501	0.6984753566636499
27266	1.1318777026758653e-09	0.9999999988681223
27267	0.0	1.0
27268	1.4432899320127035e-14	0.9999999999999856
27269	0.9005450724756529	0.09945492752434718
27271	0.011512951420641682	0.9884870485793583
27272	0.011512951420641682	0.9884870485793583
27273	0.0	1.0
27274	0.003132228292924477	0.9968677717070755
27275	0.0	1.0
27276	7.30526750203353e-14	0.999999999999927
27277	0.010952589758393638	0.9890474102416064
27278	0.0	1.0
27279	0.01865956982904793	0.9813404301709521
27280	0.0	1.0
27281	0.0	1.0
27282	0.0	1.0
27283	0.0	1.0
27284	0.0	1.0
27285	1.3773122642390945e-09	0.9999999986226877
27286	0.0	1.0
27287	0.0	1.0
27288	0.0	1.0
27289	0.0	1.0
27290	0.0	1.0
27291	0.0	1.0
27292	4.3462291654527974e-08	0.9999999565377083
27293	0.0	1.0
27294	0.0	1.0
27295	1.709743457922741e-14	0.9999999999999829
27296	0.0	1.0
27297	0.0	1.0
27298	4.063416270128073e-14	0.9999999999999594
27299	0.0	1.0
27301	0.0006524979193948122	0.9993475020806052
27302	1.7517909345343696e-09	0.9999999982482091
27303	1.7517909345343696e-09	0.9999999982482091
27304	0.0	1.0
27305	0.0	1.0
27306	3.319740283780348e-06	0.9999966802597162
27307	0.0	1.0
27308	3.810895055078589e-07	0.9999996189104945
27309	0.0	1.0
27310	1.253817050184125e-10	0.9999999998746183
27311	1.4439560658274786e-12	0.999999999998556
27312	3.860740027672449e-08	0.9999999613925997
27313	1.8499131217986076e-06	0.9999981500868782
27314	0.0	1.0
27315	2.9135737513397153e-05	0.9999708642624866
27316	8.740889090308457e-08	0.9999999125911091
27317	0.0	1.0
27318	6.640829973081352e-05	0.9999335917002692
27319	7.359224341030313e-12	0.9999999999926408
27320	0.0	1.0
27321	2.220446049250313e-16	0.9999999999999998
27322	0.00015479166235499164	0.999845208337645
27323	0.011512951420641682	0.9884870485793583
27324	0.00041260779327723096	0.9995873922067228
27325	0.0007295578406850689	0.9992704421593149
27326	1.1102230246251565e-15	0.9999999999999989
27327	0.0	1.0
27328	0.013681710254525914	0.9863182897454741
27329	0.0	1.0
27331	0.0	1.0
27332	0.0	1.0
27333	0.0	1.0
27334	0.0	1.0
27335	0.0	1.0
27336	1.0628641476939649e-06	0.9999989371358523
27337	0.0	1.0
27338	0.0	1.0
27339	9.850932113364408e-07	0.9999990149067887
27340	0.053911325595346726	0.9460886744046533
27341	1.2044809594158323e-11	0.9999999999879552
27342	0.0	1.0
27343	8.619105318352638e-09	0.9999999913808947
27344	0.00017061615515556738	0.9998293838448444
27345	1.0734968469705564e-11	0.999999999989265
27346	2.454259018236371e-12	0.9999999999975457
27347	2.8199664825478976e-14	0.9999999999999718
27348	0.0	1.0
27349	0.0	1.0
27350	0.0	1.0
27351	2.301119639280813e-08	0.9999999769888036
27352	0.0	1.0
27353	0.0	1.0
27354	6.235731448978044e-07	0.9999993764268551
27355	0.0031556635115074227	0.9968443364884926
27356	0.0	1.0
27357	0.00362329048125265	0.9963767095187473
27358	0.0	1.0
27359	9.593303929023023e-10	0.9999999990406696
27361	0.0	1.0
27362	1.447526765119278e-09	0.9999999985524732
27363	0.0	1.0
27364	0.0	1.0
27365	1.6586731987899839e-13	0.9999999999998341
27366	0.0872581911492013	0.9127418088507987
27367	0.0	1.0
27368	0.0	1.0
27369	0.10318445491033279	0.8968155450896672
27370	0.0	1.0
27371	4.707345624410664e-14	0.9999999999999529
27372	0.0	1.0
27373	0.0	1.0
27374	0.0	1.0
27375	0.0011636460007516947	0.9988363539992483
27376	0.03224556420267077	0.9677544357973292
27377	0.0021388848775092395	0.9978611151224908
27378	0.0	1.0
27379	1.8312008855936313e-06	0.9999981687991144
27380	0.0	1.0
27381	3.7533511404452824e-06	0.9999962466488596
27382	0.0	1.0
27383	0.0	1.0
27384	2.746798813402229e-06	0.9999972532011866
27385	3.0845335363682835e-07	0.9999996915466464
27386	0.0	1.0
27387	3.476019472259395e-10	0.999999999652398
27388	2.2804083839811362e-05	0.9999771959161602
27389	0.0021755008425650146	0.997824499157435
27391	1.1965539670200087e-11	0.9999999999880345
27392	7.255196343702863e-08	0.9999999274480366
27393	1.4197665265669457e-10	0.9999999998580233
27394	0.011895090798702546	0.9881049092012975
27395	6.727951529228449e-14	0.9999999999999327
27396	1.3845584129201782e-06	0.9999986154415871
27397	0.0	1.0
27398	6.388543930091473e-06	0.9999936114560699
27399	0.0001963109054141654	0.9998036890945858
27400	0.0	1.0
27401	2.4720225866303736e-12	0.999999999997528
27402	5.19108311891614e-10	0.9999999994808917
27403	2.6589206392202414e-09	0.9999999973410794
27404	2.118006636742109e-08	0.9999999788199336
27405	0.0	1.0
27406	4.455280588899768e-11	0.9999999999554472
27407	0.0	1.0
27408	0.0	1.0
27409	0.0	1.0
27410	0.0	1.0
27411	2.4610129635282973e-06	0.9999975389870365
27412	1.7763568394002505e-15	0.9999999999999982
27413	0.0018121404103641492	0.9981878595896359
27414	0.0	1.0
27415	0.0	1.0
27416	0.0	1.0
27417	0.0	1.0
27418	0.0	1.0
27419	0.0	1.0
27421	0.0	1.0
27422	0.0	1.0
27423	3.9968028886505635e-15	0.999999999999996
27424	0.0	1.0
27425	0.0	1.0
27426	1.509903313490213e-14	0.9999999999999849
27427	2.3008261962331744e-12	0.9999999999976992
27428	0.0	1.0
27429	0.0	1.0
27430	0.0	1.0
27431	4.80160133875529e-10	0.9999999995198399
27432	1.8652390743056912e-10	0.9999999998134761
27433	0.0	1.0
27434	7.351765862750881e-10	0.9999999992648234
27435	6.52811138479592e-14	0.9999999999999347
27436	3.9168668308775523e-13	0.9999999999996083
27437	0.0	1.0
27438	6.529450313763618e-10	0.999999999347055
27439	4.3529668758424123e-10	0.9999999995647033
27440	0.0	1.0
27441	0.0	1.0
27442	0.0	1.0
27443	9.714993287612828e-08	0.9999999028500671
27444	0.0	1.0
27445	0.0	1.0
27446	0.0	1.0
27447	0.0	1.0
27448	0.0	1.0
27449	0.0	1.0
27451	0.0	1.0
27452	3.9968028886505635e-15	0.999999999999996
27453	0.0	1.0
27454	2.4131807663252403e-11	0.9999999999758682
27455	0.0	1.0
27456	0.0	1.0
27457	0.0	1.0
27458	0.0	1.0
27459	0.0	1.0
27460	5.684341886080802e-14	0.9999999999999432
27461	9.50057810200633e-11	0.9999999999049942
27462	1.511463620929021e-09	0.9999999984885364
27463	0.0	1.0
27464	0.0	1.0
27465	6.4563403512352124e-09	0.9999999935436596
27466	6.4563403512352124e-09	0.9999999935436596
27467	0.0	1.0
27468	7.843960180464737e-05	0.9999215603981954
27469	2.2950530365051236e-12	0.999999999997705
27470	2.2950530365051236e-12	0.999999999997705
27471	5.939209955940772e-05	0.9999406079004406
27472	0.0	1.0
27473	0.0	1.0
27474	5.143596659706873e-11	0.999999999948564
27475	0.0	1.0
27476	1.6139661417224893e-05	0.9999838603385828
27477	0.0	1.0
27478	0.0	1.0
27479	2.398081733190338e-14	0.999999999999976
27481	0.0	1.0
27482	0.0	1.0
27483	0.9129073827829975	0.0870926172170025
27484	0.0	1.0
27485	1.320961976358781e-06	0.9999986790380236
27486	0.0	1.0
27487	0.0	1.0
27488	0.0	1.0
27489	1.4988010832439613e-13	0.9999999999998501
27490	0.0	1.0
27491	0.0	1.0
27492	0.0	1.0
27493	0.0	1.0
27494	0.0	1.0
27495	0.0	1.0
27496	1.3822297506571601e-07	0.9999998617770249
27497	1.3074652249756014e-08	0.9999999869253478
27498	7.967457804625155e-10	0.9999999992032542
27499	0.0	1.0
27500	9.377254528430967e-11	0.9999999999062275
27501	0.0	1.0
27502	0.0	1.0
27503	0.0	1.0
27504	0.0	1.0
27505	0.0	1.0
27506	0.0	1.0
27507	0.0	1.0
27508	2.220446049250313e-16	0.9999999999999998
27509	0.0	1.0
27511	0.0	1.0
27512	0.0	1.0
27513	0.0	1.0
27514	3.743894083640953e-12	0.9999999999962561
27515	0.0	1.0
27516	9.276224233190078e-11	0.9999999999072378
27517	2.7566837701442637e-12	0.9999999999972433
27518	3.774758283725532e-15	0.9999999999999962
27519	4.5563552930616424e-12	0.9999999999954436
27520	1.1324274851176597e-14	0.9999999999999887
27521	0.0	1.0
27522	2.110893461948482e-05	0.9999788910653805
27523	0.0	1.0
27524	0.0	1.0
27525	0.0	1.0
27526	0.0	1.0
27527	0.0	1.0
27528	0.0	1.0
27529	3.219646771412954e-14	0.9999999999999678
27530	2.82961432063189e-10	0.9999999997170386
27531	0.0	1.0
27532	0.0	1.0
27533	0.0	1.0
27534	0.0	1.0
27535	0.0	1.0
27536	4.440892098500626e-16	0.9999999999999996
27537	0.0	1.0
27538	2.220446049250313e-16	0.9999999999999998
27539	0.0	1.0
27541	7.934541912391069e-12	0.9999999999920655
27542	5.1736392947532295e-14	0.9999999999999483
27543	0.0002646385342603974	0.9997353614657396
27544	0.0002646385342603974	0.9997353614657396
27545	0.0	1.0
27546	0.0	1.0
27547	0.0	1.0
27548	0.0	1.0
27549	0.0	1.0
27550	3.167321955821478e-07	0.9999996832678044
27551	0.0	1.0
27552	0.0	1.0
27553	0.0	1.0
27554	0.0	1.0
27555	0.0	1.0
27556	9.997792262850247e-06	0.9999900022077371
27557	0.0	1.0
27558	0.0	1.0
27559	0.0	1.0
27560	0.0	1.0
27561	7.869127571780155e-10	0.9999999992130872
27562	0.0	1.0
27563	0.0	1.0
27564	0.0	1.0
27565	0.0	1.0
27566	0.0	1.0
27567	0.0	1.0
27568	0.0	1.0
27569	0.0	1.0
27571	3.4705127660572543e-10	0.9999999996529487
27572	0.0	1.0
27573	4.106331530362439e-08	0.9999999589366847
27574	0.0	1.0
27575	8.084422020715465e-12	0.9999999999919156
27576	1.212674405337566e-11	0.9999999999878733
27577	0.0	1.0
27578	5.9534623453316726e-08	0.9999999404653765
27579	0.0	1.0
27580	0.0	1.0
27581	2.220446049250313e-16	0.9999999999999998
27582	0.0	1.0
27583	8.809175611190767e-12	0.9999999999911908
27584	0.0	1.0
27585	9.030163283796355e-10	0.9999999990969837
27586	0.0	1.0
27587	0.0	1.0
27588	0.0	1.0
27589	0.0	1.0
27590	0.0	1.0
27591	0.0	1.0
27592	0.0	1.0
27593	0.0	1.0
27594	0.0	1.0
27595	0.0	1.0
27596	5.431196381522341e-09	0.9999999945688036
27597	0.0	1.0
27598	0.0	1.0
27599	0.0	1.0
27601	0.0	1.0
27602	0.0	1.0
27603	0.0	1.0
27604	5.484501741648273e-13	0.9999999999994515
27605	0.0	1.0
27606	0.0	1.0
27607	1.0329070931902606e-10	0.9999999998967093
27608	0.0	1.0
27609	0.0	1.0
27610	0.0	1.0
27611	6.661338147750939e-16	0.9999999999999993
27612	0.0	1.0
27613	0.0	1.0
27614	0.0	1.0
27615	0.0	1.0
27616	1.436997136838869e-07	0.9999998563002863
27617	0.0	1.0
27618	0.0	1.0
27619	0.0	1.0
27620	0.0	1.0
27621	0.0	1.0
27622	0.0	1.0
27623	0.0	1.0
27624	0.0	1.0
27625	9.658940314238862e-14	0.9999999999999034
27626	0.0	1.0
27627	0.0	1.0
27628	0.0	1.0
27629	0.0	1.0
27631	0.0	1.0
27632	0.0	1.0
27633	0.0	1.0
27634	0.0	1.0
27635	0.0	1.0
27636	0.0	1.0
27637	9.103828801926284e-15	0.9999999999999909
27638	0.0	1.0
27639	0.0	1.0
27640	0.0	1.0
27641	0.0	1.0
27642	0.0	1.0
27643	0.0	1.0
27644	0.0	1.0
27645	0.0	1.0
27646	0.0	1.0
27647	0.0	1.0
27648	0.0	1.0
27649	0.0	1.0
27650	0.0	1.0
27651	0.0	1.0
27652	0.0	1.0
27653	0.0	1.0
27654	0.0	1.0
27655	0.0	1.0
27656	0.0	1.0
27657	0.0	1.0
27658	0.0	1.0
27659	0.0	1.0
27661	0.0	1.0
27662	0.0	1.0
27663	0.0	1.0
27664	1.021405182655144e-14	0.9999999999999898
27665	0.0	1.0
27666	0.0	1.0
27667	2.220446049250313e-16	0.9999999999999998
27668	0.0	1.0
27669	0.0	1.0
27670	2.220446049250313e-16	0.9999999999999998
27671	0.0	1.0
27672	0.0	1.0
27673	0.0	1.0
27674	0.0	1.0
27675	0.0	1.0
27676	0.0	1.0
27677	0.0	1.0
27678	0.0069141104513638085	0.9930858895486362
27679	0.0	1.0
27680	0.0	1.0
27681	0.0	1.0
27682	1.5543122344752192e-15	0.9999999999999984
27683	1.1465348559447364e-08	0.9999999885346514
27684	3.248956659263058e-12	0.999999999996751
27685	2.2875390470744605e-10	0.9999999997712461
27686	2.2875390470744605e-10	0.9999999997712461
27687	4.3529668758424123e-10	0.9999999995647033
27688	1.176876186104181e-05	0.999988231238139
27689	0.0	1.0
27691	0.0	1.0
27692	0.0	1.0
27693	0.0	1.0
27694	0.0	1.0
27695	0.0	1.0
27696	0.0	1.0
27697	0.0	1.0
27698	0.0	1.0
27699	0.0	1.0
27700	0.0	1.0
27701	0.0	1.0
27702	0.0	1.0
27703	0.0	1.0
27704	0.0	1.0
27705	0.0	1.0
27706	3.446288236697015e-05	0.999965537117633
27707	0.0	1.0
27708	8.923306538122233e-11	0.9999999999107669
27709	0.0	1.0
27710	2.6806268316192927e-10	0.9999999997319373
27711	0.0	1.0
27712	0.0	1.0
27713	0.0	1.0
27714	3.019806626980426e-14	0.9999999999999698
27715	0.0	1.0
27716	1.0	0.0
27717	0.9999999996882545	3.1174547995916474e-10
27718	1.0	0.0
27719	0.9999999999995625	4.375021231947651e-13
27721	1.0	0.0
27722	0.999990092700464	9.907299535946323e-06
27723	1.0	0.0
27724	0.999999999998888	1.1120145931339686e-12
27725	1.0	3.0914324354953497e-23
27726	0.9999999763455417	2.365445825507673e-08
27727	1.0	0.0
27728	1.0	8.756680776592572e-26
27729	1.0	0.0
27730	1.0	0.0
27731	1.0	0.0
27732	0.9999999999989841	1.015873871232341e-12
27733	1.0	0.0
27734	1.0	0.0
27735	1.0	8.495982845695211e-36
27736	1.0	4.804880393928719e-21
27737	1.0	4.2341752630306087e-22
27738	1.0	2.572316460629722e-37
27739	1.0	3.0650706135787847e-23
27740	1.0	0.0
27741	1.0	0.0
27742	1.0	0.0
27743	0.9999999857509624	1.4249037573575144e-08
27744	1.0	0.0
27745	0.9249051623648914	0.07509483763510856
27746	1.0	3.259652687017619e-26
27747	0.9999999962224403	3.777559764786476e-09
27748	1.0	4.829191414262067e-27
27749	1.0	4.708044633829117e-43
27751	1.0	0.0
27752	1.0	0.0
27753	1.0	2.2650758769531223e-41
27754	1.0	0.0
27755	1.0	0.0
27756	1.0	0.0
27757	0.9999999999999996	4.365615215128849e-16
27758	1.0	0.0
27759	1.0	0.0
27760	0.9999999999995219	4.780952118578347e-13
27761	0.5392745065338994	0.4607254934661006
27762	0.9999999999999228	7.720998442092387e-14
27763	1.0	1.3168020770699916e-25
27764	0.8489922703819301	0.1510077296180699
27765	1.0	5.0813909124474386e-23
27766	1.0	0.0
27767	0.9999999999973807	2.6194029995782494e-12
27768	1.0	0.0
27769	1.0	3.389791123176165e-20
27770	1.0	6.885129402679552e-20
27771	0.9999953659344536	4.634065546382863e-06
27772	1.0	0.0
27773	0.999999999999996	4.047446100527282e-15
27774	1.0	0.0
27775	1.0	1.3486946292744626e-30
27776	1.0	0.0
27777	1.0	0.0
27778	1.0	0.0
27779	1.0	1.9810974295245745e-25
27781	1.0	1.5402670207608137e-39
27782	0.9999999995764864	4.235135945177905e-10
27783	1.0	0.0
27784	1.0	0.0
27785	1.0	0.0
27786	0.9999999999999993	6.801458132399466e-16
27787	1.0	0.0
27788	1.0	0.0
27789	1.0	0.0
27790	1.0	3.3061229452980773e-43
27791	0.9999434241294622	5.657587053776985e-05
27792	1.0	3.800055030083743e-43
27793	1.0	1.751156608167561e-28
27794	1.0	0.0
27795	1.0	0.0
27796	1.0	0.0
27797	1.0	2.9477109707863874e-23
27798	0.9999999999999998	1.923081350745662e-16
27799	1.0	0.0
27800	1.0	0.0
27801	1.0	0.0
27802	0.999999999999747	2.5299955590836464e-13
27803	1.0	1.2140788799271848e-41
27804	1.0	0.0
27805	1.0	0.0
27806	1.0	8.77672337830338e-28
27807	1.0	2.853915297063487e-22
27808	1.0	0.0
27809	1.0	0.0
27811	1.0	3.0277125096800503e-18
27812	1.0	1.526754660738443e-39
27813	1.0	0.0
27814	1.0	0.0
27815	1.0	0.0
27816	1.0	0.0
27817	1.0	0.0
27818	1.0	0.0
27819	1.0	0.0
27820	1.0	0.0
27821	1.0	0.0
27822	1.0	1.9014032755377627e-21
27823	1.0	2.5651916724972382e-17
27824	1.0	0.0
27825	1.0	1.8830201582081798e-20
27826	1.0	7.39732210403575e-20
27827	1.0	3.222511892867758e-22
27828	0.9999960220320433	3.977967956745009e-06
27829	1.0	3.5779064042449385e-27
27830	0.999999793935229	2.0606477101444218e-07
27831	0.9998233457804256	0.00017665421957437964
27832	0.9999999998163188	1.8368117041056703e-10
27833	0.9980110469051169	0.001988953094883067
27834	1.0	2.0270984967726138e-20
27835	0.9999999969606262	3.039373766408382e-09
27836	1.0	3.0137092360394057e-25
27837	1.0	0.0
27838	1.0	0.0
27839	1.0	0.0
27841	1.0	0.0
27842	1.0	0.0
27843	1.0	0.0
27844	1.0	2.836560530644762e-18
27845	1.0	3.9848130647312414e-39
27846	0.9999999998622432	1.377568008685655e-10
27847	1.4066585392047415e-06	0.9999985933414608
27848	1.0	0.0
27849	1.0	7.970174882299279e-42
27850	0.9999970742104807	2.9257895193633066e-06
27851	1.0	0.0
27852	1.97037333560246e-07	0.9999998029626664
27853	0.9999999992562878	7.437121662649824e-10
27854	1.0	0.0
27855	1.0	0.0
27856	1.0	0.0
27857	1.0	0.0
27858	0.9999999999999685	3.1565463997543816e-14
27859	0.9279642427759743	0.07203575722402564
27860	1.0	5.062750060789967e-19
27861	0.999999999999996	3.961370396859166e-15
27862	1.0	3.3028546415779446e-17
27863	1.0	2.1545274167915042e-26
27864	0.9999999999975017	2.498350527279327e-12
27865	1.0	0.0
27866	1.0	0.0
27867	1.0	1.5534376813292655e-40
27868	1.0	0.0
27869	1.0	0.0
27871	1.0	0.0
27872	1.0	0.0
27873	1.0	0.0
27874	1.0	0.0
27875	0.6352705021008087	0.36472949789919135
27876	1.0	7.748883680019219e-30
27877	1.0	0.0
27878	0.9999999999999996	4.163926787337429e-16
27879	0.9999977977565669	2.2022434330225545e-06
27880	0.9999576481526111	4.235184738883787e-05
27881	1.0	0.0
27882	1.0	0.0
27883	0.8383983048671986	0.16160169513280143
27884	1.0	7.586040096065276e-21
27885	0.9999999952924977	4.707502226155815e-09
27886	1.0	2.275307852733755e-28
27887	1.0	6.72357883024998e-23
27888	1.0	0.0
27889	1.0	0.0
27890	1.0	6.036225466510689e-36
27891	1.0	2.73291042956285e-25
27892	1.0	0.0
27893	1.0	9.14461801016335e-39
27894	0.9999999999999994	5.838423053985587e-16
27895	1.0	0.0
27896	1.0	0.0
27897	1.0	0.0
27898	1.0	0.0
27899	1.0	0.0
27901	1.0	3.0553785249538715e-19
27902	0.923755620787091	0.07624437921290904
27903	1.0	0.0
27904	1.0	6.491645815500272e-41
27905	1.0	0.0
27906	0.9999999999999963	3.691735297135704e-15
27907	1.0	0.0
27908	1.0	0.0
27909	1.0	1.9023284116656637e-19
27910	0.9999999999999999	8.401810593869964e-17
27911	0.7446329097591706	0.25536709024082943
27912	1.0	0.0
27913	0.9999571524592015	4.2847540798497636e-05
27914	1.0	0.0
27915	1.0	1.8505463070117686e-32
27916	1.0	0.0
27917	0.9999999978998884	2.100111637946495e-09
27918	1.0	0.0
27919	0.9999999999999539	4.604106425612051e-14
27920	1.0	0.0
27921	1.0	0.0
27922	1.0	0.0
27923	0.9999933156257119	6.684374288030935e-06
27924	1.0	0.0
27925	1.0	0.0
27926	1.0	5.7103817039090926e-21
27927	1.0	0.0
27928	0.9999999995548379	4.4516210450930267e-10
27929	1.0	0.0
27931	1.0	0.0
27932	1.0	0.0
27933	1.0	0.0
27934	1.0	0.0
27935	1.0	0.0
27936	1.0	0.0
27937	1.0	0.0
27938	1.0	0.0
27939	1.0	2.511406915281869e-22
27940	1.0	6.615500219528043e-24
27941	1.0	0.0
27942	1.0	1.6913142832177578e-21
27943	1.0	0.0
27944	1.0	0.0
27945	1.0	0.0
27946	0.9999993814966716	6.185033284942953e-07
27947	1.0	0.0
27948	1.0	0.0
27949	0.9999999595376194	4.046238060610429e-08
27950	0.9999999348707731	6.512922693386245e-08
27951	1.0	0.0
27952	1.0	0.0
27953	0.9988544556930967	0.0011455443069032882
27954	1.0	0.0
27955	0.9999999997024787	2.9752136868051217e-10
27956	1.0	0.0
27957	1.0	0.0
27958	1.0	0.0
27959	1.0	2.4974417431560362e-17
27961	1.0	1.2965645888390351e-27
27962	1.0	1.502510149447748e-22
27963	0.0049338096479240034	0.995066190352076
27964	1.0	0.0
27965	1.0	0.0
27966	1.0	0.0
27967	1.0	0.0
27968	1.0	0.0
27969	0.9998073993378628	0.00019260066213721416
27970	1.0	0.0
27971	0.001440045400505796	0.9985599545994942
27972	1.0	0.0
27973	1.0	9.025926126207175e-43
27974	1.0	1.9388651814078474e-22
27975	1.0	0.0
27976	0.923755620787091	0.07624437921290904
27977	0.9999999989226995	1.0773004286988416e-09
27978	0.9997985173057651	0.0002014826942349222
27979	1.0	0.0
27980	0.9999999944001945	5.599805485466712e-09
27981	1.0	0.0
27982	0.9707951255210199	0.029204874478980156
27983	1.0	3.601923367182524e-29
27984	1.0	1.0016062313432361e-23
27985	1.0	0.0
27986	1.0	0.0
27987	1.0	3.0388169473718642e-40
27988	1.0	0.0
27989	1.0	0.0
27991	1.0	0.0
27992	0.9999999858364935	1.4163506440234513e-08
27993	1.0	0.0
27994	1.0	1.3481801003180197e-23
27995	1.0	6.722860404733425e-29
27996	1.0	0.0
27997	0.9999999708164173	2.9183582635341865e-08
27998	0.9999999999999682	3.173626026145282e-14
27999	0.003862238211814417	0.9961377617881856
28000	0.9999998736923488	1.2630765117956693e-07
28001	1.0	2.6051978131722832e-30
28002	1.0	6.398946173673677e-36
28003	1.0	4.827577484807881e-29
28004	0.9817844108517728	0.018215589148227195
28005	1.0	0.0
28006	0.9999999999999768	2.3217128899689347e-14
28007	1.0	0.0
28008	1.0	0.0
28009	0.9999999998632368	1.3676320991448938e-10
28010	1.0	0.0
28011	1.0	0.0
28012	1.0	0.0
28013	1.0	4.904672371084497e-28
28014	1.0	3.728544916356435e-21
28015	1.0	1.6849918606196506e-37
28016	0.9999998212492383	1.7875076177215946e-07
28017	1.0	1.296968461792877e-26
28018	1.0	0.0
28019	1.0	0.0
28021	1.0	0.0
28022	1.0	0.0
28023	1.0	0.0
28024	1.0	4.406501343578712e-35
28025	1.0	0.0
28026	1.0	1.3211275651031034e-37
28027	1.0	5.775678565438968e-26
28028	1.9836993883082243e-05	0.9999801630061169
28029	1.0	2.011309424057562e-27
28030	1.0	2.29865437680374e-18
28031	1.0	0.0
28032	1.0	4.882818339482161e-25
28033	1.0	0.0
28034	1.0	2.5797642973595708e-26
28035	0.9999598464104905	4.0153589509473395e-05
28036	1.0	0.0
28037	1.0	2.3070753037681563e-20
28038	1.0	0.0
28039	1.0	0.0
28040	1.0	0.0
28041	1.0	0.0
28042	1.0	1.0718356405904921e-23
28043	1.0	0.0
28044	1.0	1.0637456678799674e-24
28045	0.17784857751859284	0.8221514224814072
28046	1.0	0.0
28047	1.0	0.0
28048	0.9999999999999998	2.3810424670819594e-16
28049	0.9999999682846502	3.171534982130236e-08
28051	1.0	0.0
28052	0.9999999999999999	8.657472869965038e-17
28053	1.0	0.0
28054	1.0	5.619881629468769e-40
28055	1.0	0.0
28056	1.0	0.0
28057	0.9999999999996323	3.6769883629017335e-13
28058	1.0	0.0
28059	1.0	0.0
28060	0.9999999999999994	5.252733029089562e-16
28061	1.0	0.0
28062	1.0	2.033957381097323e-21
28063	1.0	4.69777320392793e-28
28064	1.0	0.0
28065	1.0	0.0
28066	1.0	1.7886943353348648e-35
28067	1.0	1.0122615648057992e-21
28068	1.0	0.0
28069	0.9999996713025288	3.2869747122341136e-07
28070	1.0	0.0
28071	0.9999999999999999	7.521628870216895e-17
28072	1.0	0.0
28073	0.9201857673724005	0.0798142326275995
28074	1.0	0.0
28075	1.0	0.0
28076	0.9999999999427385	5.72615378691458e-11
28077	1.0	0.0
28078	1.0	0.0
28079	1.0	0.0
28081	9.215117557914709e-11	0.9999999999078488
28082	1.0	0.0
28083	1.0	0.0
28084	1.0	0.0
28085	1.0	0.0
28086	1.0	0.0
28087	1.0	0.0
28088	1.0	3.7529075198666177e-26
28089	1.0	4.623008419813045e-24
28090	1.0	4.1787750968230644e-19
28091	1.0	1.1534275367641982e-42
28092	1.0	0.0
28093	1.0	0.0
28094	1.0	0.0
28095	0.9999999999984319	1.5680984648234919e-12
28096	0.0	1.0
28097	1.0	0.0
28098	1.0	6.921783391332408e-36
28099	1.0	0.0
28100	0.9997006053531718	0.00029939464682810754
28101	1.0	0.0
28102	0.9999999999999999	1.4850822785434887e-16
28103	1.0	7.596120946427574e-42
28104	0.9999999999999979	2.0793373662870826e-15
28105	1.0	7.934075768687144e-24
28106	1.0	0.0
28107	1.0	8.468307474603507e-23
28108	1.0	6.509084348689639e-27
28109	0.9989963267473146	0.001003673252685312
28111	1.0	0.0
28112	0.999999999941225	5.877495902971456e-11
28113	1.0	0.0
28114	0.9999999999750618	2.4938206193150465e-11
28115	1.0	0.0
28116	1.0	0.0
28117	1.0	0.0
28118	1.0	0.0
28119	1.0	1.3650955339527758e-36
28120	1.0	0.0
28121	1.0	0.0
28122	1.0	0.0
28123	1.0	9.900098716571031e-20
28124	1.0	0.0
28125	1.0	5.521960794938082e-24
28126	1.0	0.0
28127	1.0	0.0
28128	0.19077266759327483	0.8092273324067252
28129	1.0	1.214855051919572e-31
28130	0.999999999999994	6.0223063762370795e-15
28131	1.0	0.0
28132	1.0	0.0
28133	1.0	4.118235561507913e-43
28134	1.0	0.0
28135	1.0	0.0
28136	1.0	0.0
28137	1.0	0.0
28138	1.0	0.0
28139	1.0	4.648487411521014e-22
28141	1.0	0.0
28142	1.0	7.257983809473165e-30
28143	1.0	0.0
28144	1.0	0.0
28145	1.0	0.0
28146	1.0	0.0
28147	1.0	2.9508729390399404e-29
28148	1.0	0.0
28149	1.0	4.467466590515958e-32
28150	1.0	1.985355696823652e-26
28151	0.0	1.0
28152	1.0	0.0
28153	1.0	0.0
28154	1.0	0.0
28155	0.9999989098730626	1.0901269373671377e-06
28156	1.0	7.926715865370753e-26
28157	1.0	3.284860168035198e-33
28158	1.0	0.0
28159	1.0	0.0
28160	0.9999999999818483	1.8151731286085117e-11
28161	1.0	1.5137256551766472e-43
28162	1.0	0.0
28163	1.0	0.0
28164	1.0	1.7571631510188558e-32
28165	1.0	0.0
28166	1.0	0.0
28167	1.0	2.229502859811223e-35
28168	1.0	1.293424987815389e-25
28169	0.9999898975039807	1.010249601924274e-05
28171	1.0	0.0
28172	1.0	6.209737478040151e-21
28173	1.0	0.0
28174	1.0	0.0
28175	0.9999999999999997	3.3808238928904214e-16
28176	0.9999999997951152	2.0488481733534476e-10
28177	1.0	0.0
28178	0.9999999999999724	2.7631485159398202e-14
28179	0.9999999999979539	2.046159971840535e-12
28180	1.0	0.0
28181	1.0	1.0591119673840176e-22
28182	1.0	0.0
28183	1.0	0.0
28184	1.0	0.0
28185	1.0	0.0
28186	1.0	6.655827415471242e-30
28187	0.9999999754508521	2.4549147936256547e-08
28188	1.0	0.0
28189	1.0	0.0
28190	1.0	0.0
28191	0.9999999999988562	1.1437899010147847e-12
28192	1.0	0.0
28193	1.0	0.0
28194	1.0	0.0
28195	1.0	0.0
28196	1.0	0.0
28197	1.0	0.0
28198	1.0	5.631108634511576e-37
28199	1.0	9.657396048189206e-22
28201	1.0	3.2018069050806196e-43
28202	1.0	5.6074260474431135e-30
28203	1.0	9.89255141956616e-35
28204	1.0	0.0
28205	1.0	3.485005869074245e-23
28206	1.0	0.0
28207	1.0	0.0
28208	1.0	5.545828880224228e-20
28209	0.9999999910905258	8.909474130461326e-09
28210	0.9999999985868234	1.4131765429702385e-09
28211	0.9999999999999996	4.044187008383378e-16
28212	1.0	0.0
28213	1.0	0.0
28214	0.9999999999356802	6.431980845455296e-11
28215	1.0	0.0
28216	1.0	0.0
28217	0.9771852287069388	0.022814771293061156
28218	1.0	0.0
28219	1.0	0.0
28220	1.0	0.0
28221	1.0	0.0
28222	1.0	9.406931226615249e-23
28223	1.0	2.058369639273046e-32
28224	0.999901528613034	9.847138696589867e-05
28225	1.0	0.0
28226	0.999999999998826	1.173973846202654e-12
28227	1.0	0.0
28228	1.0	0.0
28229	1.0	7.134869509698621e-21
28231	1.0	0.0
28232	1.0	0.0
28233	1.0	0.0
28234	0.9970880547445626	0.0029119452554373804
28235	1.0	0.0
28236	1.0	0.0
28237	1.0	9.700891735593338e-41
28238	1.0	7.437137102711838e-22
28239	1.0	0.0
28240	1.0	0.0
28241	0.9999961254917746	3.874508225355264e-06
28242	1.0	0.0
28243	1.0	0.0
28244	1.0	0.0
28245	1.0	0.0
28246	1.0	0.0
28247	1.0	0.0
28248	1.0	0.0
28249	1.0	0.0
28250	1.0	0.0
28251	1.0	1.3075305445202523e-43
28252	1.0	0.0
28253	1.0	4.6997434807346745e-24
28254	0.9934585724345516	0.006541427565448434
28255	1.0	2.9239415388248767e-41
28256	0.011594037031830817	0.9884059629681692
28257	1.0	0.0
28258	1.0	0.0
28259	1.0	0.0
28261	1.0	0.0
28262	1.0	3.980012711537773e-22
28263	0.9999999997192568	2.807431933543582e-10
28264	1.0	0.0
28265	1.0	0.0
28266	1.0	1.0339639889930026e-27
28267	1.0	0.0
28268	0.9999999999999708	2.916755864500107e-14
28269	1.0	0.0
28270	1.0	0.0
28271	0.9999998081774106	1.918225894229141e-07
28272	1.0	0.0
28273	0.923755620787091	0.07624437921290904
28274	1.0	2.137830310418294e-22
28275	1.0	0.0
28276	1.0	0.0
28277	1.0	0.0
28278	1.0	8.314480244667326e-18
28279	1.0	0.0
28280	0.9999999999999999	6.176333251040037e-17
28281	1.0	0.0
28282	1.0	0.0
28283	0.9999999999999918	8.223649022374463e-15
28284	1.0	0.0
28285	1.0	0.0
28286	1.0	4.560975433824814e-39
28287	0.9999999999985187	1.4812724362103075e-12
28288	1.0	0.0
28289	1.0	0.0
28291	1.0	4.888917309553252e-35
28292	1.0	0.0
28293	1.0	0.0
28294	1.0	0.0
28295	1.0	0.0
28296	1.0	3.844515400054506e-22
28297	1.0	0.0
28298	1.0	0.0
28299	1.0	0.0
28300	1.0	0.0
28301	1.0	0.0
28302	0.025858767374171587	0.9741412326258284
28303	0.9999999999999899	1.006731317104e-14
28304	1.0	0.0
28305	1.0	0.0
28306	1.0	0.0
28307	1.0	5.970932229376587e-30
28308	0.0	1.0
28309	1.0	0.0
28310	1.0	0.0
28311	0.9999999993518768	6.481232636485775e-10
28312	0.9999999999547954	4.520458877971655e-11
28313	1.0	9.307640670067576e-38
28314	1.0	0.0
28315	1.0	5.356836112142369e-18
28316	0.999999999999094	9.060125939548824e-13
28317	1.0	0.0
28318	1.0	0.0
28319	0.9990861655957717	0.0009138344042283602
28321	0.9999999999999977	2.3126422508638366e-15
28322	0.9999999999999726	2.7447973022934734e-14
28323	1.0	0.0
28324	1.0	2.2415891353753047e-24
28325	0.9999999999999999	1.629575070828261e-16
28326	1.0	0.0
28327	0.9999998168840732	1.8311592677434612e-07
28328	1.0	0.0
28329	1.0	0.0
28330	1.0	0.0
28331	1.0	1.0774859509457092e-30
28332	1.0	1.4013875981580264e-26
28333	1.0	1.0285547033148156e-27
28334	0.9999999999899717	1.0028282259986994e-11
28335	0.9999999999969441	3.0559063631779254e-12
28336	1.0	0.0
28337	0.9811060532600249	0.018893946739975107
28338	1.0	8.934551682230237e-25
28339	0.9999999999950921	4.9078218270130315e-12
28340	1.0	0.0
28341	0.9999999999998729	1.271623461043987e-13
28342	1.0	0.0
28343	1.0	0.0
28344	1.0	0.0
28345	1.0	3.1289445186108307e-24
28346	1.0	0.0
28347	1.0	0.0
28348	0.9999999999548954	4.510463428830597e-11
28349	1.0	5.879910601016173e-33
28351	1.0	5.930876564025044e-26
28352	1.0	0.0
28353	1.0	0.0
28354	0.9999999999998131	1.8689004288511863e-13
28355	0.9999999999769466	2.3053421129128837e-11
28356	0.9999999999796277	2.037221029612032e-11
28357	1.0	2.1733836421065456e-26
28358	1.0	0.0
28359	1.0	0.0
28360	1.0	0.0
28361	1.0	8.945854293524438e-18
28362	0.9999999999999999	1.4297483059743893e-16
28363	0.9999999100195269	8.998047309377618e-08
28364	0.9999999987595184	1.2404816111752766e-09
28365	1.0	0.0
28366	1.0	0.0
28367	1.0	0.0
28368	1.0	2.938519025644667e-20
28369	1.0	6.273697565012234e-39
28370	1.1238410202452087e-09	0.999999998876159
28371	1.0	0.0
28372	1.0	0.0
28373	0.9999999999942613	5.738687659998206e-12
28374	1.0	7.160377098871902e-20
28375	0.9999999999997402	2.597587710107163e-13
28376	1.0	0.0
28377	1.0	0.0
28378	1.0	0.0
28379	1.0	0.0
28381	1.0	0.0
28382	1.0	4.808199380834384e-40
28383	0.027117625345654872	0.9728823746543451
28384	1.0	2.2074642573022322e-26
28385	1.0	2.1494193603850663e-41
28386	1.0	0.0
28387	1.0	0.0
28388	1.0	0.0
28389	1.0	0.0
28390	0.9999999844430776	1.555692238396878e-08
28391	1.0	0.0
28392	0.9999999999951632	4.836840592370436e-12
28393	0.9999999999270588	7.294118274641119e-11
28394	1.0	5.430319524469476e-38
28395	1.0	0.0
28396	0.9999999999999043	9.574641842495101e-14
28397	1.0	0.0
28398	1.0	6.208067570350077e-26
28399	1.0	0.0
28400	1.0	1.8783635924523205e-21
28401	1.0	1.8783635924523205e-21
28402	0.9999999999976585	2.341474738712478e-12
28403	1.0	2.6597235639096174e-19
28404	1.0	0.0
28405	1.0	0.0
28406	1.0	0.0
28407	1.0	9.329628296626784e-37
28408	1.0	9.329628296626784e-37
28409	1.0	0.0
28411	1.0	4.4363751152352045e-42
28412	1.0	2.0924695846981544e-39
28413	1.0	4.034228527624793e-34
28414	1.0	0.0
28415	1.0	0.0
28416	1.0	0.0
28417	1.0	4.1830191432370926e-38
28418	1.0	0.0
28419	1.0	0.0
28420	1.0	3.9175502795249795e-40
28421	0.9999999999998012	1.9887133239903033e-13
28422	1.0	0.0
28423	1.0	0.0
28424	1.0	0.0
28425	1.0	8.136350875035202e-28
28426	1.0	2.7667010212373274e-29
28427	1.0	1.5347002469069264e-28
28428	1.0	4.234747963133552e-20
28429	0.9999999999999808	1.9225053605293545e-14
28430	0.9999999999999808	1.9225053605293545e-14
28431	0.9999999999994383	5.616665300608264e-13
28432	1.0	0.0
28433	1.0	1.9602691581999295e-27
28434	0.9999999999999973	2.6250381847906427e-15
28435	1.0	0.0
28436	1.0	0.0
28437	1.0	0.0
28438	0.9999999999974513	2.5487252305034053e-12
28439	1.0	0.0
28441	1.0	0.0
28442	1.0	0.0
28443	1.0	5.2891780736138e-32
28444	1.0	0.0
28445	0.999999999980227	1.9772996518992927e-11
28446	0.9999999999865593	1.3440651246090998e-11
28447	0.999999999980227	1.9772996518992927e-11
28448	0.9999999999996213	3.7875077375517034e-13
28449	0.9999990445333812	9.554666187774236e-07
28450	1.0	0.0
28451	1.0	0.0
28452	1.0	0.0
28453	0.9999999939071198	6.092880214950048e-09
28454	1.0	0.0
28455	1.0	0.0
28456	1.0	2.0489485172414532e-17
28457	0.9999999999999978	2.2689682036064246e-15
28458	1.0	0.0
28459	0.9999999998605741	1.3942596400554426e-10
28460	0.999999934983646	6.501635401514482e-08
28461	1.0	9.062000720350333e-26
28462	1.0	0.0
28463	0.9999999999997505	2.4952053653600833e-13
28464	1.0	6.096006854460587e-32
28465	0.9999999999867798	1.3220166874980714e-11
28466	1.0	5.498885252367599e-31
28467	1.0	0.0
28468	1.0	9.14915751423069e-25
28469	0.9999999999984536	1.5463783280068829e-12
28471	1.0	6.694913760742919e-42
28472	1.0	0.0
28473	1.0	2.9819253702543103e-36
28474	1.0	2.9819253702543103e-36
28475	1.0	0.0
28476	0.9999999999999959	4.084961986810557e-15
28477	1.0	0.0
28478	0.9999999999999009	9.911612567439447e-14
28479	1.0	0.0
28480	1.0	2.699533362306872e-33
28481	1.0	2.9771035251716797e-26
28482	0.9999999999999977	2.3770402328048088e-15
28483	1.0	0.0
28484	1.0	0.0
28485	1.0	0.0
28486	1.0	0.0
28487	0.9998732901520943	0.00012670984790579651
28488	0.9999999999991757	8.243245078466389e-13
28489	1.0	0.0
28490	0.9999999999996328	3.6718882062849016e-13
28491	0.9999999998944256	1.0557438351324658e-10
28492	1.0	1.638052730001522e-28
28493	1.0	0.0
28494	1.0	0.0
28495	0.9999103006575957	8.96993424043249e-05
28496	1.0	0.0
28497	1.0	0.0
28498	1.0	0.0
28499	1.0	0.0
28501	0.9999976776629567	2.322337043376023e-06
28502	1.0	0.0
28503	1.0	7.973919434015189e-19
28504	1.0	1.4975391672730711e-18
28505	1.0	0.0
28506	1.0	7.395539769232147e-38
28507	1.0	1.45061372534537e-41
28508	0.38117936321675283	0.6188206367832472
28509	1.0	6.848407760452122e-22
28510	1.0	0.0
28511	1.0	0.0
28512	1.0	0.0
28513	0.9999999920617771	7.938222802621687e-09
28514	1.0	0.0
28515	0.9999999999999608	3.9195443820919385e-14
28516	1.0	0.0
28517	1.0	0.0
28518	0.9917563406439207	0.008243659356079246
28519	1.0	0.0
28520	3.532905119563168e-07	0.999999646709488
28521	0.9999999982428207	1.7571792678880892e-09
28522	1.0	7.730286702089518e-42
28523	0.9999771018980697	2.2898101930333792e-05
28524	1.0	0.0
28525	0.9917563406439207	0.008243659356079246
28526	1.0	4.784105268038329e-17
28527	1.0	1.5446747202815734e-29
28528	1.0	1.309940638732488e-25
28529	1.0	0.0
28531	1.0	0.0
28532	1.0	0.0
28533	0.9999999980607236	1.9392763790882997e-09
28534	1.0	0.0
28535	1.0	0.0
28536	1.0	0.0
28537	1.0	0.0
28538	1.0	0.0
28539	1.0	0.0
28540	0.999999999999923	7.703240497092172e-14
28541	1.0	1.5012058387279023e-39
28542	1.0	0.0
28543	1.0	0.0
28544	1.0	0.0
28545	0.004890651969420623	0.9951093480305794
28546	1.0	0.0
28547	1.0	0.0
28548	1.0	0.0
28549	1.0	3.623279648434727e-20
28550	1.0	0.0
28551	1.0	0.0
28552	0.0	1.0
28553	1.0	8.56441611530099e-22
28554	1.0	0.0
28555	0.9967311515540952	0.003268848445904845
28556	1.0	1.9627546349431722e-25
28557	0.9999999999988461	1.153889000812945e-12
28558	0.9996637319896557	0.00033626801034422155
28559	7.075175752324636e-05	0.9999292482424768
28561	1.0	0.0
28562	1.0	0.0
28563	1.0	0.0
28564	0.9999999757783854	2.4221614637491895e-08
28565	1.0	0.0
28566	1.0	1.904685110403451e-30
28567	1.0	0.0
28568	0.9933174934185597	0.006682506581440265
28569	1.0	0.0
28570	1.0	1.5308741689567686e-26
28571	1.0	0.0
28572	1.0	0.0
28573	1.0	0.0
28574	1.0	0.0
28575	1.0	0.0
28576	0.9999999999999192	8.08558283670516e-14
28577	1.0	0.0
28578	1.0	1.159981933452151e-22
28579	0.9999999999999998	2.5485829200735644e-16
28580	1.0	3.18976362910587e-30
28581	1.0	0.0
28582	0.9999999999999998	1.9719805250162117e-16
28583	1.0	3.0678272195513902e-21
28584	0.9999999243087127	7.569128739402057e-08
28585	0.9999999999842611	1.5738883000233472e-11
28586	0.9999622069493996	3.7793050600341106e-05
28587	1.0	6.1188174352434955e-43
28588	1.0	0.0
28589	0.9999999999999089	9.114962105996544e-14
28591	0.9999999999998628	1.3720774708340152e-13
28592	1.0	0.0
28593	0.9998235143174256	0.00017648568257447523
28594	1.0	0.0
28595	1.0	0.0
28596	0.9999999999993178	6.821768918916877e-13
28597	1.0	0.0
28598	1.0	7.311861291054444e-18
28599	0.9999991055983413	8.944016587547303e-07
28600	1.0	2.1868406997140721e-35
28601	1.0	0.0
28602	1.0	0.0
28603	1.0	8.611573947136838e-38
28604	0.9999999897898779	1.0210122130817877e-08
28605	1.0	3.7096652247109124e-20
28606	1.0	0.0
28607	1.0	3.3973412144008393e-17
28608	1.0	0.0
28609	1.0	0.0
28610	1.0	0.0
28611	1.0	0.0
28612	1.0	3.6891070783629103e-26
28613	1.0	0.0
28614	0.9999999999999997	2.9421308872479657e-16
28615	1.0	0.0
28616	1.0	0.0
28617	1.0	1.1561607770106037e-17
28618	0.9999999999820908	1.790921040721268e-11
28619	1.0	0.0
28621	1.0	9.131229337166777e-40
28622	1.0	1.9881342457820667e-19
28623	0.9999999999999446	5.536673726046949e-14
28624	1.0	5.196581277233665e-26
28625	1.0	0.0
28626	1.0	4.906427865982597e-19
28627	0.9999826307297545	1.7369270245538122e-05
28628	1.0	0.0
28629	0.0012102133698295159	0.9987897866301705
28630	1.0	4.2835132472905485e-22
28631	1.0	4.360323813355501e-30
28632	1.0	5.635152565342774e-22
28633	1.0	1.1651553050129488e-33
28634	1.0	7.898609100021627e-22
28635	1.0	1.086830097412244e-24
28636	1.0	0.0
28637	1.0	0.0
28638	1.0	5.087677257707461e-22
28639	1.0	0.0
28640	1.0	0.0
28641	0.9999999982283858	1.7716142039042248e-09
28642	0.20521978329933255	0.7947802167006675
28643	1.0	6.508834351940063e-25
28644	1.0	0.0
28645	1.0	3.807644681741646e-30
28646	1.0	2.4878064681734683e-18
28647	1.0	0.0
28648	1.0	0.0
28649	1.0	0.0
28651	0.766657929839645	0.23334207016035502
28652	1.0	0.0
28653	1.0	0.0
28654	1.0	0.0
28655	1.0	0.0
28656	1.0	4.726362462311571e-22
28657	1.0	0.0
28658	1.0	0.0
28659	1.0	0.0
28660	1.0	9.858754357122399e-42
28661	1.0	0.0
28662	0.999999999976236	2.3763965414121736e-11
28663	1.0	0.0
28664	1.0	1.861060132515433e-36
28665	0.0003351509388166418	0.9996648490611834
28666	0.9999999999994246	5.754473168830845e-13
28667	1.0	5.619421449115602e-21
28668	1.0	1.3405884477116208e-20
28669	1.0	8.31247739206905e-39
28670	1.0	0.0
28671	0.05554767254186155	0.9444523274581385
28672	0.999999999999923	7.70430670328629e-14
28673	1.0	0.0
28674	1.0	0.0
28675	1.0	1.157493667364473e-41
28676	1.0	0.0
28677	1.0	4.1314050511682614e-39
28678	1.0	0.0
28679	0.9999999999999946	5.408812414627429e-15
28681	1.0	8.036816530948004e-23
28682	1.0	0.0
28683	1.0	0.0
28684	0.923755620787091	0.07624437921290904
28685	0.9999999999999918	8.202664922783585e-15
28686	1.0	0.0
28687	0.9999999981091804	1.890819579871695e-09
28688	1.0	0.0
28689	1.0	0.0
28690	0.9999999999999998	2.3399640909822116e-16
28691	1.0	0.0
28692	1.0	0.0
28693	1.0	0.0
28694	1.0	0.0
28695	1.0	0.0
28696	1.0	0.0
28697	1.0	9.153355087105372e-40
28698	1.0	0.0
28699	0.9999999999988077	1.1923105305540593e-12
28700	1.0	1.7449678930289065e-24
28701	0.9999999999856329	1.4367021161967493e-11
28702	1.0	0.0
28703	1.0	0.0
28704	0.9999999999999998	2.7346434498412084e-16
28705	0.000497771533218172	0.9995022284667818
28706	0.9978473672223291	0.002152632777670847
28707	0.9999999999998636	1.3647958072538157e-13
28708	1.0	3.240889470310705e-28
28709	1.0	0.0
28711	0.9997232382724938	0.00027676172750627136
28712	1.0	0.0
28713	1.0	0.0
28714	0.9999988232056425	1.1767943575137963e-06
28715	0.9999999999999512	4.8817632750625376e-14
28716	0.0	1.0
28717	1.0	2.136684310988169e-26
28718	1.0	0.0
28719	1.0	0.0
28720	1.0	0.0
28721	1.0	6.72927242461642e-19
28722	0.9990241295940524	0.0009758704059476322
28723	1.0	0.0
28724	0.9999996458159718	3.5418402823270733e-07
28725	1.0	0.0
28726	1.0	0.0
28727	1.0	0.0
28728	1.0	0.0
28729	1.0	0.0
28730	1.0	0.0
28731	1.0	0.0
28732	1.0	0.0
28733	1.0	4.0372453318993144e-22
28734	1.0	5.843601014493834e-22
28735	1.0	0.0
28736	2.83550960489265e-12	0.9999999999971645
28737	1.0	0.0
28738	1.0	0.0
28739	1.0	4.513512864159254e-43
28741	1.0	0.0
28742	1.0	0.0
28743	0.9999999864353126	1.3564687331144318e-08
28744	0.9999999999975329	2.4670849712379305e-12
28745	1.0	0.0
28746	1.0	0.0
28747	0.0	1.0
28748	1.0	0.0
28749	1.0	2.0360739487867487e-17
28750	1.0	0.0
28751	1.0	0.0
28752	1.0	0.0
28753	1.0	0.0
28754	1.0	7.001831011408386e-24
28755	1.0	0.0
28756	0.9999999999999485	5.1507024254732134e-14
28757	1.0	0.0
28758	1.0	1.4688988896994942e-31
28759	0.9999999035107339	9.648926614535887e-08
28760	1.0	0.0
28761	1.0	0.0
28762	1.0	4.6443150221989465e-28
28763	0.9999999997968462	2.0315384340025948e-10
28764	1.0	0.0
28765	1.0	0.0
28766	1.0	0.0
28767	1.0	0.0
28768	0.9999943083199638	5.6916800362139166e-06
28769	0.0	1.0
28771	1.0	2.9444034988900436e-31
28772	0.9999999999999993	6.289767977969777e-16
28773	0.9999994636783103	5.363216897754799e-07
28774	0.9999999999967571	3.2429012286484987e-12
28775	1.0	0.0
28776	0.9999999999999998	1.8702578091136681e-16
28777	1.0	0.0
28778	1.0	0.0
28779	1.0	0.0
28780	0.9999999990393713	9.606287246856925e-10
28781	1.0	1.2094542673901264e-32
28782	1.0	0.0
28783	0.9999999999984499	1.5500638345141413e-12
28784	1.0	0.0
28785	0.9999999999983614	1.6386253514978359e-12
28786	0.9999999999997939	2.060979308018595e-13
28787	1.0	1.992622308652456e-20
28788	1.0	0.0
28789	1.0	0.0
28790	1.0	0.0
28791	1.0	0.0
28792	0.999999999999697	3.0299739153937847e-13
28793	1.0	0.0
28794	1.0	1.231883089437444e-25
28795	0.9999999999996922	3.0780046944377187e-13
28796	1.0	0.0
28797	1.0	2.795900076223222e-34
28798	1.0	0.0
28799	1.0	0.0
28801	0.9998301980946114	0.00016980190538862187
28802	1.0	0.0
28803	0.4723047959618262	0.5276952040381738
28804	1.0	0.0
28805	1.0	0.0
28806	0.9999999999994855	5.144460148157362e-13
28807	1.0	0.0
28808	1.0	0.0
28809	1.0	0.0
28810	1.0	0.0
28811	1.0	0.0
28812	1.0	0.0
28813	1.0	3.625295737513858e-29
28814	0.9999999997891804	2.1081954700378368e-10
28815	1.0	0.0
28816	0.9999999999999986	1.4285547564029876e-15
28817	1.0	0.0
28818	1.0	0.0
28819	1.0	0.0
28820	1.0	2.4835342660941545e-25
28821	0.9999999451984617	5.480153826361909e-08
28822	1.0	0.0
28823	1.0	0.0
28824	1.0	2.6581780680841394e-37
28825	1.0	0.0
28826	1.0	0.0
28827	1.0	0.0
28828	1.0	0.0
28829	0.9999374154572361	6.258454276389899e-05
28831	0.9999999999997984	2.0162044852728856e-13
28832	1.0	0.0
28833	1.0	0.0
28834	1.0	2.225591042355697e-34
28835	1.0	7.273174253836006e-26
28836	1.0	0.0
28837	0.9999999999999375	6.250368715320683e-14
28838	1.0	1.6160957619646128e-39
28839	1.0	1.3757954647670534e-21
28840	1.0	0.0
28841	1.0	0.0
28842	1.0	0.0
28843	1.0	6.11216986116762e-20
28844	1.0	0.0
28845	1.0	0.0
28846	1.0	0.0
28847	1.0	0.0
28848	1.0	5.2993651005545274e-42
28849	1.0	6.1367928026353966e-21
28850	1.0	0.0
28851	1.0	0.0
28852	1.0	0.0
28853	0.999999999999758	2.42013402789692e-13
28854	1.0	0.0
28855	1.0	1.8333719003462344e-31
28856	1.0	2.1534179160904147e-27
28857	1.0	2.0069731466700938e-23
28858	1.0	0.0
28859	1.0	0.0
28861	1.0	0.0
28862	1.0	0.0
28863	0.9999999999999987	1.3408204438477823e-15
28864	1.0	0.0
28865	1.7329139123667403e-08	0.9999999826708609
28866	1.0	0.0
28867	1.0	5.577152282877149e-31
28868	1.0	1.6196538813174433e-34
28869	1.0	7.518649609635532e-32
28870	1.0	0.0
28871	1.0	0.0
28872	1.0	0.0
28873	1.0	0.0
28874	1.0	8.12324278133607e-24
28875	1.0	0.0
28876	1.0	0.0
28877	1.0	5.863652802861481e-35
28878	1.0	0.0
28879	1.0	0.0
28880	1.0	2.2460320369416073e-20
28881	1.0	0.0
28882	0.9999999971920938	2.8079062728765907e-09
28883	1.0	0.0
28884	1.0	0.0
28885	1.0	8.258437143712887e-42
28886	1.0	0.0
28887	1.0	4.891462561737641e-44
28888	1.0	3.125974860511922e-26
28889	1.0	3.192488374317455e-21
28891	0.9999481314728823	5.186852711772422e-05
28892	1.0	0.0
28893	0.9999999990946132	9.053867982644685e-10
28894	0.9999999999994478	5.522518970354316e-13
28895	1.0	0.0
28896	1.0	3.2097302970813816e-21
28897	1.0	0.0
28898	0.5486822968409713	0.4513177031590288
28899	1.0	2.458332241176709e-28
28900	1.0	8.402483579242581e-27
28901	1.0	0.0
28902	1.0	2.655070768838324e-26
28903	1.0	0.0
28904	1.0	5.0584566043877695e-21
28905	1.0	5.075739374521002e-34
28906	0.9999999987779953	1.2220047045972552e-09
28907	1.0	0.0
28908	1.0	0.0
28909	1.0	9.72503413812342e-35
28910	1.0	0.0
28911	1.0	9.545564473414141e-22
28912	1.0	1.1437412840165691e-26
28913	1.0	0.0
28914	1.0	0.0
28915	1.0	4.733352657177215e-18
28916	0.9133855964471822	0.08661440355281785
28917	1.0	0.0
28918	1.0	0.0
28919	1.0	0.0
28921	1.0	0.0
28922	0.9999999999997969	2.030771137600812e-13
28923	0.99935817201286	0.0006418279871399125
28924	1.0	9.591051955710913e-22
28925	1.0	0.0
28926	1.0	0.0
28927	1.0	0.0
28928	1.0	0.0
28929	1.0	0.0
28930	1.0	0.0
28931	1.0	1.6105798694967647e-32
28932	1.0	1.8057788650928932e-20
28933	1.0	0.0
28934	1.0	1.3952934500260352e-22
28935	1.0	3.915346554500823e-42
28936	1.0	0.0
28937	0.9999949869948398	5.013005160200114e-06
28938	1.0	0.0
28939	1.0	0.0
28940	1.0	0.0
28941	0.9999999999999946	5.4754674150247145e-15
28942	0.999999999999998	1.9655594474019876e-15
28943	1.0	0.0
28944	1.0	0.0
28945	1.0	0.0
28946	0.09527188083138871	0.9047281191686113
28947	1.0	0.0
28948	1.0	0.0
28949	0.9959011592135695	0.004098840786430529
28951	1.0	0.0
28952	0.9999999999373679	6.263217038263967e-11
28953	1.0	0.0
28954	1.0	0.0
28955	1.0	0.0
28956	1.0	1.4277854640608448e-21
28957	1.0	3.2297529987190377e-21
28958	0.9999999999729493	2.705071110819277e-11
28959	1.0	0.0
28960	0.9999999579715314	4.2028468607895166e-08
28961	1.0	0.0
28962	1.0	0.0
28963	1.0	8.795460509453054e-27
28964	1.0	3.0089834871686616e-32
28965	1.0	1.5431247122053357e-40
28966	1.0	4.1893967414088547e-19
28967	1.0	0.0
28968	1.0	9.152433832091272e-26
28969	1.0	3.6997142235078194e-34
28970	1.0	0.0
28971	1.0	0.0
28972	1.0	0.0
28973	0.9999999999999996	4.0911973854331674e-16
28974	0.9999999999999999	1.0277851955539558e-16
28975	1.0	0.0
28976	1.0	0.0
28977	0.999999999999999	1.0169493082003632e-15
28978	1.0	4.93466360745885e-38
28979	1.0	0.0
28981	1.0	0.0
28982	1.0	6.637502642445568e-20
28983	1.0	0.0
28984	0.9999999999999999	8.647596440159843e-17
28985	1.0	4.665352870427588e-30
28986	0.999999999997762	2.237976279212868e-12
28987	0.9999996494719648	3.505280351355134e-07
28988	1.0	5.401418690521639e-27
28989	1.0	0.0
28990	1.0	6.484964055507838e-31
28991	1.0	2.182445823965937e-17
28992	1.0	0.0
28993	1.0	0.0
28994	0.9999997577718766	2.422281234448553e-07
28995	1.0	0.0
28996	1.0	0.0
28997	1.0	0.0
28998	1.0	4.177671728483084e-37
28999	1.0	0.0
29000	1.0	0.0
29001	1.0	1.3688448576638867e-39
29002	0.9999999999995856	4.144433017166779e-13
29003	0.9999988505560262	1.1494439737428836e-06
29004	0.9999999999999759	2.405699497190511e-14
29005	1.0	1.0338620556838773e-32
29006	1.0	1.3393153107285255e-42
29007	1.0	1.392170525762628e-30
29008	0.0	1.0
29009	1.0	0.0
29011	1.0	0.0
29012	1.0	6.076174572692406e-24
29013	1.0	2.725418266436805e-20
29014	1.0	0.0
29015	0.9999999999860804	1.39196541365105e-11
29016	0.9999999998362991	1.6370099010943546e-10
29017	1.0	2.0187809277462564e-21
29018	1.0	0.0
29019	0.9999999999999171	8.289041851052382e-14
29020	1.0	0.0
29021	1.0	0.0
29022	1.0	1.3149920985266367e-19
29023	0.9999999999979488	2.0512826147472736e-12
29024	0.9999186616859127	8.133831408733504e-05
29025	1.0	7.51085217335186e-43
29026	1.0	6.667491358560429e-21
29027	1.0	0.0
29028	1.0	0.0
29029	1.0	0.0
29030	1.0	0.0
29031	0.9999999998938497	1.061503362000311e-10
29032	1.0	0.0
29033	0.08634067794198763	0.9136593220580124
29034	1.0	0.0
29035	1.0	0.0
29036	1.0	0.0
29037	1.0	0.0
29038	1.0	0.0
29039	0.9999999999999999	1.211750528035403e-16
29041	1.0	0.0
29042	1.0	0.0
29043	1.0	0.0
29044	1.7764376960549555e-06	0.999998223562304
29045	1.0	0.0
29046	1.0	0.0
29047	1.0	0.0
29048	1.0	0.0
29049	1.0	3.296497155802103e-42
29050	1.0	0.0
29051	1.0	0.0
29052	1.0	0.0
29053	0.9999999958571915	4.142808531827296e-09
29054	1.0	0.0
29055	0.9999999999973912	2.608747739873043e-12
29056	1.0	0.0
29057	1.0	4.177056172185524e-26
29058	1.0	0.0
29059	0.9779888699703169	0.022011130029683128
29060	1.0	0.0
29061	0.9999999999999999	1.6643407911667133e-16
29062	0.9999979506622547	2.0493377452995753e-06
29063	0.9999999999999853	1.4622958383202106e-14
29064	1.0	0.0
29065	1.0	0.0
29066	1.0	1.8569967722960082e-29
29067	1.0	1.1856275243482919e-22
29068	0.9999999999999934	6.59185971809267e-15
29069	1.0	1.8868337582170736e-38
29071	0.999999999929922	7.007809008310865e-11
29072	1.0	0.0
29073	1.0	3.324605463135309e-26
29074	1.0	0.0
29075	0.9999820262176263	1.7973782373626373e-05
29076	1.0	0.0
29077	1.0	0.0
29078	0.9999864913136453	1.3508686354690883e-05
29079	0.9999999999996897	3.1031399230701957e-13
29080	1.0	2.40613059429603e-34
29081	1.0	0.0
29082	1.0	0.0
29083	1.0	1.233856832295027e-37
29084	1.0	0.0
29085	1.0	6.109447272494119e-22
29086	1.0	2.237451390075956e-30
29087	1.0	0.0
29088	0.9999999998123806	1.876193846399449e-10
29089	1.0	0.0
29090	1.0	0.0
29091	1.0	0.0
29092	1.0	5.9609058751706255e-33
29093	1.0	1.536011230090748e-26
29094	0.316236765512628	0.683763234487372
29095	0.005909465247232459	0.9940905347527675
29096	1.0	0.0
29097	1.0	0.0
29098	0.9999629523828978	3.704761710223267e-05
29099	1.0	0.0
29101	0.9999999998247541	1.752459049854486e-10
29102	0.9999990941128912	9.058871088096861e-07
29103	1.0	0.0
29104	1.0	3.9941770224793e-30
29105	1.0	9.770068739565865e-34
29106	1.0	0.0
29107	0.946454785828031	0.05354521417196899
29108	1.0	0.0
29109	0.011663527171666743	0.9883364728283333
29110	1.0	1.4704051000219658e-28
29111	1.0	0.0
29112	1.0	5.565227874356303e-39
29113	1.0	0.0
29114	1.0	0.0
29115	0.9993897640440973	0.0006102359559026993
29116	1.0	4.475392758520101e-29
29117	1.0	0.0
29118	0.9999976148083785	2.385191621524107e-06
29119	1.0	0.0
29120	1.0	0.0
29121	1.0	0.0
29122	1.0	5.922706508523585e-37
29123	0.9999999999416842	5.83157519135799e-11
29124	1.0	1.0207434459496047e-34
29125	0.9999999925745393	7.425460705176486e-09
29126	1.0	0.0
29127	1.0	9.018598389489474e-40
29128	1.0	0.0
29129	0.9999999999999997	2.790309406822096e-16
29131	1.0	3.9644314777477716e-24
29132	0.9999999999866496	1.3350403423269534e-11
29133	1.0	2.8386402273117564e-24
29134	0.9999999999999923	7.695726162065616e-15
29135	1.0	0.0
29136	1.0	0.0
29137	1.0	0.0
29138	0.0	1.0
29139	0.9999994827996376	5.17200362396212e-07
29140	1.0	2.2594162891296325e-31
29141	0.9999984944091926	1.5055908073209616e-06
29142	0.00012418871589370273	0.9998758112841063
29143	1.0	0.0
29144	1.0	0.0
29145	1.0	0.0
29146	1.0	0.0
29147	1.0	2.242842837235781e-27
29148	1.0	0.0
29149	1.0	0.0
29150	1.0	0.0
29151	1.0	0.0
29152	0.999999999661417	3.3858306180959476e-10
29153	0.9999999999978574	2.142673686188344e-12
29154	1.0	0.0
29155	1.0	0.0
29156	0.9999999983194849	1.680515023532649e-09
29157	1.0	0.0
29158	1.0	0.0
29159	1.0	0.0
29161	1.0	1.3220579636426777e-39
29162	1.0	0.0
29163	0.0	1.0
29164	0.9999999973167095	2.6832904299605094e-09
29165	1.0	0.0
29166	1.0	0.0
29167	1.0	0.0
29168	1.0	9.533946723904376e-18
29169	1.0	0.0
29170	0.9999999997975749	2.0242510702176081e-10
29171	1.0	0.0
29172	1.0	5.521328713759176e-43
29173	1.0	0.0
29174	1.0	0.0
29175	1.0	1.7108711460053034e-31
29176	1.0	0.0
29177	0.9999896860924333	1.0313907566623729e-05
29178	0.9999999999966462	3.3537735237274696e-12
29179	1.0	0.0
29180	1.0	0.0
29181	1.0	0.0
29182	0.0	1.0
29183	1.0	0.0
29184	0.9999999999999986	1.388425828641398e-15
29185	0.9999999997598835	2.4011647337111196e-10
29186	1.0	0.0
29187	0.9999999922230514	7.776948624246862e-09
29188	1.0	1.904042333302218e-29
29189	1.0	0.0
29191	0.999999999964695	3.530502406894877e-11
29192	1.0	0.0
29193	1.0	0.0
29194	0.9999974674052068	2.532594793208054e-06
29195	0.9999999999999788	2.116135981318983e-14
29196	1.0	3.5386074066031028e-25
29197	1.0	4.817714495710131e-24
29198	1.0	2.8647943981811035e-40
29199	1.0	8.909767354785788e-19
29200	1.0	0.0
29201	1.0	0.0
29202	0.9999999999708086	2.9191407016920783e-11
29203	1.0	0.0
29204	1.0	6.606272518034693e-32
29205	0.9999992269396413	7.730603587446128e-07
29206	1.0	0.0
29207	0.999999999964695	3.530502406894877e-11
29208	1.0	0.0
29209	1.0	7.779934847070695e-29
29210	1.0	6.440816012487545e-33
29211	1.0	0.0
29212	1.0	0.0
29213	1.0	0.0
29214	1.0	0.0
29215	1.0	0.0
29216	0.0	1.0
29217	0.0	1.0
29218	0.0	1.0
29219	0.0	1.0
29221	0.0	1.0
29222	0.0	1.0
29223	0.0	1.0
29224	2.220446049250313e-16	0.9999999999999998
29225	0.0	1.0
29226	0.0	1.0
29227	0.0	1.0
29228	0.0	1.0
29229	0.0	1.0
29230	0.0	1.0
29231	0.0	1.0
29232	0.0	1.0
29233	0.0	1.0
29234	0.0	1.0
29235	0.0	1.0
29236	0.0	1.0
29237	0.0	1.0
29238	0.0	1.0
29239	0.0	1.0
29240	0.0	1.0
29241	0.0	1.0
29242	1.5543122344752192e-15	0.9999999999999984
29243	6.269211405562913e-08	0.9999999373078859
29244	2.220446049250313e-16	0.9999999999999998
29245	0.0	1.0
29246	0.0	1.0
29247	0.0	1.0
29248	0.0	1.0
29249	9.449673576966688e-08	0.9999999055032642
29251	0.0	1.0
29252	0.0	1.0
29253	0.0	1.0
29254	0.0	1.0
29255	7.406029345347065e-09	0.9999999925939707
29256	0.0	1.0
29257	0.0	1.0
29258	0.0	1.0
29259	0.0	1.0
29260	0.0	1.0
29261	0.0	1.0
29262	0.0	1.0
29263	0.0	1.0
29264	0.0	1.0
29265	0.9981548852242135	0.001845114775786543
29266	0.0	1.0
29267	0.0	1.0
29268	0.0	1.0
29269	3.1086244689504383e-15	0.9999999999999969
29270	0.0	1.0
29271	3.2788347302803444e-06	0.9999967211652697
29272	0.0	1.0
29273	0.0	1.0
29274	0.0	1.0
29275	0.0	1.0
29276	0.0	1.0
29277	0.0	1.0
29278	0.0	1.0
29279	0.0	1.0
29281	0.0	1.0
29282	0.0	1.0
29283	7.256565388136238e-06	0.9999927434346119
29284	0.0	1.0
29285	0.0	1.0
29286	0.0	1.0
29287	0.0	1.0
29288	0.0	1.0
29289	1.5520917884259688e-13	0.9999999999998448
29290	8.306466625640496e-12	0.9999999999916935
29291	0.0	1.0
29292	0.0	1.0
29293	0.0	1.0
29294	0.0	1.0
29295	1.4654943925052066e-14	0.9999999999999853
29296	4.440892098500626e-16	0.9999999999999996
29297	0.0	1.0
29298	0.0	1.0
29299	0.0	1.0
29300	0.0	1.0
29301	0.0	1.0
29302	0.0	1.0
29303	0.0	1.0
29304	0.0	1.0
29305	0.03100043782450579	0.9689995621754942
29306	0.0	1.0
29307	1.2656542480726785e-14	0.9999999999999873
29308	3.5860203695392556e-13	0.9999999999996414
29309	0.0	1.0
29311	0.0	1.0
29312	0.0	1.0
29313	0.0	1.0
29314	0.0	1.0
29315	0.0	1.0
29316	2.227107387398064e-13	0.9999999999997773
29317	0.0	1.0
29318	0.0	1.0
29319	7.1025407777369765e-12	0.9999999999928975
29320	0.0	1.0
29321	0.0	1.0
29322	0.0	1.0
29323	0.0	1.0
29324	0.0	1.0
29325	0.0	1.0
29326	0.0	1.0
29327	0.0	1.0
29328	0.0	1.0
29329	0.0	1.0
29330	0.0	1.0
29331	0.0	1.0
29332	0.0	1.0
29333	0.0	1.0
29334	0.0	1.0
29335	0.0	1.0
29336	0.0	1.0
29337	4.030109579389318e-13	0.999999999999597
29338	0.0	1.0
29339	0.0	1.0
29341	0.0	1.0
29342	0.0	1.0
29343	0.0	1.0
29344	0.0	1.0
29345	5.417888360170764e-14	0.9999999999999458
29346	0.0	1.0
29347	0.0	1.0
29348	0.0	1.0
29349	0.0	1.0
29350	0.0	1.0
29351	0.0	1.0
29352	0.0	1.0
29353	0.0	1.0
29354	0.0	1.0
29355	0.0	1.0
29356	0.0	1.0
29357	0.0	1.0
29358	0.0	1.0
29359	0.0	1.0
29360	0.0	1.0
29361	0.0	1.0
29362	0.0	1.0
29363	0.0	1.0
29364	0.0	1.0
29365	1.3509349194862352e-10	0.9999999998649065
29366	0.0	1.0
29367	0.0	1.0
29368	0.0	1.0
29369	0.0	1.0
29371	0.0	1.0
29372	0.0	1.0
29373	0.0	1.0
29374	0.0	1.0
29375	0.0	1.0
29376	2.3254283498808093e-08	0.9999999767457165
29377	0.0	1.0
29378	0.0	1.0
29379	2.6645352591003757e-15	0.9999999999999973
29380	0.0	1.0
29381	0.0	1.0
29382	0.0	1.0
29383	0.0	1.0
29384	0.000269915243779173	0.9997300847562208
29385	0.0	1.0
29386	0.0	1.0
29387	0.0	1.0
29388	0.0	1.0
29389	0.0	1.0
29390	0.0	1.0
29391	0.0	1.0
29392	0.0	1.0
29393	0.0	1.0
29394	0.0	1.0
29395	0.0	1.0
29396	0.0	1.0
29397	0.0	1.0
29398	0.0	1.0
29399	0.0	1.0
29401	0.0	1.0
29402	0.0	1.0
29403	0.0	1.0
29404	0.0	1.0
29405	0.0	1.0
29406	0.0	1.0
29407	0.0	1.0
29408	0.0	1.0
29409	0.0	1.0
29410	0.0	1.0
29411	0.0	1.0
29412	0.0	1.0
29413	0.0	1.0
29414	0.0	1.0
29415	0.0	1.0
29416	0.0	1.0
29417	0.0	1.0
29418	0.0	1.0
29419	4.952407078873122e-07	0.9999995047592921
29420	0.0	1.0
29421	0.0	1.0
29422	6.661338147750939e-16	0.9999999999999993
29423	0.0	1.0
29424	0.0	1.0
29425	0.0	1.0
29426	1.8904595215918363e-06	0.9999981095404784
29427	0.0	1.0
29428	0.0	1.0
29429	0.0	1.0
29431	0.0	1.0
29432	0.0	1.0
29433	0.0	1.0
29434	0.0	1.0
29435	9.061640326990528e-13	0.9999999999990938
29436	0.0	1.0
29437	0.16242658314562597	0.837573416854374
29438	0.9989314212886922	0.0010685787113078192
29439	0.0	1.0
29440	0.0	1.0
29441	0.017027770087108873	0.9829722299128911
29442	0.0	1.0
29443	0.0	1.0
29444	0.0	1.0
29445	0.0	1.0
29446	1.3319907221864824e-05	0.9999866800927781
29447	0.03003486232832797	0.969965137671672
29448	0.0	1.0
29449	0.0	1.0
29450	0.0	1.0
29451	0.0	1.0
29452	0.0	1.0
29453	0.0	1.0
29454	0.0	1.0
29455	0.0	1.0
29456	0.1328789640000867	0.8671210359999133
29457	0.0	1.0
29458	0.0	1.0
29459	0.0	1.0
29461	0.9138541639062373	0.08614583609376274
29462	0.0	1.0
29463	0.0	1.0
29464	3.0691170574970172e-06	0.9999969308829425
29465	0.0	1.0
29466	0.0	1.0
29467	0.0	1.0
29468	0.0	1.0
29469	0.0	1.0
29470	0.0	1.0
29471	0.0	1.0
29472	0.0	1.0
29473	0.0	1.0
29474	0.0	1.0
29475	0.0	1.0
29476	0.0	1.0
29477	1.7836843113627765e-12	0.9999999999982163
29478	0.0	1.0
29479	0.0	1.0
29480	4.016259766004282e-05	0.99995983740234
29481	0.0	1.0
29482	0.0	1.0
29483	0.0	1.0
29484	0.0	1.0
29485	0.0	1.0
29486	0.0	1.0
29487	0.0	1.0
29488	0.0	1.0
29489	7.7982065249671e-13	0.9999999999992202
29491	2.5912605394751154e-13	0.9999999999997409
29492	1.9983961309089082e-06	0.9999980016038691
29493	0.0	1.0
29494	0.0	1.0
29495	0.0	1.0
29496	0.0	1.0
29497	0.0	1.0
29498	3.967544071059592e-10	0.9999999996032456
29499	3.1118555222642286e-06	0.9999968881444777
29500	0.0	1.0
29501	7.862026829563717e-08	0.9999999213797317
29502	0.0	1.0
29503	0.0	1.0
29504	0.0	1.0
29505	4.688069932257122e-10	0.999999999531193
29506	0.0	1.0
29507	0.0	1.0
29508	0.0	1.0
29509	0.0	1.0
29510	1.5297473732189815e-08	0.9999999847025263
29511	0.13841559960578098	0.861584400394219
29512	5.118128143521972e-13	0.9999999999994882
29513	0.0	1.0
29514	0.0	1.0
29515	6.275460716853587e-06	0.9999937245392831
29516	0.0	1.0
29517	0.0	1.0
29518	0.0	1.0
29519	0.0	1.0
29521	3.8713216921060223e-07	0.9999996128678308
29522	0.0	1.0
29523	0.0	1.0
29524	0.0	1.0
29525	0.0	1.0
29526	0.0	1.0
29527	6.439293542825908e-15	0.9999999999999936
29528	0.0	1.0
29529	2.2089974294203785e-10	0.9999999997791003
29530	1.4883649868124849e-12	0.9999999999985116
29531	0.0	1.0
29532	0.0	1.0
29533	0.0	1.0
29534	0.0	1.0
29535	4.0178971261184415e-12	0.9999999999959821
29536	0.0	1.0
29537	5.281997061956645e-11	0.99999999994718
29538	0.0	1.0
29539	7.194245199571014e-14	0.9999999999999281
29540	2.5182127050271674e-08	0.999999974817873
29541	0.0	1.0
29542	0.0	1.0
29543	0.0	1.0
29544	0.2014503914150908	0.7985496085849092
29545	0.0	1.0
29546	0.0	1.0
29547	0.0	1.0
29548	0.0	1.0
29549	7.149836278586008e-14	0.9999999999999285
29551	0.15557246614444775	0.8444275338555522
29552	0.0	1.0
29553	0.0	1.0
29554	0.0	1.0
29555	0.0	1.0
29556	0.0	1.0
29557	0.0	1.0
29558	0.0	1.0
29559	0.0	1.0
29560	0.0	1.0
29561	0.0	1.0
29562	0.0	1.0
29563	0.0	1.0
29564	0.0	1.0
29565	0.0	1.0
29566	0.0	1.0
29567	3.707601559099771e-08	0.9999999629239844
29568	0.0	1.0
29569	0.0	1.0
29570	3.4586555841542577e-11	0.9999999999654134
29571	0.0	1.0
29572	0.0	1.0
29573	5.329070518200751e-15	0.9999999999999947
29574	0.0	1.0
29575	5.132998470713801e-10	0.9999999994867002
29576	2.220446049250313e-16	0.9999999999999998
29577	0.0	1.0
29578	0.0	1.0
29579	0.0	1.0
29581	0.0	1.0
29582	0.0	1.0
29583	0.0	1.0
29584	0.0	1.0
29585	0.0	1.0
29586	0.0	1.0
29587	6.389502260617519e-09	0.9999999936104977
29588	0.0	1.0
29589	0.0	1.0
29590	6.104574573617683e-07	0.9999993895425426
29591	0.0	1.0
29592	0.0	1.0
29593	0.0	1.0
29594	0.0	1.0
29595	0.0	1.0
29596	0.0	1.0
29597	0.0	1.0
29598	0.0	1.0
29599	0.0	1.0
29600	0.0	1.0
29601	0.0	1.0
29602	0.0	1.0
29603	0.0	1.0
29604	0.0	1.0
29605	0.0	1.0
29606	0.0	1.0
29607	0.0	1.0
29608	0.0	1.0
29609	0.0	1.0
29611	0.9659523852524079	0.03404761474759213
29612	2.6920687901110796e-12	0.9999999999973079
29613	0.0	1.0
29614	0.0	1.0
29615	0.0	1.0
29616	0.0	1.0
29617	0.0	1.0
29618	6.661338147750939e-16	0.9999999999999993
29619	1.065966820434916e-05	0.9999893403317957
29620	0.0	1.0
29621	0.026482608076979552	0.9735173919230204
29622	0.0	1.0
29623	0.0	1.0
29624	0.0	1.0
29625	0.0	1.0
29626	0.0	1.0
29627	4.069633519065974e-12	0.9999999999959304
29628	0.0	1.0
29629	0.0	1.0
29630	0.0	1.0
29631	7.438494264988549e-14	0.9999999999999256
29632	0.0	1.0
29633	2.2870594307278225e-14	0.9999999999999771
29634	0.0	1.0
29635	0.0	1.0
29636	0.000172239423137599	0.9998277605768624
29637	0.0	1.0
29638	0.0	1.0
29639	0.0	1.0
29641	0.0	1.0
29642	0.0	1.0
29643	0.0	1.0
29644	0.0	1.0
29645	0.0	1.0
29646	0.0	1.0
29647	0.0	1.0
29648	0.0	1.0
29649	0.0	1.0
29650	0.0	1.0
29651	0.0	1.0
29652	2.755386436248397e-05	0.9999724461356375
29653	0.0	1.0
29654	0.0	1.0
29655	0.0	1.0
29656	0.0	1.0
29657	0.0073855573077337144	0.9926144426922663
29658	0.0	1.0
29659	0.0	1.0
29660	0.0	1.0
29661	0.0	1.0
29662	0.0	1.0
29663	0.0	1.0
29664	0.0	1.0
29665	3.161559902764566e-11	0.9999999999683844
29666	1.9984014443252818e-15	0.999999999999998
29667	0.0	1.0
29668	0.0	1.0
29669	0.0	1.0
29671	0.0	1.0
29672	2.1538326677728037e-14	0.9999999999999785
29673	0.0	1.0
29674	0.0	1.0
29675	0.0	1.0
29676	0.0	1.0
29677	0.0	1.0
29678	0.0	1.0
29679	0.0	1.0
29680	0.0	1.0
29681	0.0	1.0
29682	0.0	1.0
29683	0.0008471480116409857	0.999152851988359
29684	0.0	1.0
29685	0.0	1.0
29686	0.0	1.0
29687	0.0	1.0
29688	0.0	1.0
29689	0.0	1.0
29690	0.0019425185411149348	0.9980574814588851
29691	4.440892098500626e-16	0.9999999999999996
29692	0.0	1.0
29693	1.1646239528317892e-12	0.9999999999988354
29694	0.0	1.0
29695	0.0	1.0
29696	0.0	1.0
29697	0.0	1.0
29698	0.0	1.0
29699	1.1952661083114435e-12	0.9999999999988047
29701	0.0	1.0
29702	0.0	1.0
29703	0.0	1.0
29704	0.0	1.0
29705	0.0	1.0
29706	0.0	1.0
29707	7.622211296576253e-07	0.9999992377788703
29708	0.0	1.0
29709	2.176259172870232e-12	0.9999999999978237
29710	0.0	1.0
29711	0.0	1.0
29712	0.0	1.0
29713	0.0	1.0
29714	0.0	1.0
29715	0.0	1.0
29716	3.481659405224491e-13	0.9999999999996518
29717	0.0	1.0
29718	0.0	1.0
29719	0.0	1.0
29720	0.0	1.0
29721	0.0	1.0
29722	0.0	1.0
29723	0.0	1.0
29724	0.0	1.0
29725	0.0	1.0
29726	0.0	1.0
29727	4.884981308350689e-15	0.9999999999999951
29728	0.0	1.0
29729	0.0	1.0
29731	0.0	1.0
29732	0.7414625195164739	0.2585374804835261
29733	0.0	1.0
29734	0.0	1.0
29735	0.0	1.0
29736	0.0	1.0
29737	0.0	1.0
29738	0.0	1.0
29739	1.1102230246251565e-15	0.9999999999999989
29740	0.0	1.0
29741	0.0	1.0
29742	0.0	1.0
29743	0.0	1.0
29744	0.0	1.0
29745	7.327471962526033e-14	0.9999999999999267
29746	0.0	1.0
29747	0.0	1.0
29748	0.0	1.0
29749	0.0	1.0
29750	0.0	1.0
29751	0.0	1.0
29752	0.0	1.0
29753	2.6201263381153694e-13	0.999999999999738
29754	0.0	1.0
29755	0.0	1.0
29756	0.0	1.0
29757	0.0	1.0
29758	0.0	1.0
29759	0.0	1.0
29761	0.0	1.0
29762	0.0	1.0
29763	0.0	1.0
29764	0.0	1.0
29765	0.0	1.0
29766	0.0	1.0
29767	6.283862319378386e-14	0.9999999999999372
29768	1.5622547699933875e-10	0.9999999998437745
29769	1.3754131167331707e-10	0.9999999998624587
29770	0.0	1.0
29771	0.0	1.0
29772	2.220446049250313e-16	0.9999999999999998
29773	0.0	1.0
29774	0.0	1.0
29775	1.3322676295501878e-15	0.9999999999999987
29776	0.0	1.0
29777	0.0	1.0
29778	0.0	1.0
29779	0.0	1.0
29780	0.0	1.0
29781	0.0	1.0
29782	0.0	1.0
29783	0.0	1.0
29784	1.7740253710485376e-11	0.9999999999822597
29785	0.0	1.0
29786	0.0	1.0
29787	0.0	1.0
29788	0.0	1.0
29789	0.0	1.0
29791	0.0	1.0
29792	0.0	1.0
29793	4.487679561293589e-09	0.9999999955123204
29794	2.7605029373489742e-11	0.999999999972395
29795	0.0	1.0
29796	0.0	1.0
29797	0.0	1.0
29798	0.0	1.0
29799	1.84474264641743e-07	0.9999998155257354
29800	0.0	1.0
29801	0.0	1.0
29802	0.0	1.0
29803	0.0	1.0
29804	2.5571436523819102e-08	0.9999999744285635
29805	0.0	1.0
29806	0.0	1.0
29807	0.0	1.0
29808	0.0	1.0
29809	3.6415315207705135e-14	0.9999999999999636
29810	0.0	1.0
29811	0.9623786844586107	0.03762131554138927
29812	3.6111551526829544e-09	0.9999999963888448
29813	0.0	1.0
29814	0.0	1.0
29815	0.0	1.0
29816	0.0	1.0
29817	0.0	1.0
29818	0.0	1.0
29819	0.0	1.0
29821	0.0	1.0
29822	0.0	1.0
29823	1.9473311851925246e-13	0.9999999999998053
29824	2.3499129309101363e-09	0.9999999976500871
29825	0.0	1.0
29826	0.0001242396264273804	0.9998757603735726
29827	0.0	1.0
29828	1.077356344691971e-06	0.9999989226436553
29829	5.210569753444361e-10	0.999999999478943
29830	3.4305891460917337e-13	0.9999999999996569
29831	0.0	1.0
29832	0.4064065501282642	0.5935934498717358
29833	0.0	1.0
29834	0.0	1.0
29835	0.0	1.0
29836	0.0	1.0
29837	0.0	1.0
29838	0.0	1.0
29839	0.0	1.0
29840	0.10071808209474142	0.8992819179052586
29841	0.3600734520765527	0.6399265479234473
29842	0.0	1.0
29843	0.0	1.0
29844	8.095066563740261e-07	0.9999991904933436
29845	0.0	1.0
29846	0.0	1.0
29847	0.0	1.0
29848	0.0	1.0
29849	0.0	1.0
29851	0.0	1.0
29852	0.0	1.0
29853	0.0	1.0
29854	0.0	1.0
29855	0.0	1.0
29856	0.0	1.0
29857	0.0	1.0
29858	0.0	1.0
29859	0.0	1.0
29860	0.0	1.0
29861	0.0	1.0
29862	7.606590928244117e-07	0.9999992393409072
29863	0.0	1.0
29864	0.0	1.0
29865	0.0025118535720417556	0.9974881464279582
29866	0.0	1.0
29867	7.105427357601002e-15	0.9999999999999929
29868	0.0	1.0
29869	0.0	1.0
29870	0.0	1.0
29871	1.8861662606783902e-05	0.9999811383373932
29872	0.0	1.0
29873	0.0	1.0
29874	0.0	1.0
29875	1.9984014443252818e-15	0.999999999999998
29876	0.0	1.0
29877	0.0	1.0
29878	0.0	1.0
29879	0.0	1.0
29881	0.0	1.0
29882	0.0	1.0
29883	0.0	1.0
29884	1.5715269091609585e-06	0.9999984284730908
29885	0.0	1.0
29886	0.0	1.0
29887	0.0	1.0
29888	0.0	1.0
29889	0.0	1.0
29890	0.0	1.0
29891	0.0	1.0
29892	0.0	1.0
29893	0.0	1.0
29894	1.0471623568264476e-12	0.9999999999989528
29895	5.5115689789886346e-11	0.9999999999448843
29896	0.0	1.0
29897	2.0126279714816064e-05	0.9999798737202852
29898	0.0	1.0
29899	1.2212453270876722e-14	0.9999999999999878
29900	0.0	1.0
29901	9.54417211929126e-10	0.9999999990455828
29902	0.0	1.0
29903	0.0	1.0
29904	0.0	1.0
29905	0.0	1.0
29906	4.582451096357687e-08	0.999999954175489
29907	0.0	1.0
29908	0.0	1.0
29909	0.0	1.0
29911	0.0	1.0
29912	0.0	1.0
29913	0.0	1.0
29914	0.0	1.0
29915	0.0	1.0
29916	0.0	1.0
29917	3.7969627442180354e-14	0.999999999999962
29918	8.828107134206675e-10	0.9999999991171893
29919	0.0	1.0
29920	0.0	1.0
29921	1.1376899422543829e-11	0.9999999999886231
29922	0.0	1.0
29923	0.0	1.0
29924	6.55680789662938e-07	0.9999993443192103
29925	0.0	1.0
29926	0.0	1.0
29927	0.0	1.0
29928	2.3453905484416282e-11	0.9999999999765461
29929	0.0	1.0
29930	0.0	1.0
29931	0.0	1.0
29932	0.0	1.0
29933	1.1206181427247941e-08	0.9999999887938186
29934	3.975109130749388e-11	0.9999999999602489
29935	0.0	1.0
29936	0.0	1.0
29937	0.0	1.0
29938	9.041656312547275e-13	0.9999999999990958
29939	0.0	1.0
29941	0.0	1.0
29942	0.0	1.0
29943	0.0	1.0
29944	0.0	1.0
29945	0.0	1.0
29946	9.303668946358812e-14	0.999999999999907
29947	0.0	1.0
29948	2.4639512652413487e-09	0.9999999975360487
29949	0.0	1.0
29950	0.0	1.0
29951	0.0	1.0
29952	0.0	1.0
29953	0.0	1.0
29954	0.0	1.0
29955	0.0	1.0
29956	0.0	1.0
29957	0.0	1.0
29958	0.0	1.0
29959	0.0	1.0
29960	0.0	1.0
29961	0.0	1.0
29962	6.661338147750939e-16	0.9999999999999993
29963	0.0	1.0
29964	0.0	1.0
29965	0.0	1.0
29966	0.7670366237714262	0.23296337622857377
29967	0.0	1.0
29968	1.6878474429216084e-07	0.9999998312152557
29969	0.0	1.0
29971	0.0	1.0
29972	0.0	1.0
29973	0.0	1.0
29974	0.0	1.0
29975	0.0	1.0
29976	0.0	1.0
29977	0.0	1.0
29978	0.0	1.0
29979	0.0	1.0
29980	0.0	1.0
29981	9.103828801926284e-15	0.9999999999999909
29982	0.0	1.0
29983	0.0	1.0
29984	0.0	1.0
29985	0.0	1.0
29986	9.744073689144095e-06	0.9999902559263109
29987	0.0	1.0
29988	0.0	1.0
29989	0.0	1.0
29990	0.0	1.0
29991	0.0	1.0
29992	0.0	1.0
29993	0.0	1.0
29994	0.0	1.0
29995	0.0	1.0
29996	0.0	1.0
29997	1.4050982599655981e-12	0.9999999999985949
29998	0.0	1.0
29999	0.0	1.0
30001	0.0	1.0
30002	0.0	1.0
30003	4.218847493575595e-14	0.9999999999999578
30004	0.0	1.0
30005	0.0	1.0
30006	0.0	1.0
30007	0.0	1.0
30008	0.0	1.0
30009	0.0	1.0
30010	0.0	1.0
30011	0.0	1.0
30012	0.0	1.0
30013	0.0	1.0
30014	0.0	1.0
30015	0.0	1.0
30016	0.0	1.0
30017	0.0	1.0
30018	0.9295065299944011	0.07049347000559893
30019	0.0	1.0
30020	0.0	1.0
30021	0.0	1.0
30022	0.0	1.0
30023	0.017355347013532807	0.9826446529864672
30024	0.0	1.0
30025	0.0	1.0
30026	0.0	1.0
30027	0.0	1.0
30028	2.609024107869118e-13	0.9999999999997391
30029	0.0	1.0
30031	0.0	1.0
30032	0.0	1.0
30033	1.3663195451707466e-06	0.9999986336804548
30034	0.0	1.0
30035	0.0	1.0
30036	0.0	1.0
30037	0.0	1.0
30038	0.0	1.0
30039	0.0	1.0
30040	0.0	1.0
30041	0.0	1.0
30042	0.977173019035836	0.022826980964164068
30043	0.0	1.0
30044	0.0	1.0
30045	0.0	1.0
30046	0.0	1.0
30047	0.0	1.0
30048	0.0	1.0
30049	0.0	1.0
30050	0.0	1.0
30051	0.0	1.0
30052	1.11481012199377e-08	0.9999999888518988
30053	0.0	1.0
30054	0.0	1.0
30055	5.1958437552457326e-14	0.999999999999948
30056	0.0	1.0
30057	0.0	1.0
30058	0.0	1.0
30059	0.0	1.0
30061	0.0	1.0
30062	0.0	1.0
30063	0.0	1.0
30064	0.0	1.0
30065	0.0	1.0
30066	0.0	1.0
30067	2.220446049250313e-15	0.9999999999999978
30068	0.0	1.0
30069	0.0	1.0
30070	0.0	1.0
30071	0.0	1.0
30072	0.0	1.0
30073	1.7763568394002505e-15	0.9999999999999982
30074	0.0	1.0
30075	0.0	1.0
30076	0.0	1.0
30077	0.0	1.0
30078	0.0	1.0
30079	0.0	1.0
30080	0.0	1.0
30081	0.0	1.0
30082	0.0	1.0
30083	0.0	1.0
30084	0.0	1.0
30085	0.0	1.0
30086	0.0	1.0
30087	0.0	1.0
30088	1.5543122344752192e-15	0.9999999999999984
30089	0.0	1.0
30091	0.0	1.0
30092	0.0	1.0
30093	0.0	1.0
30094	0.0	1.0
30095	0.0	1.0
30096	0.0	1.0
30097	0.0	1.0
30098	0.0	1.0
30099	0.0	1.0
30100	0.0	1.0
30101	4.922950935792869e-12	0.999999999995077
30102	2.0188289040490304e-08	0.999999979811711
30103	0.0	1.0
30104	0.0	1.0
30105	0.0	1.0
30106	5.2094772939881295e-11	0.9999999999479052
30107	0.0	1.0
30108	0.0	1.0
30109	0.0	1.0
30110	0.0	1.0
30111	0.0	1.0
30112	4.440892098500626e-16	0.9999999999999996
30113	0.0	1.0
30114	3.286666494517476e-10	0.9999999996713334
30115	0.0	1.0
30116	0.0	1.0
30117	0.0	1.0
30118	0.0	1.0
30119	0.0	1.0
30121	0.0	1.0
30122	2.0092327801535248e-10	0.9999999997990767
30123	0.0	1.0
30124	2.0339285811132868e-12	0.9999999999979661
30125	0.0	1.0
30126	0.0	1.0
30127	6.661338147750939e-16	0.9999999999999993
30128	3.3306690738754696e-15	0.9999999999999967
30129	3.142456585947251e-06	0.999996857543414
30130	0.0	1.0
30131	0.0	1.0
30132	1.8099213239253231e-09	0.9999999981900787
30133	3.552713678800501e-15	0.9999999999999964
30134	0.0	1.0
30135	0.0	1.0
30136	0.0	1.0
30137	0.0	1.0
30138	0.0	1.0
30139	0.0	1.0
30140	0.0	1.0
30141	0.0	1.0
30142	0.0	1.0
30143	0.0	1.0
30144	0.0	1.0
30145	0.0	1.0
30146	0.0	1.0
30147	4.440892098500626e-16	0.9999999999999996
30148	0.0	1.0
30149	0.0	1.0
30151	1.5494272531668685e-12	0.9999999999984506
30152	0.0	1.0
30153	0.0	1.0
30154	0.0	1.0
30155	0.0	1.0
30156	0.0	1.0
30157	0.0	1.0
30158	0.0	1.0
30159	0.0	1.0
30160	9.547918011776346e-15	0.9999999999999905
30161	3.774758283725532e-15	0.9999999999999962
30162	0.0	1.0
30163	0.0	1.0
30164	0.0	1.0
30165	0.0	1.0
30166	0.0	1.0
30167	0.0	1.0
30168	0.0	1.0
30169	0.0	1.0
30170	0.0	1.0
30171	0.0	1.0
30172	0.0	1.0
30173	0.0	1.0
30174	0.0	1.0
30175	0.0	1.0
30176	0.0	1.0
30177	0.0	1.0
30178	0.0	1.0
30179	0.0	1.0
30181	0.0	1.0
30182	0.0	1.0
30183	0.0	1.0
30184	4.1744385725905886e-14	0.9999999999999583
30185	0.0	1.0
30186	0.0	1.0
30187	0.0	1.0
30188	0.0	1.0
30189	0.0	1.0
30190	0.0	1.0
30191	0.0	1.0
30192	0.0	1.0
30193	0.0	1.0
30194	3.676614568348668e-12	0.9999999999963234
30195	5.086591981962041e-05	0.9999491340801804
30196	0.0	1.0
30197	0.0	1.0
30198	0.0	1.0
30199	0.0	1.0
30200	0.0	1.0
30201	0.0	1.0
30202	0.0	1.0
30203	0.0	1.0
30204	0.0	1.0
30205	0.0	1.0
30206	4.4128718457159266e-08	0.9999999558712815
30207	0.0	1.0
30208	0.0	1.0
30209	1.9528823003156504e-10	0.9999999998047118
30211	0.0	1.0
30212	0.0	1.0
30213	0.0	1.0
30214	0.0	1.0
30215	0.0	1.0
30216	0.0	1.0
30217	0.0	1.0
30218	5.719705750140136e-07	0.999999428029425
30219	0.0	1.0
30220	0.0	1.0
30221	0.0	1.0
30222	0.0	1.0
30223	0.0	1.0
30224	2.3662416470671133e-09	0.9999999976337584
30225	0.00011496795460674836	0.9998850320453933
30226	0.0	1.0
30227	8.881784197001252e-15	0.9999999999999911
30228	5.596187957479515e-10	0.9999999994403812
30229	7.204919008074739e-07	0.9999992795080992
30230	1.5765166949677223e-14	0.9999999999999842
30231	0.0	1.0
30232	0.0	1.0
30233	0.0	1.0
30234	0.0	1.0
30235	4.1451286847404845e-12	0.9999999999958549
30236	1.6864065699451203e-11	0.9999999999831359
30237	0.0	1.0
30238	5.8471005814908494e-12	0.9999999999941529
30239	0.0	1.0
30241	0.0	1.0
30242	0.0	1.0
30243	0.0	1.0
30244	0.0	1.0
30245	0.0	1.0
30246	0.0	1.0
30247	0.0	1.0
30248	0.0	1.0
30249	1.7541523789077473e-14	0.9999999999999825
30250	1.8762531528437876e-09	0.9999999981237468
30251	0.0	1.0
30252	0.0	1.0
30253	0.0	1.0
30254	0.0	1.0
30255	0.0	1.0
30256	0.0	1.0
30257	0.0	1.0
30258	0.0	1.0
30259	0.00027168241489494704	0.999728317585105
30260	0.0	1.0
30261	0.0	1.0
30262	0.0	1.0
30263	0.0	1.0
30264	0.0	1.0
30265	0.0	1.0
30266	0.0	1.0
30267	0.0	1.0
30268	0.0	1.0
30269	0.0	1.0
30271	0.0	1.0
30272	0.0	1.0
30273	0.0	1.0
30274	0.0	1.0
30275	0.0	1.0
30276	8.197975631674126e-11	0.9999999999180202
30277	0.0	1.0
30278	0.0	1.0
30279	0.0	1.0
30280	4.440892098500626e-15	0.9999999999999956
30281	0.0	1.0
30282	0.0	1.0
30283	0.0	1.0
30284	0.0	1.0
30285	0.0	1.0
30286	0.0	1.0
30287	0.0	1.0
30288	5.108136136300345e-12	0.9999999999948919
30289	0.0	1.0
30290	0.0	1.0
30291	0.0	1.0
30292	0.0	1.0
30293	0.0	1.0
30294	3.612958225929219e-07	0.9999996387041774
30295	7.755573960821494e-12	0.9999999999922444
30296	1.7608187102835515e-06	0.9999982391812897
30297	0.0	1.0
30298	0.0	1.0
30299	0.0	1.0
30301	0.0	1.0
30302	0.0	1.0
30303	0.0	1.0
30304	0.0	1.0
30305	0.0	1.0
30306	0.0	1.0
30307	0.0	1.0
30308	0.0	1.0
30309	0.20507807822273627	0.7949219217772637
30310	0.0	1.0
30311	1.354472090042691e-14	0.9999999999999865
30312	0.0	1.0
30313	0.0	1.0
30314	0.0	1.0
30315	0.0	1.0
30316	0.0	1.0
30317	0.0	1.0
30318	0.0	1.0
30319	0.0	1.0
30320	0.0	1.0
30321	0.0	1.0
30322	0.0	1.0
30323	0.0	1.0
30324	0.0	1.0
30325	0.0	1.0
30326	0.0	1.0
30327	0.0	1.0
30328	7.704947790898586e-14	0.999999999999923
30329	0.0280926811819181	0.9719073188180819
30331	0.0	1.0
30332	0.0	1.0
30333	0.0	1.0
30334	0.0	1.0
30335	0.0	1.0
30336	0.0	1.0
30337	0.0	1.0
30338	0.0	1.0
30339	0.0	1.0
30340	0.0	1.0
30341	2.1013368822764278e-10	0.9999999997898663
30342	1.4026779737719153e-11	0.9999999999859732
30343	0.0	1.0
30344	0.0	1.0
30345	0.0	1.0
30346	0.0	1.0
30347	0.00023167405174384648	0.9997683259482562
30348	0.0	1.0
30349	0.0	1.0
30350	0.0	1.0
30351	8.881784197001252e-16	0.9999999999999991
30352	1.514204194252855e-07	0.9999998485795806
30353	0.0004843137366696837	0.9995156862633303
30354	0.0	1.0
30355	0.0	1.0
30356	0.0	1.0
30357	0.0	1.0
30358	0.0	1.0
30359	0.0	1.0
30361	0.0	1.0
30362	0.0	1.0
30363	0.0	1.0
30364	5.901773253436104e-07	0.9999994098226747
30365	0.0	1.0
30366	0.00013178467445351671	0.9998682153255465
30367	0.0	1.0
30368	6.437709842987971e-08	0.9999999356229016
30369	1.2878587085651816e-14	0.9999999999999871
30370	0.0	1.0
30371	0.0	1.0
30372	0.0	1.0
30373	0.0	1.0
30374	2.0095036745715333e-13	0.999999999999799
30375	6.16839912481737e-13	0.9999999999993832
30376	0.0	1.0
30377	2.5135449277513544e-13	0.9999999999997486
30378	0.0	1.0
30379	0.0	1.0
30380	0.0	1.0
30381	0.0	1.0
30382	0.0	1.0
30383	0.0	1.0
30384	0.0	1.0
30385	0.0	1.0
30386	0.0	1.0
30387	0.0	1.0
30388	0.0	1.0
30389	0.0	1.0
30391	0.0	1.0
30392	0.0	1.0
30393	0.0	1.0
30394	0.0	1.0
30395	0.0	1.0
30396	1.0638946185137499e-06	0.9999989361053815
30397	0.6618487905197019	0.33815120948029814
30398	0.0	1.0
30399	0.0	1.0
30400	0.0	1.0
30401	3.913314117198752e-12	0.9999999999960867
30402	0.0	1.0
30403	0.0	1.0
30404	0.0	1.0
30405	0.0	1.0
30406	0.7742449057203012	0.22575509427969875
30407	0.0	1.0
30408	0.0	1.0
30409	0.0	1.0
30410	0.0	1.0
30411	0.0	1.0
30412	0.0	1.0
30413	0.0	1.0
30414	0.0	1.0
30415	0.0	1.0
30416	0.0	1.0
30417	1.1830536550405668e-12	0.999999999998817
30418	0.0	1.0
30419	0.0	1.0
30421	0.0	1.0
30422	0.0	1.0
30423	0.0	1.0
30424	0.0	1.0
30425	0.0	1.0
30426	0.0	1.0
30427	0.0	1.0
30428	0.0	1.0
30429	0.0	1.0
30430	0.0	1.0
30431	0.0	1.0
30432	0.0	1.0
30433	0.0	1.0
30434	0.0	1.0
30435	9.325873406851315e-15	0.9999999999999907
30436	0.0	1.0
30437	4.4378900554420397e-10	0.999999999556211
30438	0.0	1.0
30439	0.0	1.0
30440	0.0	1.0
30441	0.0	1.0
30442	2.4424906541753444e-15	0.9999999999999976
30443	0.0	1.0
30444	0.0	1.0
30445	0.0	1.0
30446	0.0	1.0
30447	0.0	1.0
30448	0.0	1.0
30449	0.0	1.0
30451	0.0	1.0
30452	1.2914542074526913e-05	0.9999870854579255
30453	0.0	1.0
30454	0.0	1.0
30455	3.9968028886505635e-14	0.99999999999996
30456	0.0	1.0
30457	0.0	1.0
30458	0.0	1.0
30459	0.0	1.0
30460	0.0	1.0
30461	0.0	1.0
30462	0.0	1.0
30463	0.0	1.0
30464	0.00031389609494114623	0.9996861039050589
30465	0.0	1.0
30466	0.0	1.0
30467	4.517752838495426e-10	0.9999999995482247
30468	0.0	1.0
30469	0.0	1.0
30470	0.0	1.0
30471	0.0	1.0
30472	0.0	1.0
30473	0.0	1.0
30474	0.0	1.0
30475	0.0	1.0
30476	1.1324274851176597e-14	0.9999999999999887
30477	1.3322676295501878e-15	0.9999999999999987
30478	0.0	1.0
30479	0.0	1.0
30481	8.147542640557504e-10	0.9999999991852457
30482	0.0	1.0
30483	0.0	1.0
30484	2.176336222348141e-09	0.9999999978236638
30485	0.0	1.0
30486	0.0	1.0
30487	0.0	1.0
30488	0.0	1.0
30489	0.0	1.0
30490	0.0	1.0
30491	0.0	1.0
30492	2.658601727911769e-05	0.9999734139827209
30493	0.0003296465392307324	0.9996703534607693
30494	0.0	1.0
30495	4.590416935457142e-11	0.9999999999540958
30496	0.0	1.0
30497	0.0	1.0
30498	0.0	1.0
30499	0.0	1.0
30500	0.0	1.0
30501	0.0	1.0
30502	0.0	1.0
30503	0.0	1.0
30504	0.0	1.0
30505	3.230063105874592e-09	0.9999999967699369
30506	0.0	1.0
30507	0.0	1.0
30508	0.0	1.0
30509	0.0	1.0
30511	3.841726936570922e-11	0.9999999999615827
30512	2.6645352591003757e-15	0.9999999999999973
30513	0.0	1.0
30514	0.0	1.0
30515	0.0	1.0
30516	3.527070424613754e-08	0.9999999647292958
30517	0.0	1.0
30518	0.0	1.0
30519	0.0	1.0
30520	0.0	1.0
30521	0.0	1.0
30522	6.593170454038955e-12	0.9999999999934068
30523	0.0	1.0
30524	0.0	1.0
30525	0.0	1.0
30526	0.0	1.0
30527	1.942668248489099e-12	0.9999999999980573
30528	0.0	1.0
30529	0.0	1.0
30530	0.0	1.0
30531	0.0	1.0
30532	0.0	1.0
30533	0.0	1.0
30534	0.0	1.0
30535	0.0	1.0
30536	2.3314683517128287e-14	0.9999999999999767
30537	0.0	1.0
30538	0.0	1.0
30539	0.0	1.0
30541	0.0	1.0
30542	0.0	1.0
30543	0.0	1.0
30544	0.0	1.0
30545	6.02993210918612e-11	0.9999999999397007
30546	1.4550665117241124e-09	0.9999999985449335
30547	0.0	1.0
30548	0.0	1.0
30549	1.8719853134285813e-07	0.9999998128014687
30550	0.0	1.0
30551	2.6258444529858593e-08	0.9999999737415555
30552	0.0	1.0
30553	0.0	1.0
30554	0.0	1.0
30555	4.295475086735223e-11	0.9999999999570452
30556	0.0	1.0
30557	0.0	1.0
30558	0.0	1.0
30559	0.0	1.0
30560	0.0	1.0
30561	0.011959801819672267	0.9880401981803277
30562	0.0	1.0
30563	3.5849745394500587e-10	0.9999999996415025
30564	0.023283106844346202	0.9767168931556538
30565	0.0	1.0
30566	0.0	1.0
30567	0.00035417266655113355	0.9996458273334489
30568	0.0	1.0
30569	0.0007803061020125179	0.9992196938979875
30571	0.0	1.0
30572	0.0	1.0
30573	0.0	1.0
30574	0.0	1.0
30575	0.005223467865058007	0.994776532134942
30576	0.0	1.0
30577	0.0	1.0
30578	2.63269783751241e-09	0.9999999973673022
30579	0.0	1.0
30580	0.0	1.0
30581	0.0	1.0
30582	0.0	1.0
30583	0.0	1.0
30584	0.0	1.0
30585	1.2301783258727994e-07	0.9999998769821674
30586	0.0	1.0
30587	1.8328510453802238e-06	0.9999981671489546
30588	2.220446049250313e-16	0.9999999999999998
30589	0.0	1.0
30590	0.0	1.0
30591	4.773959005888173e-14	0.9999999999999523
30592	0.0	1.0
30593	0.0	1.0
30594	0.0	1.0
30595	0.0	1.0
30596	0.0	1.0
30597	0.0	1.0
30598	0.0	1.0
30599	0.0	1.0
30601	1.3944401189291966e-13	0.9999999999998606
30602	2.6228534011352167e-08	0.999999973771466
30603	1.9539925233402755e-14	0.9999999999999805
30604	0.0	1.0
30605	2.747396965485649e-07	0.9999997252603035
30606	1.176836406102666e-14	0.9999999999999882
30607	0.0	1.0
30608	1.4379385586682503e-06	0.9999985620614413
30609	3.483547213001259e-05	0.99996516452787
30610	0.0	1.0
30611	0.0	1.0
30612	0.0	1.0
30613	0.0	1.0
30614	0.0	1.0
30615	0.0	1.0
30616	0.0	1.0
30617	0.0	1.0
30618	0.0	1.0
30619	1.5852590351528306e-09	0.999999998414741
30620	0.0	1.0
30621	0.0	1.0
30622	0.0	1.0
30623	0.0005932073316200492	0.99940679266838
30624	2.220446049250313e-16	0.9999999999999998
30625	0.0	1.0
30626	0.0	1.0
30627	0.0	1.0
30628	0.0	1.0
30629	0.0	1.0
30631	0.0	1.0
30632	0.0	1.0
30633	2.220446049250313e-16	0.9999999999999998
30634	0.0	1.0
30635	0.0	1.0
30636	1.5543122344752192e-15	0.9999999999999984
30637	1.1405987265789008e-11	0.999999999988594
30638	0.0	1.0
30639	0.0	1.0
30640	0.0	1.0
30641	2.220446049250313e-16	0.9999999999999998
30642	0.0	1.0
30643	0.0	1.0
30644	0.0	1.0
30645	0.0	1.0
30646	0.0	1.0
30647	0.0	1.0
30648	0.0	1.0
30649	1.5626788751887943e-09	0.9999999984373211
30650	2.220446049250313e-16	0.9999999999999998
30651	0.0	1.0
30652	0.0	1.0
30653	0.0	1.0
30654	0.0	1.0
30655	0.0	1.0
30656	0.0	1.0
30657	0.0	1.0
30658	0.0	1.0
30659	0.0	1.0
30661	2.7193802765168584e-12	0.9999999999972806
30662	1.0	1.9857226396782948e-23
30663	0.0	1.0
30664	0.0	1.0
30665	0.0	1.0
30666	0.0	1.0
30667	0.0	1.0
30668	0.0	1.0
30669	0.0	1.0
30670	0.0	1.0
30671	0.0	1.0
30672	0.0	1.0
30673	0.0	1.0
30674	0.0	1.0
30675	0.0	1.0
30676	0.0	1.0
30677	0.0	1.0
30678	0.0	1.0
30679	4.078071214053125e-12	0.9999999999959219
30680	0.0	1.0
30681	0.0	1.0
30682	0.0	1.0
30683	0.0	1.0
30684	0.0	1.0
30685	0.0	1.0
30686	0.0	1.0
30687	0.0	1.0
30688	0.0	1.0
30689	0.0	1.0
30691	0.0	1.0
30692	0.0	1.0
30693	0.0	1.0
30694	0.0	1.0
30695	0.0	1.0
30696	0.0	1.0
30697	0.0	1.0
30698	6.683542608243442e-14	0.9999999999999332
30699	1.4419576643831533e-12	0.999999999998558
30700	0.0	1.0
30701	0.0	1.0
30702	0.0	1.0
30703	0.0	1.0
30704	0.0	1.0
30705	0.0	1.0
30706	0.0	1.0
30707	2.2290391754609118e-11	0.9999999999777096
30708	0.0	1.0
30709	0.0	1.0
30710	0.0	1.0
30711	0.0	1.0
30712	0.0	1.0
30713	4.0811798385220754e-13	0.9999999999995919
30714	0.0	1.0
30715	0.0	1.0
30716	0.0	1.0
30717	4.929390229335695e-14	0.9999999999999507
30718	0.0	1.0
30719	0.0	1.0
30721	0.0	1.0
30722	0.0	1.0
30723	2.220446049250313e-16	0.9999999999999998
30724	0.0	1.0
30725	6.972200594645983e-14	0.9999999999999303
30726	4.440892098500626e-16	0.9999999999999996
30727	0.0	1.0
30728	0.0	1.0
30729	0.0	1.0
30730	0.0	1.0
30731	0.0	1.0
30732	0.0	1.0
30733	0.0	1.0
30734	0.0	1.0
30735	7.001066393286237e-13	0.9999999999992999
30736	0.0	1.0
30737	0.0	1.0
30738	0.0	1.0
30739	4.537569731066782e-08	0.9999999546243027
30740	1.7070028617283128e-06	0.9999982929971383
30741	3.9745984281580604e-14	0.9999999999999603
30742	0.0	1.0
30743	0.0	1.0
30744	0.0	1.0
30745	0.0	1.0
30746	0.0	1.0
30747	0.00016512749336095034	0.999834872506639
30748	0.0	1.0
30749	0.0	1.0
30751	0.0	1.0
30752	0.0	1.0
30753	5.300100358596183e-10	0.99999999946999
30754	0.0	1.0
30755	0.0	1.0
30756	0.0	1.0
30757	1.0880185641326534e-14	0.9999999999999891
30758	0.0	1.0
30759	0.0	1.0
30760	0.0	1.0
30761	2.3238788671164912e-10	0.9999999997676121
30762	0.0	1.0
30763	0.9592091556276198	0.040790844372380244
30764	1.2751784778886055e-05	0.9999872482152211
30765	9.46864808781811e-12	0.9999999999905314
30766	0.0	1.0
30767	1.4668266601347568e-12	0.9999999999985332
30768	0.0	1.0
30769	0.0	1.0
30770	0.0	1.0
30771	0.0	1.0
30772	0.0	1.0
30773	0.0	1.0
30774	0.0	1.0
30775	9.880984919163893e-14	0.9999999999999012
30776	0.0	1.0
30777	0.0	1.0
30778	0.0	1.0
30779	0.0	1.0
30781	0.0	1.0
30782	0.0	1.0
30783	0.0005932073316200492	0.99940679266838
30784	5.166058913985694e-09	0.9999999948339411
30785	2.220446049250313e-16	0.9999999999999998
30786	0.0	1.0
30787	0.0	1.0
30788	9.409197865295482e-10	0.9999999990590802
30789	0.0	1.0
30790	0.0	1.0
30791	0.0	1.0
30792	0.0	1.0
30793	0.0	1.0
30794	9.947598300641403e-14	0.9999999999999005
30795	7.040742896480268e-07	0.9999992959257104
30796	0.0	1.0
30797	0.0	1.0
30798	0.0	1.0
30799	1.3322676295501878e-15	0.9999999999999987
30800	0.0	1.0
30801	0.0	1.0
30802	0.10031821559463716	0.8996817844053628
30803	0.0	1.0
30804	0.0	1.0
30805	0.0	1.0
30806	0.0	1.0
30807	0.0	1.0
30808	0.0	1.0
30809	0.0	1.0
30811	7.975381116509528e-05	0.9999202461888349
30812	0.0	1.0
30813	0.0	1.0
30814	0.0	1.0
30815	0.0	1.0
30816	0.0	1.0
30817	0.0	1.0
30818	0.0	1.0
30819	0.0	1.0
30820	0.0	1.0
30821	0.0	1.0
30822	0.0	1.0
30823	0.0	1.0
30824	0.0	1.0
30825	0.0	1.0
30826	0.0	1.0
30827	2.4995561176410774e-11	0.9999999999750044
30828	0.0	1.0
30829	0.0	1.0
30830	2.0660895216906283e-09	0.9999999979339105
30831	1.399053048967147e-07	0.9999998600946951
30832	1.943014416028177e-09	0.9999999980569856
30833	0.0	1.0
30834	1.1190692816853698e-10	0.9999999998880931
30835	0.0	1.0
30836	5.641086708862986e-09	0.9999999943589133
30837	0.0	1.0
30838	0.0	1.0
30839	6.729375089387091e-07	0.9999993270624911
30841	0.0	1.0
30842	0.0	1.0
30843	0.0	1.0
30844	0.0	1.0
30845	0.0	1.0
30846	0.0	1.0
30847	0.0	1.0
30848	0.0	1.0
30849	0.0	1.0
30850	4.803868660196997e-06	0.9999951961313398
30851	0.0	1.0
30852	0.0	1.0
30853	0.0	1.0
30854	1.1724038517790802e-08	0.9999999882759615
30855	0.01760938639255416	0.9823906136074458
30856	1.1102230246251565e-15	0.9999999999999989
30857	3.488755915348474e-05	0.9999651124408465
30858	3.7505586947261804e-06	0.9999962494413053
30859	0.0	1.0
30860	0.0	1.0
30861	0.0	1.0
30862	0.0	1.0
30863	0.0	1.0
30864	0.0	1.0
30865	0.0	1.0
30866	0.0	1.0
30867	0.0	1.0
30868	1.6404726137508874e-06	0.9999983595273862
30869	0.0	1.0
30871	0.0	1.0
30872	0.0	1.0
30873	0.0	1.0
30874	0.0	1.0
30875	7.378320177053865e-09	0.9999999926216798
30876	0.0	1.0
30877	1.6209256159527285e-14	0.9999999999999838
30878	1.6861402540868653e-07	0.9999998313859746
30879	0.0	1.0
30880	0.0	1.0
30881	0.0	1.0
30882	0.0	1.0
30883	5.755396159656812e-13	0.9999999999994245
30884	0.0	1.0
30885	0.0	1.0
30886	7.771561172376096e-15	0.9999999999999922
30887	0.0	1.0
30888	0.0	1.0
30889	6.922218354077359e-11	0.9999999999307778
30890	0.0	1.0
30891	0.0	1.0
30892	0.0	1.0
30893	0.0	1.0
30894	1.464655859706454e-06	0.9999985353441403
30895	0.0	1.0
30896	0.00014073343662313054	0.9998592665633769
30897	0.0	1.0
30898	0.0	1.0
30899	0.0	1.0
30901	0.0	1.0
30902	0.0	1.0
30903	0.0	1.0
30904	0.0	1.0
30905	5.581892621409068e-05	0.9999441810737859
30906	0.0	1.0
30907	1.5543122344752192e-15	0.9999999999999984
30908	0.0	1.0
30909	0.0	1.0
30910	0.0	1.0
30911	0.0	1.0
30912	0.0	1.0
30913	0.0	1.0
30914	6.7791587671228726e-06	0.9999932208412329
30915	0.0	1.0
30916	0.0	1.0
30917	0.0001745458329714955	0.9998254541670285
30918	0.0	1.0
30919	0.0	1.0
30920	0.0	1.0
30921	0.0	1.0
30922	0.0	1.0
30923	1.2845458030597e-10	0.9999999998715454
30924	0.0	1.0
30925	0.0	1.0
30926	0.0	1.0
30927	0.0	1.0
30928	0.0	1.0
30929	0.0	1.0
30931	0.0	1.0
30932	1.8674126689433024e-09	0.9999999981325873
30933	5.8945265771770394e-06	0.9999941054734228
30934	0.0	1.0
30935	1.3785581078895603e-06	0.9999986214418921
30936	0.0	1.0
30937	0.0	1.0
30938	0.0	1.0
30939	0.0	1.0
30940	0.0	1.0
30941	0.0	1.0
30942	0.0	1.0
30943	0.0	1.0
30944	0.0	1.0
30945	0.0	1.0
30946	0.0	1.0
30947	0.0	1.0
30948	0.0	1.0
30949	0.0	1.0
30950	0.0	1.0
30951	0.0	1.0
30952	0.5590451922260115	0.44095480777398854
30953	6.439293542825908e-15	0.9999999999999936
30954	0.0	1.0
30955	0.0	1.0
30956	0.0	1.0
30957	6.191794221788172e-08	0.9999999380820578
30958	0.0	1.0
30959	0.0	1.0
30961	1.6807616742831044e-07	0.9999998319238326
30962	0.0	1.0
30963	0.0	1.0
30964	0.0	1.0
30965	9.971670156261325e-10	0.999999999002833
30966	0.0	1.0
30967	0.0	1.0
30968	0.0	1.0
30969	0.0	1.0
30970	0.0	1.0
30971	6.661338147750939e-16	0.9999999999999993
30972	0.0	1.0
30973	0.0	1.0
30974	2.220446049250313e-16	0.9999999999999998
30975	0.0	1.0
30976	0.0	1.0
30977	0.0	1.0
30978	0.0	1.0
30979	0.0	1.0
30980	0.0	1.0
30981	0.7771621559422817	0.22283784405771828
30982	0.0	1.0
30983	0.0	1.0
30984	0.0	1.0
30985	0.0	1.0
30986	2.0801538047621193e-08	0.999999979198462
30987	0.0	1.0
30988	3.1386448995363025e-11	0.9999999999686136
30989	0.0	1.0
30991	0.0	1.0
30992	0.0	1.0
30993	0.0	1.0
30994	0.0	1.0
30995	0.0	1.0
30996	0.0	1.0
30997	0.0	1.0
30998	0.0	1.0
30999	8.391065620116933e-13	0.9999999999991609
31000	0.0	1.0
31001	2.5712765250318625e-13	0.9999999999997429
31002	0.0	1.0
31003	0.0	1.0
31004	0.0	1.0
31005	0.0	1.0
31006	0.0	1.0
31007	0.0	1.0
31008	1.3813394872386198e-12	0.9999999999986187
31009	0.0	1.0
31010	0.0	1.0
31011	0.0	1.0
31012	0.0	1.0
31013	0.0	1.0
31014	0.0	1.0
31015	0.0	1.0
31016	0.0	1.0
31017	0.0	1.0
31018	0.0	1.0
31019	0.0	1.0
31021	0.0	1.0
31022	0.0	1.0
31023	1.8607337892717624e-13	0.9999999999998139
31024	0.0	1.0
31025	0.0002428297909015109	0.9997571702090985
31026	0.0	1.0
31027	0.9668547031745512	0.033145296825448714
31028	7.629452625224076e-13	0.999999999999237
31029	0.0	1.0
31030	0.0	1.0
31031	0.0	1.0
31032	0.0	1.0
31033	0.0	1.0
31034	0.0	1.0
31035	0.0	1.0
31036	0.0	1.0
31037	0.0	1.0
31038	0.0	1.0
31039	0.0	1.0
31040	0.0	1.0
31041	0.0001745458329714955	0.9998254541670285
31042	0.0	1.0
31043	2.509503715941719e-10	0.9999999997490496
31044	0.0	1.0
31045	4.0389913635863195e-13	0.9999999999995961
31046	0.0	1.0
31047	0.0	1.0
31048	0.0	1.0
31049	0.0002619304645540277	0.999738069535446
31051	4.691752831131879e-06	0.9999953082471689
31052	1.8483237163025024e-10	0.9999999998151676
31053	2.886579864025407e-15	0.9999999999999971
31054	0.0	1.0
31055	0.0	1.0
31056	0.0	1.0
31057	2.3026025530725747e-13	0.9999999999997697
31058	0.0	1.0
31059	0.0	1.0
31060	0.0	1.0
31061	0.0	1.0
31062	0.0	1.0
31063	0.0	1.0
31064	0.0	1.0
31065	0.0	1.0
31066	0.0	1.0
31067	1.431976920818201e-06	0.9999985680230792
31068	0.0	1.0
31069	0.0	1.0
31070	0.053525962747116185	0.9464740372528838
31071	0.0	1.0
31072	0.0	1.0
31073	0.0	1.0
31074	0.0	1.0
31075	0.0	1.0
31076	0.0	1.0
31077	0.0	1.0
31078	0.0	1.0
31079	0.0	1.0
31081	0.0	1.0
31082	1.9984014443252818e-15	0.999999999999998
31083	0.0	1.0
31084	0.0	1.0
31085	0.0	1.0
31086	0.0	1.0
31087	0.0	1.0
31088	0.0	1.0
31089	0.0	1.0
31090	0.0	1.0
31091	0.0	1.0
31092	0.0	1.0
31093	0.0	1.0
31094	0.0	1.0
31095	0.0	1.0
31096	0.0	1.0
31097	0.0	1.0
31098	0.0	1.0
31099	0.0	1.0
31100	0.0	1.0
31101	0.0	1.0
31102	0.0	1.0
31103	0.0	1.0
31104	0.0	1.0
31105	0.0	1.0
31106	0.0	1.0
31107	6.661338147750939e-15	0.9999999999999933
31108	0.0	1.0
31109	0.0	1.0
31111	0.0	1.0
31112	1.0518613247079145e-07	0.9999998948138675
31113	7.169739932866293e-07	0.9999992830260067
31114	0.0	1.0
31115	0.0	1.0
31116	0.0	1.0
31117	0.0	1.0
31118	0.0	1.0
31119	0.0	1.0
31120	0.0	1.0
31121	0.9825407707967018	0.01745922920329822
31122	0.0	1.0
31123	0.0	1.0
31124	0.0	1.0
31125	0.0	1.0
31126	0.0	1.0
31127	0.0	1.0
31128	0.0	1.0
31129	0.0	1.0
31130	4.696243394164412e-13	0.9999999999995304
31131	0.0	1.0
31132	0.0	1.0
31133	0.0	1.0
31134	0.0	1.0
31135	0.0	1.0
31136	0.0	1.0
31137	0.0	1.0
31138	0.0	1.0
31139	0.0	1.0
31141	0.01676428581609246	0.9832357141839075
31142	0.005338017590879707	0.9946619824091203
31143	0.0	1.0
31144	0.0	1.0
31145	0.0	1.0
31146	0.0	1.0
31147	0.0	1.0
31148	0.0	1.0
31149	0.0	1.0
31150	0.0	1.0
31151	0.0	1.0
31152	0.0	1.0
31153	0.0	1.0
31154	0.0	1.0
31155	0.0	1.0
31156	0.004565624648191879	0.9954343753518081
31157	0.0	1.0
31158	0.0	1.0
31159	0.0	1.0
31160	0.0	1.0
31161	0.0	1.0
31162	0.0	1.0
31163	0.0	1.0
31164	2.1789459125898247e-11	0.9999999999782105
31165	0.0	1.0
31166	0.0	1.0
31167	0.0	1.0
31168	0.0	1.0
31169	0.0	1.0
31171	0.0	1.0
31172	0.0	1.0
31173	0.0	1.0
31174	0.0	1.0
31175	0.0	1.0
31176	0.0	1.0
31177	0.0	1.0
31178	2.7402825751310367e-05	0.9999725971742487
31179	2.9976021664879227e-14	0.99999999999997
31180	0.0	1.0
31181	0.0	1.0
31182	0.0	1.0
31183	0.0	1.0
31184	0.0	1.0
31185	0.0	1.0
31186	2.6645352591003757e-15	0.9999999999999973
31187	0.0	1.0
31188	7.118750033896504e-13	0.9999999999992881
31189	0.0	1.0
31190	9.22151244253655e-13	0.9999999999990778
31191	0.0	1.0
31192	0.0	1.0
31193	0.0	1.0
31194	0.0	1.0
31195	0.0	1.0
31196	0.0	1.0
31197	0.0	1.0
31198	0.0	1.0
31199	0.0	1.0
31201	0.0	1.0
31202	0.0	1.0
31203	0.0	1.0
31204	0.0	1.0
31205	0.0	1.0
31206	0.0	1.0
31207	0.0	1.0
31208	0.0	1.0
31209	5.8263283864157245e-08	0.9999999417367161
31210	0.0	1.0
31211	0.0	1.0
31212	0.0	1.0
31213	0.0	1.0
31214	7.549516567451064e-15	0.9999999999999925
31215	0.0	1.0
31216	6.107692129830866e-11	0.9999999999389231
31217	0.0	1.0
31218	0.0	1.0
31219	0.0	1.0
31220	2.220446049250313e-16	0.9999999999999998
31221	0.0	1.0
31222	0.0	1.0
31223	0.0	1.0
31224	0.0	1.0
31225	0.0	1.0
31226	0.0	1.0
31227	6.659117701701689e-13	0.9999999999993341
31228	0.8232556384891603	0.1767443615108397
31229	0.0	1.0
31231	0.0	1.0
31232	2.1893598045608087e-13	0.9999999999997811
31233	0.0	1.0
31234	0.0	1.0
31235	0.0	1.0
31236	0.0	1.0
31237	0.0	1.0
31238	8.415490526658687e-14	0.9999999999999158
31239	0.0	1.0
31240	0.0	1.0
31241	0.0	1.0
31242	0.0	1.0
31243	0.0	1.0
31244	0.0	1.0
31245	0.0	1.0
31246	0.0	1.0
31247	0.0	1.0
31248	0.0	1.0
31249	0.0	1.0
31250	0.0	1.0
31251	0.0	1.0
31252	0.0	1.0
31253	0.0	1.0
31254	0.0	1.0
31255	0.0	1.0
31256	0.0	1.0
31257	0.019220484646428004	0.980779515353572
31258	8.805545181900243e-10	0.9999999991194455
31259	0.0	1.0
31261	0.0	1.0
31262	0.0	1.0
31263	0.0	1.0
31264	0.0	1.0
31265	0.0	1.0
31266	0.0	1.0
31267	0.0	1.0
31268	0.0	1.0
31269	0.0	1.0
31270	0.0	1.0
31271	0.0	1.0
31272	0.0	1.0
31273	0.0	1.0
31274	0.0	1.0
31275	0.0	1.0
31276	0.0	1.0
31277	0.0	1.0
31278	0.0	1.0
31279	0.0	1.0
31280	0.0	1.0
31281	0.0	1.0
31282	6.256872797649748e-10	0.9999999993743127
31283	0.0	1.0
31284	0.0	1.0
31285	8.873124457409176e-12	0.9999999999911269
31286	0.0	1.0
31287	0.0	1.0
31288	0.0	1.0
31289	0.0	1.0
31291	0.0	1.0
31292	0.0	1.0
31293	0.0	1.0
31294	0.0	1.0
31295	0.0	1.0
31296	0.0	1.0
31297	0.0	1.0
31298	0.0	1.0
31299	0.0	1.0
31300	0.0	1.0
31301	0.0	1.0
31302	0.0	1.0
31303	0.0	1.0
31304	0.0	1.0
31305	0.0	1.0
31306	0.0	1.0
31307	0.0	1.0
31308	0.0	1.0
31309	0.0	1.0
31310	0.0	1.0
31311	0.0	1.0
31312	0.0	1.0
31313	0.0	1.0
31314	0.0	1.0
31315	0.0	1.0
31316	0.0	1.0
31317	0.0	1.0
31318	0.0	1.0
31319	0.0	1.0
31321	0.0	1.0
31322	0.0	1.0
31323	0.0	1.0
31324	0.0	1.0
31325	0.0	1.0
31326	0.0	1.0
31327	0.0	1.0
31328	0.0	1.0
31329	0.0	1.0
31330	0.0	1.0
31331	0.0	1.0
31332	0.0	1.0
31333	0.0	1.0
31334	0.0	1.0
31335	0.0	1.0
31336	0.0	1.0
31337	0.0	1.0
31338	0.0	1.0
31339	0.0	1.0
31340	0.0	1.0
31341	0.0	1.0
31342	9.258205457829405e-08	0.9999999074179454
31343	0.0	1.0
31344	3.503863865716994e-13	0.9999999999996496
31345	0.0	1.0
31346	0.0	1.0
31347	0.0	1.0
31348	0.0	1.0
31349	0.0	1.0
31351	0.0	1.0
31352	0.0	1.0
31353	0.0	1.0
31354	0.0	1.0
31355	0.0	1.0
31356	0.0	1.0
31357	0.0	1.0
31358	0.0	1.0
31359	0.0	1.0
31360	0.0	1.0
31361	0.0	1.0
31362	0.0	1.0
31363	0.0	1.0
31364	0.0	1.0
31365	0.0	1.0
31366	0.0	1.0
31367	0.0	1.0
31368	0.0	1.0
31369	0.00011914558497805317	0.999880854415022
31370	0.0	1.0
31371	0.0	1.0
31372	0.0	1.0
31373	0.0	1.0
31374	0.0	1.0
31375	0.0	1.0
31376	0.0	1.0
31377	0.0	1.0
31378	0.0	1.0
31379	0.9820031780088542	0.017996821991145853
31381	0.0	1.0
31382	1.3072788712653605e-06	0.9999986927211287
31383	0.0	1.0
31384	2.751140060208712e-08	0.9999999724885994
31385	0.0	1.0
31386	0.0	1.0
31387	0.0	1.0
31388	0.0	1.0
31389	0.0	1.0
31390	0.0006633706819426655	0.9993366293180573
31391	0.0	1.0
31392	0.0	1.0
31393	0.0	1.0
31394	0.0	1.0
31395	0.0	1.0
31396	0.0	1.0
31397	0.0	1.0
31398	0.0	1.0
31399	0.0	1.0
31400	0.0	1.0
31401	0.0	1.0
31402	0.0	1.0
31403	0.0	1.0
31404	0.0	1.0
31405	0.0	1.0
31406	0.0	1.0
31407	0.0	1.0
31408	0.0	1.0
31409	0.0	1.0
31411	8.459899447643693e-14	0.9999999999999154
31412	0.0	1.0
31413	0.0	1.0
31414	0.0	1.0
31415	0.0	1.0
31416	0.0	1.0
31417	0.0	1.0
31418	0.0	1.0
31419	0.0	1.0
31420	0.0	1.0
31421	0.0	1.0
31422	0.0	1.0
31423	0.0	1.0
31424	0.0	1.0
31425	0.0	1.0
31426	0.0	1.0
31427	1.709743457922741e-13	0.999999999999829
31428	0.0	1.0
31429	0.0	1.0
31430	0.0	1.0
31431	0.0	1.0
31432	0.0	1.0
31433	0.0	1.0
31434	2.3478065342419363e-05	0.9999765219346576
31435	0.0	1.0
31436	0.0	1.0
31437	0.0	1.0
31438	0.0	1.0
31439	0.0	1.0
31441	0.0	1.0
31442	1.1102230246251565e-15	0.9999999999999989
31443	0.0	1.0
31444	0.0	1.0
31445	0.0	1.0
31446	0.0	1.0
31447	1.1035616864774056e-13	0.9999999999998896
31448	0.0	1.0
31449	1.0604406242009645e-11	0.9999999999893956
31450	2.220446049250313e-16	0.9999999999999998
31451	0.0	1.0
31452	0.15163617600997226	0.8483638239900277
31453	0.0	1.0
31454	0.0	1.0
31455	0.0	1.0
31456	0.0	1.0
31457	0.0	1.0
31458	1.4112080393147153e-09	0.999999998588792
31459	0.0	1.0
31460	2.1094237467877974e-13	0.9999999999997891
31461	1.916152866376919e-07	0.9999998083847134
31462	2.081451077384777e-06	0.9999979185489226
31463	0.0	1.0
31464	0.0	1.0
31465	0.0	1.0
31466	0.0	1.0
31467	0.0	1.0
31468	0.0	1.0
31469	0.0	1.0
31471	0.0	1.0
31472	0.0	1.0
31473	0.0	1.0
31474	0.0	1.0
31475	0.0	1.0
31476	0.0	1.0
31477	0.0	1.0
31478	0.0	1.0
31479	0.0	1.0
31480	0.0	1.0
31481	0.0	1.0
31482	0.0	1.0
31483	0.0	1.0
31484	0.0	1.0
31485	1.2896100810011468e-05	0.99998710389919
31486	0.0	1.0
31487	0.0	1.0
31488	0.0	1.0
31489	0.0	1.0
31490	0.0	1.0
31491	0.0	1.0
31492	2.220446049250313e-16	0.9999999999999998
31493	0.0	1.0
31494	0.0	1.0
31495	0.0	1.0
31496	0.0	1.0
31497	1.3747225580118538e-11	0.9999999999862528
31498	0.0	1.0
31499	0.0	1.0
31501	2.220446049250313e-16	0.9999999999999998
31502	0.0	1.0
31503	0.0	1.0
31504	0.0	1.0
31505	0.0	1.0
31506	0.0	1.0
31507	0.0	1.0
31508	0.0	1.0
31509	0.0	1.0
31510	0.0	1.0
31511	0.0	1.0
31512	0.0	1.0
31513	0.0	1.0
31514	0.0	1.0
31515	0.0	1.0
31516	0.0	1.0
31517	0.0	1.0
31518	0.0	1.0
31519	0.0	1.0
31520	0.0	1.0
31521	0.0	1.0
31522	0.0	1.0
31523	0.0	1.0
31524	0.0	1.0
31525	0.0	1.0
31526	0.0	1.0
31527	0.0	1.0
31528	0.0	1.0
31529	0.0	1.0
31531	0.0	1.0
31532	0.0	1.0
31533	0.0	1.0
31534	0.0	1.0
31535	0.0	1.0
31536	0.0	1.0
31537	6.661338147750939e-16	0.9999999999999993
31538	0.0	1.0
31539	0.0	1.0
31540	0.0	1.0
31541	0.0	1.0
31542	0.0	1.0
31543	0.0	1.0
31544	0.0	1.0
31545	1.8364199050324714e-11	0.9999999999816358
31546	6.634724325493835e-09	0.9999999933652757
31547	0.0	1.0
31548	0.0	1.0
31549	0.0	1.0
31550	0.0	1.0
31551	0.0	1.0
31552	0.0	1.0
31553	1.412203687323199e-13	0.9999999999998588
31554	0.0	1.0
31555	0.0	1.0
31556	0.0	1.0
31557	0.2941684119170531	0.7058315880829469
31558	0.0	1.0
31559	1.5971668432257502e-12	0.9999999999984028
31561	0.0	1.0
31562	0.0	1.0
31563	3.129052572603541e-12	0.999999999996871
31564	0.0	1.0
31565	0.0	1.0
31566	0.0	1.0
31567	6.661338147750939e-16	0.9999999999999993
31568	0.0	1.0
31569	0.0	1.0
31570	0.0	1.0
31571	0.0	1.0
31572	0.0	1.0
31573	0.0	1.0
31574	0.0	1.0
31575	0.0	1.0
31576	0.011567146778594162	0.9884328532214058
31577	0.01914073729768584	0.9808592627023142
31578	0.0	1.0
31579	0.0	1.0
31580	0.0	1.0
31581	0.030837550140650816	0.9691624498593492
31582	0.0	1.0
31583	0.0004705319625419868	0.999529468037458
31584	0.06263431615603188	0.9373656838439681
31585	0.0710377146609904	0.9289622853390096
31586	2.4868995751603507e-14	0.9999999999999751
31587	0.0	1.0
31588	0.0	1.0
31589	0.0	1.0
31591	1.1652900866465643e-12	0.9999999999988347
31592	1.2296830220748234e-12	0.9999999999987703
31593	0.0	1.0
31594	0.0	1.0
31595	0.0	1.0
31596	0.0	1.0
31597	0.0	1.0
31598	0.0	1.0
31599	0.0	1.0
31600	0.0	1.0
31601	0.0	1.0
31602	0.045519001485529786	0.9544809985144702
31603	0.0	1.0
31604	0.0	1.0
31605	0.0	1.0
31606	0.0	1.0
31607	0.0	1.0
31608	0.0	1.0
31609	0.0	1.0
31610	1.0094147739891923e-12	0.9999999999989906
31611	4.440892098500626e-15	0.9999999999999956
31612	5.335953900953427e-12	0.999999999994664
31613	3.324429620477076e-11	0.9999999999667557
31614	1.210456179734365e-10	0.9999999998789544
31615	0.0	1.0
31616	0.0	1.0
31617	0.0	1.0
31618	1.64443124228697e-07	0.9999998355568758
31619	0.0	1.0
31621	0.0	1.0
31622	0.0	1.0
31623	0.0	1.0
31624	2.3380225569025193e-05	0.999976619774431
31625	0.0	1.0
31626	0.0	1.0
31627	0.0	1.0
31628	0.0	1.0
31629	0.0	1.0
31630	5.773159728050814e-15	0.9999999999999942
31631	0.0	1.0
31632	0.0	1.0
31633	4.6485038041055304e-11	0.999999999953515
31634	4.529149943977018e-09	0.9999999954708501
31635	0.0	1.0
31636	0.0	1.0
31637	0.0	1.0
31638	0.0	1.0
31639	0.0	1.0
31640	0.0	1.0
31641	0.0	1.0
31642	0.0	1.0
31643	0.0	1.0
31644	0.0	1.0
31645	0.0	1.0
31646	5.795364188543317e-14	0.999999999999942
31647	0.0	1.0
31648	0.0	1.0
31649	0.0	1.0
31651	0.0	1.0
31652	0.0	1.0
31653	0.0	1.0
31654	0.0	1.0
31655	0.0	1.0
31656	0.0	1.0
31657	0.0	1.0
31658	0.0	1.0
31659	0.0	1.0
31660	0.0	1.0
31661	0.0	1.0
31662	6.441247525568183e-05	0.9999355875247443
31663	0.0	1.0
31664	0.0	1.0
31665	1.3322676295501878e-15	0.9999999999999987
31666	7.963998238658121e-09	0.9999999920360018
31667	0.0	1.0
31668	0.0	1.0
31669	0.0	1.0
31670	0.0	1.0
31671	0.0	1.0
31672	0.0	1.0
31673	8.881784197001252e-16	0.9999999999999991
31674	0.0	1.0
31675	0.0	1.0
31676	0.0	1.0
31677	0.0	1.0
31678	0.0	1.0
31679	0.0	1.0
31681	2.556730382963224e-10	0.999999999744327
31682	1.4210854715202004e-14	0.9999999999999858
31683	0.0	1.0
31684	3.774758283725532e-15	0.9999999999999962
31685	0.0	1.0
31686	0.9999782164019468	2.1783598053201506e-05
31687	0.0	1.0
31688	0.0	1.0
31689	0.0	1.0
31690	0.0	1.0
31691	0.0	1.0
31692	0.0	1.0
31693	0.0	1.0
31694	0.0	1.0
31695	0.0	1.0
31696	0.0	1.0
31697	0.0	1.0
31698	0.0	1.0
31699	2.220446049250313e-16	0.9999999999999998
31700	3.9968028886505635e-14	0.99999999999996
31701	2.2648549702353193e-14	0.9999999999999774
31702	0.0	1.0
31703	0.0	1.0
31704	0.0	1.0
31705	0.0	1.0
31706	0.0	1.0
31707	0.0	1.0
31708	0.0	1.0
31709	0.0	1.0
31711	0.0	1.0
31712	0.0	1.0
31713	0.0	1.0
31714	0.12215358595947146	0.8778464140405285
31715	0.0	1.0
31716	0.0	1.0
31717	2.5091040356528538e-14	0.9999999999999749
31718	0.0	1.0
31719	1.4211767451755009e-07	0.9999998578823255
31720	0.0	1.0
31721	0.0	1.0
31722	0.0	1.0
31723	0.0	1.0
31724	0.0	1.0
31725	0.0	1.0
31726	0.0	1.0
31727	0.0	1.0
31728	0.0	1.0
31729	0.0	1.0
31730	0.0	1.0
31731	0.0	1.0
31732	0.0	1.0
31733	0.0	1.0
31734	0.0	1.0
31735	5.54523111239158e-05	0.9999445476888761
31736	0.0	1.0
31737	0.0	1.0
31738	0.0	1.0
31739	0.0	1.0
31741	0.0	1.0
31742	2.5452788795510273e-06	0.9999974547211204
31743	0.0005165578237698032	0.9994834421762302
31744	0.0	1.0
31745	0.0003103315271896223	0.9996896684728104
31746	0.0	1.0
31747	0.0	1.0
31748	0.0	1.0
31749	0.0	1.0
31750	0.0	1.0
31751	0.0	1.0
31752	0.0	1.0
31753	4.606870440682087e-11	0.9999999999539313
31754	0.00014985481835216863	0.9998501451816478
31755	4.600235747886927e-10	0.9999999995399764
31756	8.881784197001252e-16	0.9999999999999991
31757	0.0	1.0
31758	1.942446203884174e-12	0.9999999999980576
31759	1.8631525988688225e-08	0.999999981368474
31760	4.809190823351628e-10	0.9999999995190809
31761	3.5149660959632456e-13	0.9999999999996485
31762	0.0	1.0
31763	0.0	1.0
31764	0.0	1.0
31765	0.0	1.0
31766	0.0	1.0
31767	0.0	1.0
31768	0.0	1.0
31769	0.0	1.0
31771	0.0	1.0
31772	1.1658896070798619e-11	0.9999999999883411
31773	6.661338147750939e-16	0.9999999999999993
31774	0.0	1.0
31775	0.0	1.0
31776	0.0	1.0
31777	0.0	1.0
31778	0.0	1.0
31779	0.0	1.0
31780	0.0	1.0
31781	0.0	1.0
31782	0.0	1.0
31783	0.0	1.0
31784	0.0	1.0
31785	0.0	1.0
31786	0.0	1.0
31787	0.0	1.0
31788	0.0	1.0
31789	0.0	1.0
31790	0.0	1.0
31791	1.835341547817837e-05	0.9999816465845218
31792	4.374278717023117e-14	0.9999999999999563
31793	0.0	1.0
31794	0.0	1.0
31795	7.1449512972776574e-12	0.999999999992855
31796	0.0	1.0
31797	0.0	1.0
31798	1.3150892308466666e-07	0.9999998684910769
31799	0.0	1.0
31801	4.022053134988823e-09	0.9999999959779469
31802	5.673858927135456e-07	0.9999994326141073
31803	0.0	1.0
31804	0.0	1.0
31805	0.0	1.0
31806	0.0	1.0
31807	0.0	1.0
31808	0.0	1.0
31809	0.0	1.0
31810	2.115358205267981e-07	0.9999997884641795
31811	7.86926079854311e-13	0.9999999999992131
31812	0.0	1.0
31813	0.0	1.0
31814	0.0	1.0
31815	6.661338147750939e-16	0.9999999999999993
31816	0.0	1.0
31817	0.0	1.0
31818	1.6147548087541708e-07	0.9999998385245191
31819	4.6849191193132356e-12	0.9999999999953151
31820	0.0	1.0
31821	0.0	1.0
31822	0.0	1.0
31823	8.28289747978328e-06	0.9999917171025202
31824	0.0	1.0
31825	0.0	1.0
31826	0.0	1.0
31827	0.0	1.0
31828	0.0	1.0
31829	0.0	1.0
31831	0.0	1.0
31832	0.0	1.0
31833	0.0	1.0
31834	0.0	1.0
31835	0.0	1.0
31836	0.0	1.0
31837	2.851504613543554e-06	0.9999971484953865
31838	0.0	1.0
31839	7.309708394132031e-13	0.999999999999269
31840	0.0	1.0
31841	0.0	1.0
31842	0.0	1.0
31843	0.0	1.0
31844	0.0	1.0
31845	0.0	1.0
31846	0.0	1.0
31847	0.0	1.0
31848	0.0	1.0
31849	0.0	1.0
31850	0.0	1.0
31851	1.532107773982716e-14	0.9999999999999847
31852	1.7433587906623416e-10	0.9999999998256641
31853	3.4142091642763717e-07	0.9999996585790836
31854	8.659739592076221e-15	0.9999999999999913
31855	2.6645352591003757e-13	0.9999999999997335
31856	0.0	1.0
31857	6.111289252430652e-11	0.9999999999388871
31858	3.49353879158798e-11	0.9999999999650646
31859	0.0	1.0
31861	0.0	1.0
31862	0.0	1.0
31863	4.440892098500626e-16	0.9999999999999996
31864	0.0	1.0
31865	0.0	1.0
31866	0.0	1.0
31867	0.0	1.0
31868	4.884981308350689e-15	0.9999999999999951
31869	1.3811174426336947e-13	0.9999999999998619
31870	2.4491519923230953e-13	0.9999999999997551
31871	0.0	1.0
31872	2.3081536681957004e-12	0.9999999999976918
31873	0.0	1.0
31874	2.1174687159231098e-07	0.9999997882531284
31875	0.0	1.0
31876	0.0	1.0
31877	2.4344970483980433e-12	0.9999999999975655
31878	0.0	1.0
31879	0.0	1.0
31880	0.0	1.0
31881	0.0	1.0
31882	0.0	1.0
31883	5.1409785425615695e-05	0.9999485902145744
31884	0.0051564035881558334	0.9948435964118442
31885	0.18037198501139207	0.8196280149886079
31886	0.0	1.0
31887	0.0	1.0
31888	0.0	1.0
31889	6.350475700855895e-14	0.9999999999999365
31891	0.013601874156360716	0.9863981258436393
31892	0.0	1.0
31893	0.0	1.0
31894	2.6170568508510073e-05	0.9999738294314915
31895	4.638308239046651e-05	0.9999536169176095
31896	0.0	1.0
31897	0.021413466925356728	0.9785865330746433
31898	0.0	1.0
31899	0.0	1.0
31900	2.1773121750001678e-08	0.9999999782268782
31901	0.0	1.0
31902	0.0	1.0
31903	0.0	1.0
31904	2.4202861936828413e-14	0.9999999999999758
31905	9.759266617059836e-09	0.9999999902407334
31906	0.0	1.0
31907	7.547185099099352e-11	0.9999999999245281
31908	1.1102230246251565e-15	0.9999999999999989
31909	0.00033192729203324056	0.9996680727079668
31910	6.545611386243877e-09	0.9999999934543886
31911	0.0	1.0
31912	0.0	1.0
31913	0.0	1.0
31914	0.0	1.0
31915	0.0	1.0
31916	0.0	1.0
31917	2.6711240709742512e-05	0.9999732887592903
31918	0.0	1.0
31919	0.0	1.0
31921	8.881784197001252e-16	0.9999999999999991
31922	0.1902664546997337	0.8097335453002663
31923	0.0	1.0
31924	0.0	1.0
31925	7.527312106958561e-14	0.9999999999999247
31926	7.860379014346108e-14	0.9999999999999214
31927	0.3933885495639394	0.6066114504360606
31928	1.794120407794253e-13	0.9999999999998206
31929	0.0	1.0
31930	1.4876988529977098e-14	0.9999999999999851
31931	1.9984014443252818e-15	0.999999999999998
31932	0.0	1.0
31933	3.936850845320805e-13	0.9999999999996063
31934	0.0	1.0
31935	0.0	1.0
31936	0.0	1.0
31937	0.0	1.0
31938	0.0	1.0
31939	0.0	1.0
31940	0.0	1.0
31941	0.0	1.0
31942	0.0	1.0
31943	0.0	1.0
31944	0.0	1.0
31945	4.671818487622659e-13	0.9999999999995328
31946	3.757973743301335e-08	0.9999999624202626
31947	0.0	1.0
31948	0.0	1.0
31949	0.0	1.0
31951	0.0	1.0
31952	8.471001677889944e-13	0.9999999999991529
31953	0.0	1.0
31954	0.0	1.0
31955	0.0	1.0
31956	0.0	1.0
31957	0.0	1.0
31958	1.0014211682118912e-13	0.9999999999998999
31959	8.837375276016246e-14	0.9999999999999116
31960	4.227951322377521e-12	0.999999999995772
31961	0.0	1.0
31962	0.0	1.0
31963	0.0	1.0
31964	0.0	1.0
31965	0.0	1.0
31966	0.0	1.0
31967	0.0	1.0
31968	0.0	1.0
31969	0.0	1.0
31970	0.0	1.0
31971	0.0	1.0
31972	0.0	1.0
31973	0.0	1.0
31974	3.3042146796447014e-09	0.9999999966957853
31975	0.0	1.0
31976	0.0	1.0
31977	0.0	1.0
31978	0.0	1.0
31979	0.0	1.0
31981	0.0	1.0
31982	0.0	1.0
31983	0.0	1.0
31984	0.0	1.0
31985	0.0	1.0
31986	0.0	1.0
31987	0.0	1.0
31988	0.0	1.0
31989	0.0	1.0
31990	0.0	1.0
31991	0.0	1.0
31992	0.0	1.0
31993	3.361755318564974e-13	0.9999999999996638
31994	0.0	1.0
31995	0.0	1.0
31996	0.0	1.0
31997	0.0	1.0
31998	0.0	1.0
31999	0.0	1.0
32000	1.5421948525995433e-05	0.999984578051474
32001	0.0	1.0
32002	0.0	1.0
32003	1.8827164272039454e-09	0.9999999981172836
32004	0.0	1.0
32005	0.0	1.0
32006	0.0	1.0
32007	0.0	1.0
32008	0.0	1.0
32009	0.0	1.0
32011	0.0	1.0
32012	0.0	1.0
32013	0.0	1.0
32014	0.0	1.0
32015	0.0	1.0
32016	0.0	1.0
32017	0.0	1.0
32018	0.0	1.0
32019	0.0	1.0
32020	0.0	1.0
32021	0.0	1.0
32022	0.0	1.0
32023	0.0	1.0
32024	0.0	1.0
32025	0.0	1.0
32026	0.0	1.0
32027	0.0	1.0
32028	0.0	1.0
32029	0.0	1.0
32030	0.0	1.0
32031	0.0	1.0
32032	2.220446049250313e-16	0.9999999999999998
32033	0.0	1.0
32034	0.0	1.0
32035	0.0	1.0
32036	0.0	1.0
32037	3.5567104816891515e-12	0.9999999999964433
32038	0.0	1.0
32039	8.925504779710991e-11	0.999999999910745
32041	0.0	1.0
32042	0.0	1.0
32043	0.0	1.0
32044	0.0	1.0
32045	0.0	1.0
32046	0.0	1.0
32047	0.0	1.0
32048	0.0	1.0
32049	1.789647362859803e-06	0.9999982103526371
32050	0.0	1.0
32051	0.0	1.0
32052	3.3306690738754696e-15	0.9999999999999967
32053	0.0	1.0
32054	0.0	1.0
32055	0.0	1.0
32056	0.0	1.0
32057	0.0	1.0
32058	0.0	1.0
32059	1.311743446086311e-07	0.9999998688256554
32060	0.0	1.0
32061	0.0	1.0
32062	0.0	1.0
32063	0.0	1.0
32064	0.0	1.0
32065	1.7771117910569956e-11	0.9999999999822289
32066	0.0	1.0
32067	1.5447643164634428e-12	0.9999999999984552
32068	0.0	1.0
32069	0.031830331253349	0.968169668746651
32071	0.004269867934712623	0.9957301320652874
32072	1.1169166459823465e-05	0.9999888308335402
32073	0.019522854496849207	0.9804771455031508
32074	0.310396103822541	0.689603896177459
32075	3.7081777034542185e-06	0.9999962918222965
32076	0.019631393121178786	0.9803686068788212
32077	0.0	1.0
32078	0.0	1.0
32079	0.0	1.0
32080	0.0	1.0
32081	0.0	1.0
32082	0.6340061536903611	0.36599384630963894
32083	0.0	1.0
32084	0.0	1.0
32085	0.0	1.0
32086	0.0	1.0
32087	0.0	1.0
32088	0.0	1.0
32089	0.0	1.0
32090	0.0	1.0
32091	0.0	1.0
32092	0.0	1.0
32093	0.0	1.0
32094	0.0	1.0
32095	0.0	1.0
32096	0.0	1.0
32097	0.0	1.0
32098	4.440892098500626e-16	0.9999999999999996
32099	0.0	1.0
32101	0.0	1.0
32102	5.70721248038808e-12	0.9999999999942928
32103	1.532107773982716e-14	0.9999999999999847
32104	0.0	1.0
32105	0.0	1.0
32106	0.0	1.0
32107	0.0	1.0
32108	0.0	1.0
32109	0.0	1.0
32110	0.0	1.0
32111	0.0	1.0
32112	0.0	1.0
32113	0.0	1.0
32114	0.0	1.0
32115	2.220446049250313e-16	0.9999999999999998
32116	0.0	1.0
32117	0.0	1.0
32118	0.0	1.0
32119	3.552713678800501e-14	0.9999999999999645
32120	0.0	1.0
32121	3.168576512280197e-13	0.9999999999996831
32122	9.864331573794516e-12	0.9999999999901357
32123	0.0	1.0
32124	1.467714838554457e-13	0.9999999999998532
32125	0.0	1.0
32126	0.0	1.0
32127	0.0	1.0
32128	0.0	1.0
32129	0.0	1.0
32131	0.0	1.0
32132	0.0	1.0
32133	0.0	1.0
32134	0.0	1.0
32135	0.0	1.0
32136	0.024845986474603232	0.9751540135253968
32137	0.0	1.0
32138	0.0	1.0
32139	0.0	1.0
32140	0.0	1.0
32141	1.4074963416987885e-11	0.999999999985925
32142	0.0	1.0
32143	0.0	1.0
32144	5.121014723385997e-11	0.9999999999487899
32145	0.0	1.0
32146	0.0	1.0
32147	4.007905118896815e-13	0.9999999999995992
32148	0.0	1.0
32149	0.0	1.0
32150	0.0	1.0
32151	0.0	1.0
32152	0.0	1.0
32153	0.00025263521195539873	0.9997473647880446
32154	1.291666329450436e-09	0.9999999987083337
32155	0.0	1.0
32156	0.0	1.0
32157	0.0	1.0
32158	0.0	1.0
32159	0.0	1.0
32161	0.0	1.0
32162	0.0	1.0
32163	1.554312234475219e-14	0.9999999999999845
32164	0.0	1.0
32165	0.0	1.0
32166	0.0	1.0
32167	0.0	1.0
32168	0.0	1.0
32169	3.1885605267234496e-11	0.9999999999681144
32170	0.0	1.0
32171	0.0	1.0
32172	2.90878432451791e-14	0.9999999999999709
32173	4.218847493575595e-14	0.9999999999999578
32174	0.0	1.0
32175	2.220446049250313e-16	0.9999999999999998
32176	0.0	1.0
32177	0.0	1.0
32178	3.3306690738754696e-15	0.9999999999999967
32179	6.661338147750939e-16	0.9999999999999993
32180	9.325873406851315e-14	0.9999999999999067
32181	0.0	1.0
32182	0.0	1.0
32183	0.0	1.0
32184	0.999248738968176	0.0007512610318240275
32185	0.0	1.0
32186	0.0	1.0
32187	0.0	1.0
32188	0.0	1.0
32189	1.4744965248780773e-09	0.9999999985255035
32191	2.925337749815071e-10	0.9999999997074662
32192	0.0	1.0
32193	0.0	1.0
32194	0.0	1.0
32195	0.0	1.0
32196	0.0	1.0
32197	0.0	1.0
32198	0.0	1.0
32199	0.0	1.0
32200	0.0	1.0
32201	0.0	1.0
32202	0.0	1.0
32203	0.0	1.0
32204	0.0	1.0
32205	0.0	1.0
32206	0.0	1.0
32207	1.006056894348184e-06	0.9999989939431057
32208	0.0	1.0
32209	1.6001670211096553e-08	0.9999999839983298
32210	0.0	1.0
32211	3.7897204463455125e-07	0.9999996210279554
32212	0.0	1.0
32213	0.0	1.0
32214	0.0	1.0
32215	0.0	1.0
32216	0.0	1.0
32217	3.1907809727727e-13	0.9999999999996809
32218	0.0	1.0
32219	0.0	1.0
32221	2.0054320137852244e-07	0.9999997994567986
32222	0.0	1.0
32223	0.0	1.0
32224	0.0	1.0
32225	0.0	1.0
32226	0.0	1.0
32227	0.0	1.0
32228	1.874826738301749e-09	0.9999999981251733
32229	0.0	1.0
32230	0.0	1.0
32231	0.0	1.0
32232	0.0	1.0
32233	0.0	1.0
32234	0.0	1.0
32235	0.0	1.0
32236	0.0	1.0
32237	0.0	1.0
32238	0.0	1.0
32239	0.0	1.0
32240	0.0	1.0
32241	0.0	1.0
32242	0.0	1.0
32243	0.0	1.0
32244	0.0	1.0
32245	0.0	1.0
32246	0.0	1.0
32247	0.0	1.0
32248	0.0	1.0
32249	0.0	1.0
32251	0.0	1.0
32252	0.0	1.0
32253	0.0	1.0
32254	0.0	1.0
32255	0.0	1.0
32256	0.00011185035131966448	0.9998881496486803
32257	5.639932965095795e-14	0.9999999999999436
32258	0.0	1.0
32259	0.0	1.0
32260	0.0	1.0
32261	0.0	1.0
32262	0.0	1.0
32263	0.017294013597763058	0.9827059864022369
32264	5.6501914258433317e-11	0.9999999999434981
32265	0.0	1.0
32266	0.0	1.0
32267	0.0	1.0
32268	0.0	1.0
32269	0.0	1.0
32270	0.0	1.0
32271	0.0	1.0
32272	0.0	1.0
32273	0.0	1.0
32274	0.0	1.0
32275	2.638556040324147e-12	0.9999999999973614
32276	1.5076828674409626e-13	0.9999999999998492
32277	0.0	1.0
32278	0.0	1.0
32279	2.348121697082206e-12	0.9999999999976519
32281	0.0	1.0
32282	0.0	1.0
32283	2.220446049250313e-16	0.9999999999999998
32284	0.0	1.0
32285	0.0	1.0
32286	0.0	1.0
32287	0.0	1.0
32288	0.0	1.0
32289	0.0	1.0
32290	0.0	1.0
32291	0.0	1.0
32292	0.0239895435208739	0.9760104564791261
32293	0.0	1.0
32294	0.0	1.0
32295	0.10407950157106216	0.8959204984289378
32296	0.0	1.0
32297	0.0	1.0
32298	3.774758283725532e-15	0.9999999999999962
32299	0.0	1.0
32300	6.9324546103644025e-12	0.9999999999930675
32301	0.0	1.0
32302	0.0	1.0
32303	0.0	1.0
32304	0.0	1.0
32305	0.0	1.0
32306	3.552713678800501e-15	0.9999999999999964
32307	1.0274804229659651e-08	0.9999999897251958
32308	4.440892098500626e-16	0.9999999999999996
32309	0.0	1.0
32311	0.0	1.0
32312	0.0	1.0
32313	9.214851104388799e-14	0.9999999999999079
32314	2.1198820476797664e-11	0.9999999999788012
32315	0.0	1.0
32316	8.268379692033534e-07	0.9999991731620308
32317	0.0	1.0
32318	0.0	1.0
32319	0.0	1.0
32320	0.0	1.0
32321	0.0	1.0
32322	0.0	1.0
32323	0.0	1.0
32324	0.0	1.0
32325	0.0	1.0
32326	0.0	1.0
32327	0.0	1.0
32328	0.0	1.0
32329	0.0	1.0
32330	0.0	1.0
32331	0.0	1.0
32332	0.0	1.0
32333	0.0	1.0
32334	0.0	1.0
32335	3.9968028886505635e-15	0.999999999999996
32336	2.220446049250313e-16	0.9999999999999998
32337	0.0	1.0
32338	2.3729638254366137e-09	0.9999999976270362
32339	0.0	1.0
32341	1.163247276281254e-11	0.9999999999883675
32342	0.0	1.0
32343	0.0	1.0
32344	0.0	1.0
32345	0.0	1.0
32346	1.5543122344752192e-15	0.9999999999999984
32347	0.0	1.0
32348	0.0	1.0
32349	8.881784197001252e-16	0.9999999999999991
32350	0.0	1.0
32351	0.0	1.0
32352	0.0	1.0
32353	0.0	1.0
32354	0.0	1.0
32355	0.0	1.0
32356	0.0018371454929588804	0.9981628545070411
32357	0.0	1.0
32358	1.454392162258955e-13	0.9999999999998546
32359	3.791591707269504e-09	0.9999999962084083
32360	0.0	1.0
32361	0.0	1.0
32362	1.1679942163889123e-05	0.9999883200578361
32363	0.0	1.0
32364	0.0	1.0
32365	0.0	1.0
32366	0.0	1.0
32367	4.448919010968666e-10	0.9999999995551081
32368	0.0	1.0
32369	1.3322676295501878e-15	0.9999999999999987
32371	0.0	1.0
32372	0.0	1.0
32373	0.0	1.0
32374	0.0	1.0
32375	0.0	1.0
32376	0.0	1.0
32377	0.0	1.0
32378	0.0	1.0
32379	0.0	1.0
32380	0.0	1.0
32381	0.0	1.0
32382	0.0	1.0
32383	0.0	1.0
32384	0.0	1.0
32385	0.0	1.0
32386	0.0	1.0
32387	0.0	1.0
32388	0.0	1.0
32389	0.0	1.0
32390	0.0	1.0
32391	0.0	1.0
32392	0.0	1.0
32393	1.5543122344752192e-15	0.9999999999999984
32394	0.0	1.0
32395	0.0	1.0
32396	1.533553284360778e-10	0.9999999998466447
32397	0.0	1.0
32398	0.0	1.0
32399	0.0	1.0
32401	0.0	1.0
32402	0.0	1.0
32403	0.0	1.0
32404	0.0	1.0
32405	1.4211186208923365e-06	0.9999985788813791
32406	0.0	1.0
32407	0.0	1.0
32408	0.0	1.0
32409	0.0	1.0
32410	0.0	1.0
32411	0.0	1.0
32412	0.0	1.0
32413	0.0	1.0
32414	0.0	1.0
32415	0.0	1.0
32416	0.0	1.0
32417	0.0	1.0
32418	0.0	1.0
32419	0.0	1.0
32420	0.0	1.0
32421	0.0	1.0
32422	0.0	1.0
32423	0.0	1.0
32424	0.0	1.0
32425	0.0	1.0
32426	0.0	1.0
32427	0.00014244790277173625	0.9998575520972283
32428	0.0	1.0
32429	3.661293490608841e-12	0.9999999999963387
32431	0.0	1.0
32432	0.0	1.0
32433	0.0	1.0
32434	0.0	1.0
32435	0.0	1.0
32436	0.0	1.0
32437	0.0	1.0
32438	0.0	1.0
32439	0.0	1.0
32440	0.0	1.0
32441	0.0	1.0
32442	0.0	1.0
32443	0.0	1.0
32444	0.0	1.0
32445	1.2211831545982932e-10	0.9999999998778817
32446	0.0	1.0
32447	0.0	1.0
32448	8.793381537364198e-07	0.9999991206618463
32449	0.0	1.0
32450	0.0	1.0
32451	0.0	1.0
32452	0.0	1.0
32453	1.5046059905765574e-06	0.9999984953940094
32454	2.3465843601577774e-08	0.9999999765341564
32455	0.0	1.0
32456	0.0	1.0
32457	0.0	1.0
32458	0.0	1.0
32459	0.0	1.0
32461	0.0	1.0
32462	0.0	1.0
32463	0.0	1.0
32464	0.0	1.0
32465	0.0	1.0
32466	0.0	1.0
32467	0.0	1.0
32468	0.0	1.0
32469	0.0	1.0
32470	0.0	1.0
32471	0.0	1.0
32472	7.3913963838379e-10	0.9999999992608604
32473	0.0	1.0
32474	0.0	1.0
32475	0.0	1.0
32476	0.0	1.0
32477	0.0	1.0
32478	0.0	1.0
32479	0.0	1.0
32480	0.0	1.0
32481	0.0	1.0
32482	0.0	1.0
32483	1.0101378977722675e-07	0.9999998989862102
32484	0.0	1.0
32485	0.000701304518871182	0.9992986954811288
32486	0.0	1.0
32487	0.0	1.0
32488	0.0	1.0
32489	0.0	1.0
32491	0.0	1.0
32492	0.0	1.0
32493	0.0	1.0
32494	0.0	1.0
32495	0.0	1.0
32496	0.0	1.0
32497	0.0	1.0
32498	0.0	1.0
32499	0.0	1.0
32500	0.0	1.0
32501	0.0	1.0
32502	0.0	1.0
32503	0.0	1.0
32504	0.0	1.0
32505	0.0	1.0
32506	2.116746333769015e-09	0.9999999978832537
32507	0.0	1.0
32508	0.0	1.0
32509	0.0	1.0
32510	0.0	1.0
32511	0.0	1.0
32512	0.0	1.0
32513	0.0	1.0
32514	0.0	1.0
32515	0.0001402015640322718	0.9998597984359677
32516	0.0	1.0
32517	0.0	1.0
32518	0.0	1.0
32519	0.0	1.0
32521	0.0	1.0
32522	0.0	1.0
32523	0.0	1.0
32524	0.0	1.0
32525	1.8791790723504675e-07	0.9999998120820928
32526	0.0	1.0
32527	2.375877272697835e-14	0.9999999999999762
32528	2.356697059724411e-10	0.9999999997643303
32529	0.0	1.0
32530	0.0	1.0
32531	1.165616492215804e-10	0.9999999998834384
32532	0.0	1.0
32533	0.0	1.0
32534	0.0	1.0
32535	1.4774848011711583e-11	0.9999999999852252
32536	0.0	1.0
32537	2.653433028854124e-13	0.9999999999997347
32538	0.0	1.0
32539	0.0	1.0
32540	7.395437151558326e-09	0.9999999926045628
32541	0.0	1.0
32542	0.0	1.0
32543	0.0	1.0
32544	0.0	1.0
32545	0.0	1.0
32546	0.0	1.0
32547	0.0	1.0
32548	0.0	1.0
32549	0.0	1.0
32551	0.0	1.0
32552	0.0	1.0
32553	0.0	1.0
32554	0.0	1.0
32555	0.0	1.0
32556	0.0	1.0
32557	0.0	1.0
32558	0.0	1.0
32559	0.0	1.0
32560	0.0	1.0
32561	0.0	1.0
32562	0.0021898513927065544	0.9978101486072934
32563	0.0	1.0
32564	0.0	1.0
32565	0.0	1.0
32566	7.083222897108499e-14	0.9999999999999292
32567	0.0	1.0
32568	0.0	1.0
32569	0.0	1.0
32570	0.0	1.0
32571	1.6292522886374172e-11	0.9999999999837075
32572	0.0	1.0
32573	0.0	1.0
32574	0.0	1.0
32575	0.0	1.0
32576	0.0	1.0
32577	0.0	1.0
32578	0.0	1.0
32579	0.0	1.0
32581	0.0	1.0
32582	0.0	1.0
32583	0.0	1.0
32584	0.0	1.0
32585	0.0	1.0
32586	0.0	1.0
32587	0.0	1.0
32588	0.0	1.0
32589	0.0	1.0
32590	0.0	1.0
32591	0.0	1.0
32592	7.76778641409237e-12	0.9999999999922322
32593	0.0	1.0
32594	0.0	1.0
32595	0.0	1.0
32596	0.0	1.0
32597	0.0	1.0
32598	3.774758283725532e-15	0.9999999999999962
32599	0.0	1.0
32600	0.0	1.0
32601	0.0	1.0
32602	0.0	1.0
32603	0.0	1.0
32604	0.0	1.0
32605	2.5868196473766147e-12	0.9999999999974132
32606	0.0	1.0
32607	0.0	1.0
32608	0.0	1.0
32609	0.0	1.0
32611	0.0	1.0
32612	0.0	1.0
32613	0.0	1.0
32614	4.840019496299419e-10	0.999999999515998
32615	0.0	1.0
32616	0.0	1.0
32617	0.0	1.0
32618	0.0	1.0
32619	0.0	1.0
32620	0.0	1.0
32621	0.0	1.0
32622	0.0	1.0
32623	0.0	1.0
32624	0.0	1.0
32625	0.0	1.0
32626	0.0	1.0
32627	0.0	1.0
32628	0.0	1.0
32629	0.0	1.0
32630	0.0	1.0
32631	0.0	1.0
32632	0.0	1.0
32633	0.0	1.0
32634	9.166001291305292e-13	0.9999999999990834
32635	0.0	1.0
32636	0.0	1.0
32637	0.0	1.0
32638	0.0	1.0
32639	0.0	1.0
32641	0.0	1.0
32642	0.0	1.0
32643	0.0	1.0
32644	0.0	1.0
32645	2.220446049250313e-16	0.9999999999999998
32646	0.0	1.0
32647	0.0	1.0
32648	0.0	1.0
32649	0.0	1.0
32650	0.0	1.0
32651	0.0	1.0
32652	0.0	1.0
32653	0.0	1.0
32654	0.0	1.0
32655	0.0	1.0
32656	0.0	1.0
32657	0.0	1.0
32658	0.0	1.0
32659	0.0	1.0
32660	0.0	1.0
32661	0.0	1.0
32662	0.0	1.0
32663	2.220446049250313e-16	0.9999999999999998
32664	0.0	1.0
32665	0.0	1.0
32666	0.0	1.0
32667	0.0	1.0
32668	4.287481480957922e-11	0.9999999999571252
32669	0.0	1.0
32671	9.969802761133906e-14	0.9999999999999003
32672	8.399947404313934e-13	0.99999999999916
32673	5.031530747601209e-13	0.9999999999994968
32674	0.0	1.0
32675	0.0	1.0
32676	0.0	1.0
32677	0.0	1.0
32678	1.2605472221594027e-12	0.9999999999987395
32679	8.881784197001252e-16	0.9999999999999991
32680	0.0	1.0
32681	7.977097686850954e-07	0.9999992022902313
32682	0.0	1.0
32683	0.0	1.0
32684	1.4376051460374129e-09	0.9999999985623949
32685	0.0	1.0
32686	4.440892098500626e-16	0.9999999999999996
32687	0.0	1.0
32688	6.110667527536862e-13	0.9999999999993889
32689	0.0	1.0
32690	0.0	1.0
32691	0.0	1.0
32692	0.0	1.0
32693	0.0	1.0
32694	0.0	1.0
32695	0.0	1.0
32696	6.0531579748612785e-12	0.9999999999939468
32697	0.0	1.0
32698	0.0	1.0
32699	5.10702591327572e-15	0.9999999999999949
32701	0.0	1.0
32702	0.0	1.0
32703	0.0	1.0
32704	0.0	1.0
32705	0.0	1.0
32706	0.0	1.0
32707	0.0	1.0
32708	0.0	1.0
32709	0.0	1.0
32710	0.0	1.0
32711	0.0	1.0
32712	0.0	1.0
32713	8.979792703867062e-07	0.9999991020207296
32714	2.220446049250313e-16	0.9999999999999998
32715	0.0	1.0
32716	0.0	1.0
32717	0.0	1.0
32718	0.0	1.0
32719	0.0	1.0
32720	0.0	1.0
32721	0.0	1.0
32722	0.0	1.0
32723	1.3663510323169703e-08	0.9999999863364897
32724	0.0	1.0
32725	0.0	1.0
32726	0.0005555375528216722	0.9994444624471783
32727	0.0	1.0
32728	0.0	1.0
32729	0.0	1.0
32731	0.0	1.0
32732	0.0	1.0
32733	0.0	1.0
32734	0.0	1.0
32735	0.0	1.0
32736	0.0	1.0
32737	0.0	1.0
32738	0.0	1.0
32739	0.0	1.0
32740	1.8940709334280825e-08	0.9999999810592907
32741	1.2523098447125847e-08	0.9999999874769016
32742	2.3001715088177832e-08	0.9999999769982849
32743	0.0	1.0
32744	0.0	1.0
32745	0.0	1.0
32746	0.0	1.0
32747	0.0	1.0
32748	0.0	1.0
32749	0.0	1.0
32750	1.1632133034567005e-09	0.9999999988367867
32751	0.0	1.0
32752	0.0	1.0
32753	0.0	1.0
32754	0.0	1.0
32755	0.0	1.0
32756	1.9984014443252818e-14	0.99999999999998
32757	0.0	1.0
32758	0.0	1.0
32759	0.0	1.0
32761	0.0	1.0
32762	0.0	1.0
32763	0.0	1.0
32764	0.0	1.0
32765	0.0	1.0
32766	0.0	1.0
32767	0.0	1.0
32768	0.0	1.0
32769	0.0	1.0
32770	0.0	1.0
32771	0.0	1.0
32772	0.0	1.0
32773	0.0	1.0
32774	0.0	1.0
32775	0.0	1.0
32776	0.0	1.0
32777	0.0	1.0
32778	0.0	1.0
32779	0.0	1.0
32780	0.0	1.0
32781	0.0	1.0
32782	0.0	1.0
32783	0.0	1.0
32784	0.0	1.0
32785	0.0	1.0
32786	0.0	1.0
32787	0.0	1.0
32788	0.0	1.0
32789	0.0	1.0
32791	0.0	1.0
32792	0.0	1.0
32793	0.0	1.0
32794	0.0	1.0
32795	0.0	1.0
32796	0.0	1.0
32797	0.0	1.0
32798	0.0	1.0
32799	0.0	1.0
32800	0.0	1.0
32801	0.0	1.0
32802	0.0	1.0
32803	0.0	1.0
32804	0.0	1.0
32805	0.0	1.0
32806	0.0	1.0
32807	0.0	1.0
32808	0.0	1.0
32809	0.0	1.0
32810	0.0	1.0
32811	0.0	1.0
32812	0.0	1.0
32813	6.422072207357132e-09	0.9999999935779278
32814	0.0	1.0
32815	3.5386799535075397e-07	0.9999996461320046
32816	0.0	1.0
32817	5.917488721252084e-13	0.9999999999994083
32818	0.0	1.0
32819	0.0	1.0
32821	0.0	1.0
32822	0.0	1.0
32823	0.0	1.0
32824	0.0	1.0
32825	2.4774104139257958e-06	0.9999975225895861
32826	0.9879070010050542	0.012092998994945744
32827	0.0	1.0
32828	0.0	1.0
32829	0.0	1.0
32830	0.0	1.0
32831	0.0	1.0
32832	1.2931752113587436e-08	0.9999999870682479
32833	0.0	1.0
32834	7.223843745407521e-11	0.9999999999277616
32835	0.0	1.0
32836	0.0	1.0
32837	0.0	1.0
32838	0.0	1.0
32839	0.0	1.0
32840	0.0	1.0
32841	4.3225494711363055e-06	0.9999956774505289
32842	0.0	1.0
32843	0.0	1.0
32844	2.220446049250313e-16	0.9999999999999998
32845	0.0	1.0
32846	0.0	1.0
32847	0.001975677647252594	0.9980243223527474
32848	1.3609113835855169e-12	0.9999999999986391
32849	0.0	1.0
32851	0.0	1.0
32852	0.0	1.0
32853	0.0	1.0
32854	0.0	1.0
32855	7.386644629292505e-10	0.9999999992613355
32856	1.297184581972033e-12	0.9999999999987028
32857	0.0	1.0
32858	0.0	1.0
32859	3.1698155211756784e-10	0.9999999996830184
32860	0.0	1.0
32861	0.0002886274677745826	0.9997113725322254
32862	0.0	1.0
32863	0.0	1.0
32864	1.7763568394002505e-15	0.9999999999999982
32865	0.0	1.0
32866	0.0005220041560519695	0.999477995843948
32867	3.086420008457935e-14	0.9999999999999691
32868	0.0	1.0
32869	4.085620730620576e-14	0.9999999999999591
32870	0.0	1.0
32871	0.0	1.0
32872	6.674660824046441e-13	0.9999999999993325
32873	0.0	1.0
32874	0.0	1.0
32875	0.0	1.0
32876	0.0	1.0
32877	0.0	1.0
32878	6.21399625999608e-06	0.99999378600374
32879	0.0	1.0
32881	0.0	1.0
32882	0.0	1.0
32883	0.00011706355972851412	0.9998829364402715
32884	0.0	1.0
32885	0.0	1.0
32886	0.0	1.0
32887	0.0	1.0
32888	0.0	1.0
32889	5.778997724803503e-09	0.9999999942210023
32890	1.2159661133548383e-07	0.9999998784033887
32891	5.862236995834991e-08	0.99999994137763
32892	0.0	1.0
32893	3.0195845823755008e-12	0.9999999999969804
32894	1.3366352469290632e-10	0.9999999998663365
32895	0.0	1.0
32896	1.6344359270448194e-06	0.999998365564073
32897	0.0	1.0
32898	3.804211649871547e-05	0.9999619578835013
32899	0.0	1.0
32900	2.299271883998699e-12	0.9999999999977007
32901	2.220446049250313e-16	0.9999999999999998
32902	1.9166890297128703e-12	0.9999999999980833
32903	2.0349302873867714e-06	0.9999979650697126
32904	0.0	1.0
32905	0.0	1.0
32906	0.0	1.0
32907	0.0	1.0
32908	9.569353765837008e-06	0.9999904306462342
32909	0.0	1.0
32911	0.0	1.0
32912	0.0	1.0
32913	0.0	1.0
32914	0.0	1.0
32915	0.0	1.0
32916	0.0	1.0
32917	0.0	1.0
32918	0.0	1.0
32919	0.0	1.0
32920	5.706546346573305e-14	0.9999999999999429
32921	0.00023271417474723943	0.9997672858252528
32922	7.549516567451064e-15	0.9999999999999925
32923	0.0	1.0
32924	0.0	1.0
32925	0.0	1.0
32926	2.6744961800773126e-09	0.9999999973255038
32927	5.357064537525602e-07	0.9999994642935462
32928	0.0	1.0
32929	0.0	1.0
32930	0.0026112505984663414	0.9973887494015337
32931	7.99353397940017e-06	0.9999920064660206
32932	0.0	1.0
32933	0.0	1.0
32934	0.0	1.0
32935	0.0	1.0
32936	0.0	1.0
32937	0.0	1.0
32938	0.0	1.0
32939	8.881784197001252e-16	0.9999999999999991
32941	4.1794745164747127e-07	0.9999995820525484
32942	0.0	1.0
32943	3.6375751299999592e-09	0.9999999963624249
32944	0.0	1.0
32945	0.0	1.0
32946	0.0	1.0
32947	1.1179066379263247e-06	0.9999988820933621
32948	1.865174681370263e-14	0.9999999999999813
32949	0.0	1.0
32950	0.0	1.0
32951	0.0	1.0
32952	0.0	1.0
32953	0.0	1.0
32954	0.0	1.0
32955	0.0	1.0
32956	5.369571454139077e-11	0.9999999999463043
32957	0.0	1.0
32958	2.3449486796778274e-10	0.9999999997655051
32959	0.0	1.0
32960	0.0	1.0
32961	0.0	1.0
32962	0.0	1.0
32963	0.0	1.0
32964	0.0	1.0
32965	0.0	1.0
32966	0.0	1.0
32967	0.0	1.0
32968	0.0014313668284374748	0.9985686331715625
32969	2.886579864025407e-15	0.9999999999999971
32971	3.452321208907705e-07	0.9999996547678791
32972	0.0	1.0
32973	0.0	1.0
32974	1.1494138973944246e-11	0.9999999999885059
32975	0.0	1.0
32976	4.276578469131209e-08	0.9999999572342153
32977	0.0	1.0
32978	7.061018436615996e-13	0.9999999999992939
32979	0.0	1.0
32980	0.0	1.0
32981	0.0	1.0
32982	0.0	1.0
32983	0.0	1.0
32984	0.0	1.0
32985	0.0	1.0
32986	0.0	1.0
32987	0.0	1.0
32988	0.0	1.0
32989	0.0	1.0
32990	0.0	1.0
32991	0.0	1.0
32992	3.6193270602780103e-14	0.9999999999999638
32993	0.0	1.0
32994	0.0	1.0
32995	0.0	1.0
32996	1.0575695874592839e-10	0.999999999894243
32997	3.6816372173120726e-10	0.9999999996318363
32998	0.0	1.0
32999	1.1546319456101628e-14	0.9999999999999885
33001	0.0	1.0
33002	5.30843624391153e-07	0.9999994691563756
33003	0.0	1.0
33004	0.0	1.0
33005	2.135738252917463e-10	0.9999999997864262
33006	0.0	1.0
33007	0.0	1.0
33008	0.0	1.0
33009	0.0	1.0
33010	0.0	1.0
33011	0.0	1.0
33012	0.0	1.0
33013	0.0	1.0
33014	0.0	1.0
33015	1.9162449405030202e-13	0.9999999999998084
33016	0.0	1.0
33017	0.0	1.0
33018	0.0	1.0
33019	0.0	1.0
33020	0.0	1.0
33021	0.0	1.0
33022	0.0009966608300800983	0.9990033391699199
33023	0.0	1.0
33024	0.0	1.0
33025	0.0	1.0
33026	1.2891994916053306e-08	0.9999999871080051
33027	0.0	1.0
33028	0.014719479103438737	0.9852805208965613
33029	0.0	1.0
33031	0.0	1.0
33032	0.0	1.0
33033	0.0	1.0
33034	0.0	1.0
33035	0.0	1.0
33036	0.0	1.0
33037	7.027267656667391e-12	0.9999999999929727
33038	0.0	1.0
33039	2.0378157339351333e-06	0.9999979621842661
33040	0.0	1.0
33041	0.0	1.0
33042	0.0	1.0
33043	0.0	1.0
33044	0.0	1.0
33045	0.0	1.0
33046	0.0	1.0
33047	0.0	1.0
33048	0.0	1.0
33049	0.0	1.0
33050	0.0	1.0
33051	0.0	1.0
33052	0.0	1.0
33053	0.0	1.0
33054	0.0	1.0
33055	2.8450350963993287e-09	0.9999999971549649
33056	0.0	1.0
33057	0.0	1.0
33058	0.0	1.0
33059	0.0	1.0
33061	0.0	1.0
33062	0.0	1.0
33063	0.0	1.0
33064	0.0	1.0
33065	9.333206250117243e-05	0.9999066679374988
33066	0.0005459079992664595	0.9994540920007335
33067	0.0	1.0
33068	0.0	1.0
33069	0.0	1.0
33070	0.0	1.0
33071	0.0	1.0
33072	0.0	1.0
33073	0.0	1.0
33074	0.0	1.0
33075	0.0	1.0
33076	0.0	1.0
33077	2.6423307986078726e-14	0.9999999999999736
33078	0.0	1.0
33079	0.0	1.0
33080	0.0	1.0
33081	0.0	1.0
33082	0.0	1.0
33083	0.0	1.0
33084	0.0	1.0
33085	0.0	1.0
33086	2.3746852849448885e-05	0.9999762531471506
33087	0.0	1.0
33088	0.0	1.0
33089	0.0	1.0
33091	0.0	1.0
33092	0.0	1.0
33093	1.5065569569649995e-07	0.9999998493443043
33094	0.0	1.0
33095	5.053735208093713e-13	0.9999999999994946
33096	0.0	1.0
33097	0.0	1.0
33098	0.0	1.0
33099	0.0	1.0
33100	0.0	1.0
33101	1.4379772772521449e-07	0.9999998562022723
33102	0.009155596202684801	0.9908444037973152
33103	0.0	1.0
33104	0.0	1.0
33105	0.0	1.0
33106	0.0	1.0
33107	0.0	1.0
33108	1.6922019341336636e-12	0.9999999999983078
33109	0.0	1.0
33110	0.0	1.0
33111	0.0	1.0
33112	1.3988810110276972e-14	0.999999999999986
33113	0.0	1.0
33114	0.0	1.0
33115	0.0	1.0
33116	0.0	1.0
33117	0.0006614516564427131	0.9993385483435573
33118	0.0	1.0
33119	0.0	1.0
33121	0.0	1.0
33122	0.0	1.0
33123	0.0	1.0
33124	0.0	1.0
33125	0.0	1.0
33126	0.0	1.0
33127	0.0	1.0
33128	0.0	1.0
33129	0.0	1.0
33130	0.0	1.0
33131	0.23788002452050383	0.7621199754794962
33132	6.661338147750939e-16	0.9999999999999993
33133	0.0	1.0
33134	0.0	1.0
33135	0.0	1.0
33136	0.0	1.0
33137	0.0	1.0
33138	0.0	1.0
33139	4.2153835977387644e-11	0.9999999999578462
33140	1.0369140702515267e-05	0.9999896308592975
33141	2.1451729281807275e-12	0.9999999999978548
33142	1.7016557773974483e-07	0.9999998298344223
33143	8.881784197001252e-16	0.9999999999999991
33144	0.0	1.0
33145	0.0	1.0
33146	0.0	1.0
33147	0.0	1.0
33148	0.0	1.0
33149	2.779310781519939e-09	0.9999999972206892
33151	0.0	1.0
33152	0.0	1.0
33153	0.0	1.0
33154	0.0	1.0
33155	0.0	1.0
33156	0.0	1.0
33157	0.0	1.0
33158	0.0	1.0
33159	2.411977988447944e-07	0.9999997588022012
33160	0.0	1.0
33161	0.0	1.0
33162	4.399813846589495e-12	0.9999999999956002
33163	0.0	1.0
33164	0.0	1.0
33165	0.0	1.0
33166	3.440350726524599e-07	0.9999996559649273
33167	0.0	1.0
33168	0.0	1.0
33169	0.0	1.0
33170	0.0	1.0
33171	0.0	1.0
33172	0.0	1.0
33173	0.0	1.0
33174	4.3165471197426086e-13	0.9999999999995683
33175	0.0	1.0
33176	0.0	1.0
33177	0.0	1.0
33178	0.004120674106561251	0.9958793258934387
33179	0.0	1.0
33181	6.768430260706282e-11	0.9999999999323157
33182	0.0	1.0
33183	0.0	1.0
33184	0.0	1.0
33185	0.0	1.0
33186	0.0	1.0
33187	0.0	1.0
33188	0.0	1.0
33189	0.0	1.0
33190	0.0	1.0
33191	0.0	1.0
33192	0.0	1.0
33193	1.591289835456422e-07	0.9999998408710165
33194	0.0	1.0
33195	0.0	1.0
33196	0.0	1.0
33197	0.0	1.0
33198	0.0	1.0
33199	0.0	1.0
33200	0.0	1.0
33201	4.440892098500626e-16	0.9999999999999996
33202	0.0	1.0
33203	0.0	1.0
33204	0.0	1.0
33205	2.3788349068354364e-10	0.9999999997621165
33206	0.0	1.0
33207	0.0	1.0
33208	0.0	1.0
33209	0.0	1.0
33211	0.0	1.0
33212	0.0	1.0
33213	0.0	1.0
33214	0.00016937156523577634	0.9998306284347642
33215	0.0	1.0
33216	0.0	1.0
33217	0.0	1.0
33218	0.0	1.0
33219	0.0	1.0
33220	0.0	1.0
33221	0.0	1.0
33222	0.0	1.0
33223	0.0	1.0
33224	0.0	1.0
33225	0.0	1.0
33226	0.0	1.0
33227	7.316073058483141e-08	0.9999999268392694
33228	2.4744749360650076e-08	0.9999999752552506
33229	0.0	1.0
33230	0.0	1.0
33231	0.0	1.0
33232	0.0	1.0
33233	0.0	1.0
33234	0.0	1.0
33235	5.380140777333509e-13	0.999999999999462
33236	0.0	1.0
33237	7.258638134999273e-13	0.9999999999992741
33238	0.0	1.0
33239	5.1672000012104036e-12	0.9999999999948328
33241	4.321178970201345e-10	0.9999999995678821
33242	4.845879253423391e-11	0.9999999999515412
33243	0.0	1.0
33244	0.0	1.0
33245	0.0	1.0
33246	0.0	1.0
33247	9.452727156578078e-09	0.9999999905472728
33248	1.9753651103737724e-07	0.999999802463489
33249	0.0	1.0
33250	0.0	1.0
33251	0.0	1.0
33252	0.0	1.0
33253	0.0	1.0
33254	0.0	1.0
33255	0.0	1.0
33256	0.0	1.0
33257	2.6627589022609754e-12	0.9999999999973372
33258	0.0	1.0
33259	0.0	1.0
33260	0.0	1.0
33261	0.0	1.0
33262	3.907312623485648e-05	0.9999609268737651
33263	0.0	1.0
33264	0.0	1.0
33265	0.0	1.0
33266	9.584463278589084e-08	0.9999999041553672
33267	0.0	1.0
33268	0.0	1.0
33269	0.0	1.0
33271	0.0	1.0
33272	0.0	1.0
33273	0.0	1.0
33274	0.0	1.0
33275	0.0	1.0
33276	0.0	1.0
33277	0.0	1.0
33278	0.0	1.0
33279	0.0	1.0
33280	0.0	1.0
33281	4.6851411639181606e-14	0.9999999999999531
33282	0.0	1.0
33283	0.0	1.0
33284	9.692580071885004e-11	0.9999999999030742
33285	0.0	1.0
33286	0.0	1.0
33287	1.7770229732150256e-12	0.999999999998223
33288	0.0	1.0
33289	0.0	1.0
33290	0.0	1.0
33291	0.0	1.0
33292	0.0	1.0
33293	1.7592985345205037e-05	0.9999824070146548
33294	0.0	1.0
33295	0.0	1.0
33296	0.0	1.0
33297	0.0	1.0
33298	0.0	1.0
33299	0.0	1.0
33301	0.0	1.0
33302	1.021405182655144e-14	0.9999999999999898
33303	0.0	1.0
33304	0.0	1.0
33305	0.0	1.0
33306	0.0	1.0
33307	0.0	1.0
33308	0.0	1.0
33309	0.0	1.0
33310	0.0	1.0
33311	2.6645352591003757e-15	0.9999999999999973
33312	0.0	1.0
33313	0.0	1.0
33314	1.2230839447902042e-06	0.9999987769160552
33315	0.0	1.0
33316	0.0	1.0
33317	0.0	1.0
33318	0.0	1.0
33319	0.0	1.0
33320	0.0	1.0
33321	0.0	1.0
33322	0.0	1.0
33323	5.773159728050814e-15	0.9999999999999942
33324	0.0	1.0
33325	0.0	1.0
33326	0.0	1.0
33327	0.0	1.0
33328	4.692759725255513e-07	0.9999995307240275
33329	2.74603720107347e-06	0.9999972539627989
33331	0.0	1.0
33332	9.958700530887654e-13	0.9999999999990041
33333	0.0	1.0
33334	0.0	1.0
33335	1.0496181701569185e-10	0.9999999998950382
33336	0.0	1.0
33337	4.116507135165648e-10	0.9999999995883493
33338	0.0	1.0
33339	0.0	1.0
33340	0.0	1.0
33341	0.0	1.0
33342	0.0	1.0
33343	0.0	1.0
33344	0.0	1.0
33345	0.0	1.0
33346	0.0	1.0
33347	0.0	1.0
33348	0.0	1.0
33349	0.0	1.0
33350	0.0	1.0
33351	0.0	1.0
33352	0.0	1.0
33353	1.1966847971112138e-05	0.9999880331520289
33354	0.0	1.0
33355	0.0	1.0
33356	0.0	1.0
33357	0.0	1.0
33358	0.0	1.0
33359	2.530032917613667e-06	0.9999974699670824
33361	0.0	1.0
33362	0.0	1.0
33363	0.0	1.0
33364	0.0	1.0
33365	0.0	1.0
33366	0.0	1.0
33367	0.0	1.0
33368	8.039475996035605e-08	0.99999991960524
33369	0.0	1.0
33370	0.0	1.0
33371	0.0	1.0
33372	0.0	1.0
33373	0.0	1.0
33374	0.0	1.0
33375	3.4616975952417306e-11	0.999999999965383
33376	0.0	1.0
33377	1.2885476974311416e-07	0.9999998711452303
33378	0.0	1.0
33379	3.2891467327544888e-12	0.9999999999967109
33380	0.0	1.0
33381	0.0	1.0
33382	0.0	1.0
33383	0.0	1.0
33384	0.9999999975671351	2.4328649421361533e-09
33385	2.326361325799553e-12	0.9999999999976736
33386	0.0	1.0
33387	0.0	1.0
33388	0.0	1.0
33389	0.0	1.0
33391	0.5844161309905967	0.41558386900940325
33392	0.0	1.0
33393	0.0	1.0
33394	0.0	1.0
33395	0.0	1.0
33396	0.0	1.0
33397	0.0	1.0
33398	4.440892098500626e-16	0.9999999999999996
33399	0.9994880410636356	0.0005119589363643202
33400	0.0	1.0
33401	0.0	1.0
33402	0.0	1.0
33403	0.0	1.0
33404	0.0	1.0
33405	0.0	1.0
33406	1.3037835255858e-09	0.9999999986962165
33407	0.0	1.0
33408	0.0	1.0
33409	0.0	1.0
33410	0.0	1.0
33411	0.0	1.0
33412	0.0	1.0
33413	0.0	1.0
33414	0.0	1.0
33415	1.3322676295501878e-15	0.9999999999999987
33416	0.0	1.0
33417	0.0	1.0
33418	1.0	8.567085603086944e-30
33419	3.552713678800501e-15	0.9999999999999964
33421	0.0	1.0
33422	0.0	1.0
33423	2.2957965639669453e-08	0.9999999770420344
33424	0.0	1.0
33425	0.0	1.0
33426	0.0	1.0
33427	0.0	1.0
33428	1.83956405663821e-10	0.9999999998160436
33429	0.0	1.0
33430	0.0	1.0
33431	0.027304069955051302	0.9726959300449487
33432	0.0	1.0
33433	0.0	1.0
33434	0.0	1.0
33435	0.0	1.0
33436	2.114490104121458e-07	0.9999997885509896
33437	0.0	1.0
33438	0.0	1.0
33439	0.0	1.0
33440	0.0	1.0
33441	0.0	1.0
33442	0.0	1.0
33443	0.0	1.0
33444	0.0	1.0
33445	0.0	1.0
33446	0.0	1.0
33447	0.0	1.0
33448	0.0	1.0
33449	0.0	1.0
33451	0.0	1.0
33452	0.0	1.0
33453	0.0	1.0
33454	0.0	1.0
33455	0.0	1.0
33456	4.8841819477729587e-11	0.9999999999511582
33457	6.235012506294879e-13	0.9999999999993765
33458	6.370015626089298e-10	0.9999999993629984
33459	3.1885605267234496e-13	0.9999999999996811
33460	0.0	1.0
33461	0.0	1.0
33462	0.0	1.0
33463	0.0	1.0
33464	0.0	1.0
33465	0.0	1.0
33466	0.0	1.0
33467	1.297184581972033e-12	0.9999999999987028
33468	8.407761487028154e-09	0.9999999915922385
33469	0.0	1.0
33470	0.0	1.0
33471	0.0	1.0
33472	0.0	1.0
33473	0.0	1.0
33474	0.0	1.0
33475	0.0	1.0
33476	0.0	1.0
33477	1.2449177311246729e-07	0.9999998755082269
33478	0.0	1.0
33479	0.0	1.0
33481	0.0	1.0
33482	0.0	1.0
33483	0.0	1.0
33484	0.0	1.0
33485	0.0	1.0
33486	0.0	1.0
33487	0.0	1.0
33488	0.0	1.0
33489	0.0	1.0
33490	0.0	1.0
33491	1.4818479776579352e-10	0.9999999998518152
33492	0.0	1.0
33493	0.0	1.0
33494	1.5858891977416079e-10	0.9999999998414111
33495	4.455702473649126e-11	0.999999999955443
33496	0.0	1.0
33497	0.0	1.0
33498	0.0	1.0
33499	0.0	1.0
33500	0.0	1.0
33501	0.0	1.0
33502	0.0	1.0
33503	0.0	1.0
33504	0.0	1.0
33505	0.0	1.0
33506	0.0	1.0
33507	0.0	1.0
33508	0.0	1.0
33509	0.0	1.0
33511	0.0	1.0
33512	0.0	1.0
33513	0.0	1.0
33514	0.0	1.0
33515	0.0	1.0
33516	0.0	1.0
33517	0.0	1.0
33518	2.9155997276486545e-06	0.9999970844002724
33519	0.0	1.0
33520	0.0	1.0
33521	2.398081733190338e-14	0.999999999999976
33522	0.0	1.0
33523	0.0	1.0
33524	0.0	1.0
33525	0.0	1.0
33526	0.0	1.0
33527	0.0	1.0
33528	0.0	1.0
33529	0.0	1.0
33530	0.0	1.0
33531	0.0	1.0
33532	0.0	1.0
33533	0.0	1.0
33534	0.0	1.0
33535	5.258016244624741e-13	0.9999999999994742
33536	0.0	1.0
33537	0.0	1.0
33538	1.2231435633225374e-06	0.9999987768564367
33539	0.0	1.0
33541	8.176182886288075e-08	0.9999999182381711
33542	2.220446049250313e-16	0.9999999999999998
33543	1.919064906985568e-10	0.9999999998080935
33544	0.0	1.0
33545	0.0	1.0
33546	0.0	1.0
33547	0.0	1.0
33548	8.659739592076221e-15	0.9999999999999913
33549	0.0	1.0
33550	0.0	1.0
33551	0.0	1.0
33552	5.773159728050814e-15	0.9999999999999942
33553	0.0	1.0
33554	1.8069041467505542e-06	0.9999981930958532
33555	0.0	1.0
33556	0.0	1.0
33557	0.0	1.0
33558	1.3081691285776742e-10	0.9999999998691831
33559	0.0	1.0
33560	0.0	1.0
33561	0.0	1.0
33562	0.0	1.0
33563	2.220446049250313e-16	0.9999999999999998
33564	0.0	1.0
33565	0.0	1.0
33566	0.0	1.0
33567	1.478031615986808e-07	0.9999998521968384
33568	1.7389701345571495e-08	0.9999999826102987
33569	0.00010502797226996652	0.99989497202773
33571	3.9968028886505635e-15	0.999999999999996
33572	0.0	1.0
33573	0.0	1.0
33574	0.0	1.0
33575	0.0	1.0
33576	0.0	1.0
33577	0.0	1.0
33578	0.0	1.0
33579	0.0	1.0
33580	0.0	1.0
33581	0.0	1.0
33582	0.0	1.0
33583	0.0	1.0
33584	0.0	1.0
33585	0.0	1.0
33586	0.0	1.0
33587	0.0	1.0
33588	0.0	1.0
33589	0.0	1.0
33590	0.0	1.0
33591	0.0	1.0
33592	0.0	1.0
33593	0.0	1.0
33594	0.0	1.0
33595	0.0	1.0
33596	0.0	1.0
33597	0.0	1.0
33598	1.361932788768172e-09	0.9999999986380672
33599	0.0	1.0
33601	0.0	1.0
33602	2.0963231150972206e-12	0.9999999999979037
33603	0.0	1.0
33604	0.0	1.0
33605	0.0	1.0
33606	0.0	1.0
33607	0.0	1.0
33608	0.0	1.0
33609	0.0	1.0
33610	0.0	1.0
33611	0.0	1.0
33612	0.0	1.0
33613	0.0	1.0
33614	0.0	1.0
33615	0.0	1.0
33616	0.0	1.0
33617	0.0	1.0
33618	0.0	1.0
33619	0.07582986279854487	0.9241701372014551
33620	0.0	1.0
33621	0.0	1.0
33622	2.4958923816598144e-11	0.9999999999750411
33623	2.4069635173873394e-13	0.9999999999997593
33624	0.0	1.0
33625	4.5173531582065607e-10	0.9999999995482647
33626	0.0	1.0
33627	0.0	1.0
33628	0.0	1.0
33629	0.0	1.0
33631	0.0	1.0
33632	0.0	1.0
33633	0.0	1.0
33634	4.906853900976671e-08	0.999999950931461
33635	0.0	1.0
33636	0.0	1.0
33637	0.0	1.0
33638	0.0	1.0
33639	0.0	1.0
33640	8.881784197001252e-16	0.9999999999999991
33641	0.0	1.0
33642	0.0	1.0
33643	6.08132822432772e-07	0.9999993918671776
33644	2.5768498446154808e-11	0.9999999999742315
33645	0.0	1.0
33646	0.0	1.0
33647	0.0	1.0
33648	0.0	1.0
33649	0.6670257302439973	0.33297426975600275
33650	0.0	1.0
33651	0.0	1.0
33652	0.0	1.0
33653	8.881784197001252e-16	0.9999999999999991
33654	0.0	1.0
33655	0.0	1.0
33656	0.0	1.0
33657	0.0	1.0
33658	0.0	1.0
33659	0.0	1.0
33661	0.0	1.0
33662	1.9695356456850277e-13	0.999999999999803
33663	0.0	1.0
33664	0.0	1.0
33665	0.0	1.0
33666	0.0	1.0
33667	0.0	1.0
33668	0.0	1.0
33669	5.4360960177746165e-11	0.999999999945639
33670	0.0	1.0
33671	0.0	1.0
33672	0.0	1.0
33673	0.0	1.0
33674	0.0	1.0
33675	2.9753977059954195e-14	0.9999999999999702
33676	0.0	1.0
33677	0.0	1.0
33678	0.0	1.0
33679	0.0	1.0
33680	0.0	1.0
33681	0.0	1.0
33682	2.220446049250313e-16	0.9999999999999998
33683	0.0	1.0
33684	0.0	1.0
33685	0.0	1.0
33686	0.0	1.0
33687	0.0	1.0
33688	0.0	1.0
33689	0.0	1.0
33691	0.0	1.0
33692	0.0	1.0
33693	0.0	1.0
33694	0.0	1.0
33695	0.0	1.0
33696	0.0	1.0
33697	0.0	1.0
33698	0.0	1.0
33699	0.0	1.0
33700	0.0	1.0
33701	0.0	1.0
33702	0.0	1.0
33703	0.0	1.0
33704	0.0	1.0
33705	0.0	1.0
33706	0.0	1.0
33707	0.0	1.0
33708	0.0	1.0
33709	0.0	1.0
33710	1.809080663051077e-09	0.9999999981909193
33711	0.0	1.0
33712	0.0	1.0
33713	0.0	1.0
33714	0.01320401352676015	0.9867959864732399
33715	1.3322676295501878e-15	0.9999999999999987
