mean	std
-0.23989310338636385	0.31547950829737315
