best_profit	one_std_profit
97515.03198863937	70816.35101241225
