best_profit	one_std_profit
132963.4650095779	83299.84032985498
