action	min_reward	mean_reward	max_reward
0	0.0	1.21539518858454	6.564312482579681
1	0.0	0.05911773060768286	0.1773531918230486
2	0.0	0.09943425578518973	0.2983027673555692
