strategy	regret
uniform	757.4127969254024
just-0	0.0
just-1	1156.277457976857
just-2	1115.9609327993503
actual	6.816715172328623
